log_amount,amount,oldbalanceOrg,newbalanceOrig,oldbalanceDest,newbalanceDest,errorBalanceOrig,errorBalanceDest,orig_balance_delta,dest_balance_delta,amount_to_oldOrg_ratio,zero_dest_balance,hour_of_day,type_CASH_IN,type_CASH_OUT,type_DEBIT,type_PAYMENT,type_TRANSFER,isFraud
7.776715381048202,2383.43,104.0,0.0,5412634.75,5415018.19,2279.43,-0.010000000707805157,104.0,2383.44000000041,22.699333333333332,0,22,0,0,1,0,0,0
10.69487130864266,44127.95,0.0,0.0,0.0,0.0,44127.95,44127.95,0.0,0.0,44127.95,1,10,0,0,0,1,0,0
10.11590255826662,24732.22,2794.0,0.0,0.0,0.0,21938.22,24732.22,2794.0,0.0,8.84873703041145,1,12,0,0,0,1,0,0
7.126087273299125,1243.0,31320.0,30077.0,0.0,0.0,0.0,1243.0,1243.0,0.0,0.03968583378563903,1,10,0,0,0,1,0,0
11.829435927346344,137232.06,0.0,0.0,1403862.95,1541095.01,137232.06,0.0,0.0,137232.06000000006,137232.06,0,16,0,1,0,0,0,0
14.384042518433061,1765672.07,0.0,0.0,5251788.9,7017460.97,1765672.07,9.313225746154785e-10,0.0,1765672.0699999994,1765672.07,0,13,0,0,0,0,1,0
12.25809410723954,210678.67,0.0,0.0,645453.49,856132.16,210678.67,0.0,0.0,210678.67000000004,210678.67,0,16,0,1,0,0,0,0
14.792666014592552,2656886.85,30205.74,0.0,10481028.18,13137915.03,2626681.11,0.0,30205.74,2656886.8499999996,87.95675567770637,0,14,0,0,0,0,1,0
9.833040946317267,18638.55,198505.75,217144.3,2324868.71,2306230.16,37277.09999999998,37277.09999999963,-18638.54999999999,-18638.549999999814,0.09389378446828633,0,18,1,0,0,0,0,0
11.470194879414962,95815.95,0.0,0.0,3717812.92,3813628.87,95815.95,0.0,0.0,95815.95000000019,95815.95,0,19,0,1,0,0,0,0
11.52681288678464,101397.43,464660.13,566057.55,270465.85,169068.42,202794.84999999998,202794.85999999996,-101397.42000000004,-101397.42999999996,0.21821801621323478,0,19,1,0,0,0,0,0
9.546040167484417,13988.19,98459.99,84471.8,0.0,0.0,0.0,13988.19,13988.190000000002,0.0,0.14206834605258387,1,19,0,0,0,1,0,0
9.405468737060406,12153.67,0.0,0.0,0.0,0.0,12153.67,12153.67,0.0,0.0,12153.67,1,13,0,0,0,1,0,0
11.821633754062628,136165.51,0.0,0.0,282925.72,419091.23,136165.51,0.0,0.0,136165.51,136165.51,0,20,0,1,0,0,0,0
12.23420562594547,205705.49,83557.0,0.0,935906.96,1141612.44,122148.48999999999,0.010000000009313226,83557.0,205705.47999999998,2.4618287895832833,0,9,0,1,0,0,0,0
11.976336598892805,158947.67,305914.0,464861.67,36480.0,691630.83,317895.33999999997,-496203.1599999999,-158947.66999999998,655150.83,0.5195811581648497,0,12,1,0,0,0,0,0
7.6191548662591675,2035.84,0.0,0.0,0.0,0.0,2035.84,2035.84,0.0,0.0,2035.84,1,16,0,0,0,1,0,0
12.453501585066752,256144.67,24470461.21,24726605.88,286576.11,30431.43,512289.33999999985,512289.35000000003,-256144.66999999806,-256144.68,0.010467504365133117,0,19,1,0,0,0,0,0
12.695292884809273,326207.78,5953253.16,6279460.93,387897.68,61689.9,652415.5499999998,652415.5599999999,-326207.76999999955,-326207.77999999997,0.054794868694132824,0,23,1,0,0,0,0,0
8.319800229422963,4103.34,32001.0,27897.66,0.0,0.0,0.0,4103.34,4103.34,0.0,0.1282213611649272,1,20,0,0,0,1,0,0
9.56359035743488,14235.87,0.0,0.0,0.0,0.0,14235.87,14235.87,0.0,0.0,14235.87,1,15,0,0,0,1,0,0
12.741144274855387,341513.11,103199.0,444712.11,1054573.17,713060.07,683026.22,683026.2099999998,-341513.11,-341513.1,3.3092355620155036,0,13,1,0,0,0,0,0
6.849617562252194,942.52,0.0,0.0,0.0,0.0,942.52,942.52,0.0,0.0,942.52,1,17,0,0,0,1,0,0
9.116514190501444,9103.41,196092.0,186988.59,0.0,0.0,0.0,9103.41,9103.410000000003,0.0,0.04642394170113161,1,14,0,0,0,1,0,0
9.786074698354128,17783.36,158.0,0.0,0.0,0.0,17625.36,17783.36,158.0,0.0,111.84503144654089,1,18,0,0,0,1,0,0
12.760564241475448,348210.12,81822.0,0.0,800086.27,1148296.4,266388.12,-0.009999999776482582,81822.0,348210.1299999999,4.255650856116251,0,12,0,1,0,0,0,0
12.252513242102365,209506.17,21484.0,230990.17,198933.11,0.0,419012.34,408439.28,-209506.17,-198933.11,9.751276239236677,0,10,1,0,0,0,0,0
12.719559375410434,334220.55,11251.0,345471.55,446594.5,112373.95,668441.1,668441.1000000001,-334220.55,-334220.55,29.703212762175614,0,14,1,0,0,0,0,0
10.604891303614039,40330.63,0.0,0.0,964107.1,1004437.73,40330.63,0.0,0.0,40330.630000000005,40330.63,0,12,0,1,0,0,0,0
12.377741033288059,237455.81,397487.42,160031.61,954847.47,1192303.28,0.0,0.0,237455.81,237455.81000000006,0.5973905101436666,0,18,0,0,0,0,1,0
13.04112848436014,460987.55,0.0,0.0,1204955.92,1665943.46,460987.55,0.010000000009313226,0.0,460987.54000000004,460987.55,0,19,0,0,0,0,1,0
11.62628084634946,112001.99,100224.0,212225.99,34964.9,0.0,224003.97999999998,146966.89,-112001.98999999999,-34964.9,1.1175055125966575,0,9,1,0,0,0,0,0
11.731187440758806,124390.29,4684322.71,4808713.0,1630049.63,1505659.34,248780.58000000007,248780.57999999984,-124390.29000000004,-124390.2899999998,0.026554588815980867,0,19,1,0,0,0,0,0
12.367267258507798,234981.72,0.0,0.0,3891757.06,4126738.79,234981.72,-0.009999999776482582,0.0,234981.72999999998,234981.72,0,20,0,1,0,0,0,0
11.336528204825035,83827.49,0.0,0.0,1355957.08,1439784.57,83827.49,0.0,0.0,83827.48999999999,83827.49,0,13,0,1,0,0,0,0
7.748494535814939,2317.08,0.0,0.0,0.0,0.0,2317.08,2317.08,0.0,0.0,2317.08,1,23,0,0,0,1,0,0
11.496669347367442,98386.53,0.0,0.0,374422.79,472809.32,98386.53,-5.820766091346741e-11,0.0,98386.53000000003,98386.53,0,17,0,1,0,0,0,0
9.945519215112872,20857.55,375254.03,354396.48,0.0,0.0,-5.820766091346741e-11,20857.55,20857.550000000047,0.0,0.05558233290037444,1,20,0,0,0,1,0,0
13.049672935464372,464943.32,0.0,0.0,1939256.15,2404199.47,464943.32,-4.656612873077393e-10,0.0,464943.3200000003,464943.32,0,21,0,0,0,0,1,0
9.409655057563276,12204.66,0.0,0.0,0.0,0.0,12204.66,12204.66,0.0,0.0,12204.66,1,14,0,0,0,1,0,0
11.109236179155884,66784.16,55227.0,0.0,1042113.82,1108897.98,11557.160000000003,0.0,55227.0,66784.16000000003,1.209244586079525,0,19,0,1,0,0,0,0
11.789647848838674,131879.02,48694.0,0.0,614549.0,746428.02,83185.01999999999,0.0,48694.0,131879.02000000002,2.708266146421604,0,23,0,0,0,0,1,0
8.642203381497078,5664.8,4250612.71,4256277.51,4947209.05,4941544.25,11329.599999999627,11329.599999999627,-5664.799999999814,-5664.799999999814,0.0013327016723897972,0,14,1,0,0,0,0,0
11.966637923284312,157413.53,9046792.77,9204206.31,1697223.4,1539809.87,314827.0700000003,314827.0599999998,-157413.54000000097,-157413.5299999998,0.017399924658611954,0,12,1,0,0,0,0,0
12.459924086205191,257795.06,311807.85,569602.91,915422.05,657626.99,515590.12,515590.1200000001,-257795.06000000006,-257795.06000000006,0.826772748752962,0,13,1,0,0,0,0,0
7.831533906462194,2517.79,0.0,0.0,0.0,0.0,2517.79,2517.79,0.0,0.0,2517.79,1,17,0,0,0,1,0,0
12.435232661568655,251507.65,0.0,0.0,1523773.81,1775281.46,251507.65,0.0,0.0,251507.6499999999,251507.65,0,18,0,1,0,0,0,0
10.7457426481018,46430.93,36815.0,0.0,126657.45,173088.38,9615.93,0.0,36815.0,46430.93000000001,1.261161723163842,0,20,0,1,0,0,0,0
9.804589443805956,18115.7,0.0,0.0,0.0,0.0,18115.7,18115.7,0.0,0.0,18115.7,1,17,0,0,0,1,0,0
11.86199382204085,141773.61,0.0,0.0,3701765.17,3843538.78,141773.61,0.0,0.0,141773.60999999987,141773.61,0,13,0,1,0,0,0,0
11.183284362929863,71917.18,26590.0,0.0,136732.37,208649.54,45327.17999999999,0.009999999980209395,26590.0,71917.17000000001,2.7045684630138016,0,20,0,1,0,0,0,0
11.656465392199593,115434.29,23555290.04,23670724.34,1429281.91,1313847.61,230868.58999999985,230868.58999999985,-115434.30000000075,-115434.29999999981,0.004900567341918099,0,11,1,0,0,0,0,0
12.785679222329987,357066.18,10027.0,0.0,0.0,357066.18,347039.18,0.0,10027.0,357066.18,35.60691862784204,0,11,0,1,0,0,0,0
10.84033592073305,51037.52,0.0,0.0,658641.69,709679.21,51037.52,0.0,0.0,51037.52000000002,51037.52,0,10,0,1,0,0,0,0
11.467361934614557,95544.89,147.0,0.0,1105046.47,1200591.36,95397.89,-2.3283064365386963e-10,147.0,95544.89000000013,645.5735810810811,0,14,0,1,0,0,0,0
12.578750064146405,290322.2,5252697.14,5543019.34,482845.48,192523.28,580644.4000000004,580644.3999999999,-290322.2000000002,-290322.19999999995,0.055271061131260825,0,20,1,0,0,0,0,0
9.186551650752898,9763.92,30800.0,21036.08,761833.84,771597.75,0.0,0.010000000009313226,9763.919999999998,9763.910000000033,0.3170000973994351,0,12,0,0,1,0,0,0
11.0723100603117,64363.02,22859.0,87222.02,112606.01,48242.99,128726.04000000001,128726.04000000001,-64363.020000000004,-64363.02,2.815530183727034,0,14,1,0,0,0,0,0
11.853722905824043,140605.84,0.0,0.0,3582681.02,3723286.87,140605.84,-0.01000000024214387,0.0,140605.8500000001,140605.84,0,19,0,1,0,0,0,0
10.066541763745082,23541.01,0.0,0.0,873452.16,896993.17,23541.01,0.0,0.0,23541.01000000001,23541.01,0,12,0,1,0,0,0,0
10.39500068486973,32694.76,0.0,0.0,0.0,0.0,32694.76,32694.76,0.0,0.0,32694.76,1,10,0,0,0,1,0,0
6.584072902289314,722.48,4239225.02,4238502.54,0.0,0.0,9.313225746154785e-10,722.48,722.4799999995157,0.0,0.0001704273366391538,1,9,0,0,0,1,0,0
11.305644928113237,81278.16,1140.0,82418.16,25621.04,0.0,162556.32,106899.20000000001,-81278.16,-25621.04,71.23414548641543,0,10,1,0,0,0,0,0
9.667119440925012,15788.8,142305.65,126516.84,0.0,0.0,-0.010000000009313226,15788.8,15788.809999999998,0.0,0.11094913695178686,1,14,0,0,0,1,0,0
12.476736831692852,262165.96,0.0,0.0,643844.55,906010.51,262165.96,0.0,0.0,262165.95999999996,262165.96,0,17,0,1,0,0,0,0
11.216313237109306,74332.22,0.0,0.0,145711.84,220044.07,74332.22,-0.010000000009313226,0.0,74332.23000000001,74332.22,0,12,0,1,0,0,0,0
11.9833422588517,160065.12,0.0,0.0,974890.49,1134955.6,160065.12,0.009999999776482582,0.0,160065.1100000001,160065.12,0,9,0,1,0,0,0,0
12.55923328151619,284710.96,3200600.08,3485311.03,1110828.63,826117.67,569421.9099999997,569421.9199999998,-284710.9499999997,-284710.95999999985,0.0889554658276876,0,23,1,0,0,0,0,0
5.621161445967864,275.21,0.0,0.0,0.0,0.0,275.21,275.21,0.0,0.0,275.21,1,17,0,0,0,1,0,0
11.949929484805972,154805.23,232402.21,387207.44,182925.36,28120.13,309610.4600000001,309610.45999999996,-154805.23,-154805.22999999998,0.6661062469834217,0,21,1,0,0,0,0,0
7.541035675494052,1882.78,9457.0,7574.22,0.0,0.0,0.0,1882.78,1882.7799999999997,0.0,0.19906745612180166,1,22,0,0,0,1,0,0
11.793332135753673,132365.8,7472.0,0.0,0.0,132365.8,124893.79999999999,0.0,7472.0,132365.8,17.712538471831927,0,19,0,1,0,0,0,0
10.96556517073957,57846.48,3244680.23,3302526.71,931326.06,873479.57,115692.95999999996,115692.97000000009,-57846.47999999998,-57846.49000000011,0.01782809339332234,0,17,1,0,0,0,0,0
12.167603765679392,192451.33,0.0,0.0,202994.49,395445.82,192451.33,-5.820766091346741e-11,0.0,192451.33000000002,192451.33,0,13,0,1,0,0,0,0
5.886714955908912,359.22,0.0,0.0,0.0,0.0,359.22,359.22,0.0,0.0,359.22,1,14,0,0,0,1,0,0
10.659096020150995,42577.13,0.0,0.0,419900.21,462477.34,42577.13,0.0,0.0,42577.130000000005,42577.13,0,10,0,0,0,0,1,0
8.539913127852486,5113.9,2741.24,0.0,0.0,0.0,2372.66,5113.9,2741.24,0.0,1.8648623023513624,1,17,0,0,0,1,0,0
11.930860828563107,151881.25,0.0,0.0,343471.96,495353.21,151881.25,0.0,0.0,151881.25,151881.25,0,13,0,1,0,0,0,0
13.48619341053189,719413.82,0.0,0.0,2144635.25,3263949.16,719413.82,-399900.0900000003,0.0,1119313.9100000001,719413.82,0,21,0,0,0,0,1,0
13.257662419315915,572438.55,9956.23,0.0,1206944.1,1779382.64,562482.3200000001,0.01000000024214387,9956.23,572438.5399999998,57.489738612043716,0,23,0,0,0,0,1,0
10.411866285104061,33250.87,170352.8,137101.92,0.0,0.0,-0.009999999980209395,33250.87,33250.879999999976,0.0,0.19518713407038765,1,18,0,0,0,1,0,0
12.426525179302361,249327.15,0.0,0.0,3595294.42,3844621.57,249327.15,0.0,0.0,249327.1499999999,249327.15,0,15,0,1,0,0,0,0
13.836836387344025,1021553.85,12589.0,0.0,0.0,1021553.85,1008964.85,0.0,12589.0,1021553.85,81.14009928514695,0,19,0,0,0,0,1,0
11.912271623766863,149083.96,0.0,0.0,203630.54,352714.51,149083.96,-0.010000000009313226,0.0,149083.97,149083.96,0,12,0,1,0,0,0,0
12.347390941376107,230357.24,37733.0,0.0,1438.45,231795.69,192624.24,0.0,37733.0,230357.24,6.104765993533683,0,16,0,1,0,0,0,0
12.658647459008423,314470.1,144987.0,0.0,2371495.8,2685965.9,169483.09999999998,0.0,144987.0,314470.1000000001,2.1689388087289982,0,16,0,1,0,0,0,0
11.277215789596893,79000.0,0.0,79000.0,0.0,0.0,158000.0,79000.0,-79000.0,0.0,79000.0,1,15,1,0,0,0,0,0
12.959246504468119,424744.95,125784.0,0.0,1360529.56,1785274.51,298960.95,0.0,125784.0,424744.94999999995,3.376753587470684,0,16,0,1,0,0,0,0
9.125021017254628,9181.19,0.0,0.0,0.0,0.0,9181.19,9181.19,0.0,0.0,9181.19,1,15,0,0,0,1,0,0
10.026136065869322,22608.74,5705.0,0.0,0.0,0.0,16903.74,22608.74,5705.0,0.0,3.962274798457764,1,12,0,0,0,1,0,0
9.47780085938124,13065.42,0.0,0.0,0.0,0.0,13065.42,13065.42,0.0,0.0,13065.42,1,15,0,0,0,1,0,0
12.973615751424202,430892.29,105016.0,0.0,1160033.66,1590925.95,325876.29,0.0,105016.0,430892.29000000004,4.10307178837712,0,10,0,1,0,0,0,0
8.560461471338975,5220.09,196281.26,191061.17,0.0,0.0,0.0,5220.09,5220.0899999999965,0.0,0.026594813000420926,1,14,0,0,0,1,0,0
8.394189049474686,4420.3,0.0,0.0,0.0,0.0,4420.3,4420.3,0.0,0.0,4420.3,1,19,0,0,0,1,0,0
12.301307958895713,219982.53,38836.0,0.0,0.0,141750.05,181146.53,78232.48000000001,38836.0,141750.05,5.664251358240853,0,15,0,1,0,0,0,0
11.2818289978905,79365.29,21620.0,0.0,235772.81,315138.1,57745.28999999999,0.0,21620.0,79365.28999999998,3.670750196568151,0,20,0,1,0,0,0,0
11.763389743086982,128461.17,0.0,0.0,6419637.23,6548098.41,128461.17,-0.009999999776482582,0.0,128461.1799999997,128461.17,0,16,0,1,0,0,0,0
10.896057055816305,53962.17,104507.0,50544.83,339186.22,393148.39,0.0,-5.820766091346741e-11,53962.17,53962.17000000004,0.5163448731197612,0,16,0,1,0,0,0,0
12.029788049563393,167674.87,20044.0,187718.87,0.0,0.0,335349.74,167674.87,-167674.87,0.0,8.364922424544774,1,19,1,0,0,0,0,0
15.303660424614273,4428892.89,23201.0,0.0,277749.3,4706642.2,4405691.89,-0.010000000707805157,23201.0,4428892.9,190.88410007757952,0,12,0,0,0,0,1,0
9.81563509466439,18316.92,0.0,0.0,0.0,0.0,18316.92,18316.92,0.0,0.0,18316.92,1,9,0,0,0,1,0,0
12.501321207265994,268691.05,0.0,0.0,3058078.53,3326769.58,268691.05,-4.656612873077393e-10,0.0,268691.0500000003,268691.05,0,20,0,1,0,0,0,0
11.860142554069572,141511.39,0.0,0.0,1213034.48,1354545.86,141511.39,0.010000000009313226,0.0,141511.38000000012,141511.39,0,16,0,1,0,0,0,0
13.38035418454172,647162.46,498.0,0.0,0.0,647162.46,646664.46,0.0,498.0,647162.46,1296.91875751503,0,14,0,0,0,0,1,0
8.966137879533946,7832.29,0.0,0.0,0.0,0.0,7832.29,7832.29,0.0,0.0,7832.29,1,18,0,0,0,1,0,0
11.5872007731225,107709.33,11406.0,0.0,3198706.42,3306415.75,96303.33,0.0,11406.0,107709.33000000007,9.442388884018586,0,9,0,1,0,0,0,0
11.881293645761247,144536.41,0.0,0.0,1479195.38,1623731.79,144536.41,-2.3283064365386963e-10,0.0,144536.41000000015,144536.41,0,18,0,0,0,0,1,0
9.452606319281708,12740.33,166825.98,154085.65,0.0,0.0,-2.9103830456733704e-11,12740.33,12740.330000000016,0.0,0.0763685226454378,1,17,0,0,0,1,0,0
9.352083828116466,11521.81,0.0,0.0,0.0,0.0,11521.81,11521.81,0.0,0.0,11521.81,1,11,0,0,0,1,0,0
13.944310813890734,1137461.9,2433.0,0.0,5678461.61,6815923.51,1135028.9,0.0,2433.0,1137461.8999999994,467.32206244864415,0,16,0,0,0,0,1,0
12.873066797611408,389673.4,0.0,0.0,3071306.12,3460979.52,389673.4,0.0,0.0,389673.3999999999,389673.4,0,20,0,0,0,0,1,0
10.101019919502077,24366.85,0.0,0.0,0.0,0.0,24366.85,24366.85,0.0,0.0,24366.85,1,14,0,0,0,1,0,0
12.151480600452862,189373.27,30524.39,0.0,1992300.76,2181674.03,158848.88,0.0,30524.39,189373.2699999998,6.20379526682542,0,21,0,1,0,0,0,0
8.04281842264472,3110.37,3787.81,677.44,0.0,0.0,0.0,3110.37,3110.37,0.0,0.8209358611279003,1,21,0,0,0,1,0,0
12.297971604640376,219249.81,205101.0,0.0,157687.19,376937.0,14148.809999999998,0.0,205101.0,219249.81,1.0689793858665444,0,11,0,1,0,0,0,0
9.70387313235211,16379.93,8061.0,0.0,0.0,0.0,8318.93,16379.93,8061.0,0.0,2.0317452245100474,1,20,0,0,0,1,0,0
12.285445913794527,216520.67,0.0,0.0,412387.41,628908.08,216520.67,0.0,0.0,216520.66999999998,216520.67,0,18,0,1,0,0,0,0
10.071480696145395,23657.57,434528.47,410870.9,0.0,0.0,5.820766091346741e-11,23657.57,23657.56999999995,0.0,0.05444410939492781,1,16,0,0,0,1,0,0
13.834690609147216,1019364.17,5045.14,0.0,1334098.07,2353462.24,1014319.03,0.0,5045.14,1019364.1700000002,202.0086977372804,0,23,0,0,0,0,1,0
11.897575365295584,146908.99,20823.0,167731.99,567890.43,412561.01,293817.98,302238.41000000003,-146908.99,-155329.42000000004,7.0547920668459465,0,10,1,0,0,0,0,0
8.057542188329684,3156.52,51424.0,48267.48,0.0,0.0,0.0,3156.52,3156.519999999997,0.0,0.061381040350024306,1,10,0,0,0,1,0,0
12.854338248434741,382443.28,0.0,0.0,583898.46,966341.75,382443.28,-0.010000000009313226,0.0,382443.29000000004,382443.28,0,11,0,1,0,0,0,0
9.909155459560978,20112.68,1052.0,0.0,0.0,0.0,19060.68,20112.68,1052.0,0.0,19.100360873694207,1,11,0,0,0,1,0,0
11.393843123080964,88772.47,24441.0,0.0,891829.64,980602.12,64331.47,-0.010000000009313226,24441.0,88772.47999999998,3.6319642418787335,0,18,0,1,0,0,0,0
9.235289537020012,10251.63,247080.76,236829.13,0.0,0.0,0.0,10251.63,10251.630000000005,0.0,0.04149084092650141,1,9,0,0,0,1,0,0
10.012849003766389,22310.31,0.0,0.0,0.0,0.0,22310.31,22310.31,0.0,0.0,22310.31,1,20,0,0,0,1,0,0
11.002974791656765,60051.52,7854.0,67905.52,314226.52,254175.01,120103.04000000001,120103.03000000003,-60051.520000000004,-60051.51000000001,7.6450057288351365,0,20,1,0,0,0,0,0
9.708192604041658,16450.84,285601.0,269150.16,0.0,0.0,0.0,16450.84,16450.840000000026,0.0,0.05760057702677152,1,14,0,0,0,1,0,0
13.753641994648323,940005.43,0.0,0.0,2970089.32,3921425.01,940005.43,-11330.259999999776,0.0,951335.69,940005.43,0,19,0,0,0,0,1,0
12.777773457365312,354254.42,26241.0,0.0,7181376.14,7535630.56,328013.42,0.0,26241.0,354254.4199999999,13.499520615806722,0,18,0,0,0,0,1,0
11.989149457579316,160997.36,5044.0,0.0,65835.9,226833.25,155953.36,0.009999999980209395,5044.0,160997.35,31.912261645193258,0,12,0,1,0,0,0,0
9.69329107497612,16207.5,46985.0,30777.5,122439.45,138646.95,0.0,0.0,16207.5,16207.500000000015,0.3449431745626357,0,21,0,1,0,0,0,0
10.475299803175051,35428.49,90318.0,54889.51,463042.04,498470.54,0.0,-0.010000000009313226,35428.49,35428.5,0.3922595467177449,0,13,0,1,0,0,0,0
9.927144018756104,20477.77,1929895.32,1950373.08,45513.2,25035.44,40955.53000000003,40955.53,-20477.76000000001,-20477.76,0.010610813538418478,0,10,1,0,0,0,0,0
12.11946649551591,183406.64,154197.0,0.0,0.0,183406.64,29209.640000000014,0.0,154197.0,183406.64,1.189422949714004,0,16,0,1,0,0,0,0
8.66843679263933,5815.4,0.0,0.0,0.0,0.0,5815.4,5815.4,0.0,0.0,5815.4,1,16,0,0,0,1,0,0
10.839602676175497,51000.11,339368.0,288367.89,0.0,0.0,0.0,51000.11,51000.109999999986,0.0,0.150279224089413,1,9,0,0,0,1,0,0
12.122747882801432,184009.46,5123.0,0.0,574762.57,758772.03,178886.46,-1.1641532182693481e-10,5123.0,184009.46000000008,35.91129195940671,0,14,0,1,0,0,0,0
8.798028880780953,6620.18,34938.0,28317.82,0.0,0.0,0.0,6620.18,6620.18,0.0,0.18947823349265863,1,21,0,0,0,1,0,0
11.518770847385747,100585.25,0.0,0.0,0.0,0.0,100585.25,100585.25,0.0,0.0,100585.25,1,12,0,0,0,1,0,0
14.405424137157507,1803831.52,0.0,0.0,5582514.27,8021956.48,1803831.52,-635610.6900000013,0.0,2439442.210000001,1803831.52,0,21,0,0,0,0,1,0
10.315538923519028,30197.24,6017.0,0.0,0.0,0.0,24180.24,30197.24,6017.0,0.0,5.017819873712197,1,14,0,0,0,1,0,0
11.836477522959937,138201.81,9943572.78,10081774.6,251999.56,113797.75,276403.6300000008,276403.62,-138201.8200000003,-138201.81,0.013898605577601498,0,16,1,0,0,0,0,0
8.64284386256788,5668.43,0.0,0.0,0.0,0.0,5668.43,5668.43,0.0,0.0,5668.43,1,14,0,0,0,1,0,0
13.011735279027585,447634.82,0.0,0.0,2664864.26,3112499.08,447634.82,-4.656612873077393e-10,0.0,447634.8200000003,447634.82,0,12,0,0,0,0,1,0
12.371820361881094,236054.06,31358.0,267412.06,0.0,0.0,472108.12,236054.06,-236054.06,0.0,7.527474090372779,1,15,1,0,0,0,0,0
11.909832792843051,148720.81,1519.0,0.0,4813701.8,4962422.62,147201.81,-0.010000000707805157,1519.0,148720.8200000003,97.84263815789474,0,18,0,1,0,0,0,0
9.316518553254346,11119.2,0.0,0.0,0.0,0.0,11119.2,11119.2,0.0,0.0,11119.2,1,23,0,0,0,1,0,0
11.936843466363893,152792.63,49530.0,0.0,0.0,152792.63,103262.63,0.0,49530.0,152792.63,3.0847879106014418,0,13,0,1,0,0,0,0
9.677341999721044,15951.04,0.0,0.0,0.0,0.0,15951.04,15951.04,0.0,0.0,15951.04,1,0,0,0,0,1,0,0
14.326888757032409,1667586.88,51573.0,0.0,87684.69,1520133.27,1616013.88,235138.2999999998,51573.0,1432448.58,32.333867452592386,0,9,0,0,0,0,1,0
10.309194298114274,30006.25,807.0,0.0,0.0,0.0,29199.25,30006.25,807.0,0.0,37.13644801980198,1,22,0,0,0,1,0,0
12.794424706121578,360202.6,28550.0,0.0,0.0,360202.6,331652.6,0.0,28550.0,360202.6,12.616111519736611,0,10,0,1,0,0,0,0
10.662825950278862,42736.24,24580120.74,24622856.98,3925502.15,3882765.92,85472.48000000045,85472.4700000002,-42736.240000002086,-42736.22999999998,0.0017386504612161454,0,15,1,0,0,0,0,0
11.307097013344679,81396.27,31901.0,0.0,0.0,81396.27,49495.270000000004,0.0,31901.0,81396.27,2.5514472446868535,0,19,0,1,0,0,0,0
12.235697319388544,206012.57,3652261.59,3858274.16,4412390.0,4206377.43,412025.14000000013,412025.1400000006,-206012.5700000003,-206012.5700000003,0.056406834098968774,0,11,1,0,0,0,0,0
11.98916361911398,160999.64,19209505.24,19370504.88,4202905.1,4041905.46,321999.2800000012,321999.27999999933,-160999.6400000006,-160999.63999999966,0.008381248220984988,0,22,1,0,0,0,0,0
10.177968117282196,26315.94,64612.53,38296.59,0.0,0.0,0.0,26315.94,26315.940000000002,0.0,0.4072821899685716,1,9,0,0,0,1,0,0
9.590298252451886,14621.23,0.0,0.0,0.0,0.0,14621.23,14621.23,0.0,0.0,14621.23,1,18,0,0,0,1,0,0
10.634436411048824,41540.01,8116049.97,8157589.98,881679.62,840139.61,83080.02000000048,83080.02000000002,-41540.01000000071,-41540.01000000001,0.005118253957934422,0,9,1,0,0,0,0,0
8.45658719442636,4704.97,249146.0,244441.03,0.0,0.0,0.0,4704.97,4704.970000000001,0.0,0.018884313276900787,1,14,0,0,0,1,0,0
12.48280295323621,263761.13,1204.0,0.0,0.0,263761.13,262557.13,0.0,1204.0,263761.13,218.88890456431537,0,20,0,1,0,0,0,0
8.830706739902283,6840.12,0.0,0.0,0.0,0.0,6840.12,6840.12,0.0,0.0,6840.12,1,17,0,0,0,1,0,0
11.212211106650463,74027.92,60936.0,134963.92,2387503.08,2313475.15,148055.84000000003,148055.8500000001,-74027.92000000001,-74027.93000000017,1.214827116530187,0,10,1,0,0,0,0,0
11.223974053915626,74903.86,74545.0,0.0,893695.25,968599.12,358.8600000000006,-0.010000000009313226,74545.0,74903.87,1.004800525849811,0,13,0,1,0,0,0,0
12.436926714256455,251934.08,31294.0,0.0,22979.53,274913.61,220640.08,0.0,31294.0,251934.08,8.050298130691804,0,10,0,1,0,0,0,0
8.115685243412198,3345.55,0.0,0.0,0.0,0.0,3345.55,3345.55,0.0,0.0,3345.55,1,14,0,0,0,1,0,0
12.543573923934803,280287.28,3069.0,0.0,11840686.93,12120974.21,277218.28,-1.862645149230957e-09,3069.0,280287.2800000012,91.29878827361564,0,18,0,1,0,0,0,0
12.155853984044109,190203.29,921.0,0.0,38139.63,228342.92,189282.29,0.0,921.0,190203.29,206.29424078091108,0,11,0,1,0,0,0,0
9.219747981325249,10093.52,81577.71,71484.2,0.0,0.0,0.00999999999476131,10093.52,10093.51000000001,0.0,0.1237273793616006,1,12,0,0,0,1,0,0
12.503900834123378,269385.07,75016.0,0.0,19854320.71,20123705.78,194369.07,0.0,75016.0,269385.0700000003,3.590986976285375,0,14,0,1,0,0,0,0
8.366165629574956,4298.12,2977028.24,2981326.36,1490122.86,1485824.74,8596.239999999758,8596.240000000224,-4298.119999999646,-4298.120000000112,0.0014437614324540526,0,21,1,0,0,0,0,0
9.269164786155454,10604.89,0.0,0.0,0.0,0.0,10604.89,10604.89,0.0,0.0,10604.89,1,19,0,0,0,1,0,0
13.826289248603018,1010835.99,11134.0,0.0,0.0,1010835.99,999701.99,0.0,11134.0,1010835.99,90.78006196677144,0,12,0,0,0,0,1,0
8.192490224434982,3612.71,194.0,0.0,0.0,0.0,3418.71,3612.71,194.0,0.0,18.52671794871795,1,23,0,0,0,1,0,0
11.809874862802806,134573.72,218621.0,84047.28,0.0,134573.72,0.0,0.0,134573.72,134573.72,0.6155543357942018,0,20,0,1,0,0,0,0
8.149035428678587,3459.04,0.0,0.0,0.0,0.0,3459.04,3459.04,0.0,0.0,3459.04,1,11,0,0,0,1,0,0
11.98203944859863,159856.72,5497839.57,5657696.3,594566.7,434709.98,319713.44999999925,319713.43999999994,-159856.72999999952,-159856.71999999997,0.029076274214332117,0,0,1,0,0,0,0,0
8.827869850261692,6820.74,66332.0,59511.26,0.0,0.0,0.0,6820.74,6820.739999999998,0.0,0.10282574284292885,1,18,0,0,0,1,0,0
9.479292886187194,13084.93,105862.92,92777.99,0.0,0.0,1.4551915228366852e-11,13084.93,13084.929999999993,0.0,0.12360141207693802,1,16,0,0,0,1,0,0
10.82075320901681,50047.77,0.0,0.0,0.0,0.0,50047.77,50047.77,0.0,0.0,50047.77,1,1,0,0,0,1,0,0
7.623250863205844,2044.2,48077.15,46032.95,0.0,0.0,-7.275957614183426e-12,2044.2,2044.2000000000044,0.0,0.042518274933623694,1,16,0,0,0,1,0,0
9.604211192007023,14826.09,0.0,0.0,0.0,0.0,14826.09,14826.09,0.0,0.0,14826.09,1,11,0,0,0,1,0,0
14.151386738407865,1399164.77,0.0,0.0,4480110.79,5879275.56,1399164.77,9.313225746154785e-10,0.0,1399164.7699999996,1399164.77,0,10,0,0,0,0,1,0
8.19406630811116,3618.41,0.0,0.0,0.0,0.0,3618.41,3618.41,0.0,0.0,3618.41,1,18,0,0,0,1,0,0
11.4930359739015,98029.7,21483.0,0.0,0.0,98029.7,76546.7,0.0,21483.0,98029.7,4.562916589089554,0,10,0,1,0,0,0,0
13.516577617861177,741608.14,34727.0,0.0,5610.14,747218.28,706881.14,0.0,34727.0,741608.14,21.35476099976964,0,15,0,0,0,0,1,0
12.379067762643716,237771.06,298612.38,60841.32,993515.7,1231286.76,0.0,0.0,237771.06,237771.06000000006,0.7962505230006773,0,17,0,1,0,0,0,0
12.904878137609524,402268.74,0.0,0.0,839427.73,5066772.93,402268.74,-3825076.46,0.0,4227345.199999999,402268.74,0,9,0,1,0,0,0,0
11.977179848932249,159081.76,13133.0,0.0,0.0,159081.76,145948.76,0.0,13133.0,159081.76,12.112209532511041,0,16,0,1,0,0,0,0
11.657142598660597,115512.49,3755962.19,3871474.69,557981.84,442469.34,231024.99000000022,231024.98999999993,-115512.5,-115512.49999999994,0.03075442547135293,0,21,1,0,0,0,0,0
12.69715226379694,326814.89,0.0,0.0,508449.02,835263.92,326814.89,-0.010000000009313226,0.0,326814.9,326814.89,0,19,0,0,0,0,1,0
12.570466179364535,287927.13,8372049.2,8659976.33,776390.78,488463.65,575854.2600000007,575854.2600000001,-287927.1299999999,-287927.13,0.03439147199571259,0,13,1,0,0,0,0,0
7.854128947560028,2575.35,14896.0,12320.65,13128593.06,13131168.41,0.0,0.0,2575.3500000000004,2575.3499999996275,0.17287708934684834,0,14,0,1,0,0,0,0
12.681136295003586,321622.31,90857.0,0.0,1045047.9,1366670.2,230765.31,0.010000000009313226,90857.0,321622.29999999993,3.5398347971560016,0,18,0,1,0,0,0,0
7.9608191433596485,2865.42,0.0,0.0,234687.94,237553.36,2865.42,2.9103830456733704e-11,0.0,2865.4199999999837,2865.42,0,14,0,1,0,0,0,0
12.325263622904625,225316.01,6282567.77,6507883.78,3788263.71,3562947.7,450632.0200000005,450632.01999999955,-225316.0100000007,-225316.00999999978,0.03586367587027623,0,20,1,0,0,0,0,0
10.664196647919377,42794.86,0.0,0.0,150590.1,193384.96,42794.86,2.9103830456733704e-11,0.0,42794.859999999986,42794.86,0,17,0,1,0,0,0,0
8.741074070837257,6253.61,10769.0,4515.39,0.0,0.0,0.0,6253.61,6253.61,0.0,0.5806508820798514,1,22,0,0,0,1,0,0
12.284443340785058,216303.7,0.0,0.0,1208355.54,1424659.24,216303.7,0.0,0.0,216303.69999999995,216303.7,0,13,0,1,0,0,0,0
10.334154736931929,30764.67,0.0,0.0,0.0,0.0,30764.67,30764.67,0.0,0.0,30764.67,1,20,0,0,0,1,0,0
12.85977823254456,384529.44,11662.0,0.0,0.0,384529.44,372867.44,0.0,11662.0,384529.44,32.97002829460688,0,15,0,1,0,0,0,0
8.352632178284237,4240.33,290889.0,286648.67,0.0,0.0,0.0,4240.33,4240.330000000016,0.0,0.014577090996596652,1,18,0,0,0,1,0,0
10.87892850218001,53045.73,10018.0,0.0,214312.02,267357.76,43027.73,-0.010000000009313226,10018.0,53045.74000000002,5.294513424493463,0,20,0,1,0,0,0,0
10.76487997343617,47328.07,22087.0,0.0,0.0,47328.07,25241.07,0.0,22087.0,47328.07,2.142705088735965,0,9,0,1,0,0,0,0
10.587932982442135,39652.44,203341.0,163688.56,1930186.33,1969838.77,0.0,0.0,39652.44,39652.439999999944,0.19500368836738108,0,19,0,1,0,0,0,0
8.45512628000002,4698.1,0.0,0.0,871714.11,876412.21,4698.1,0.0,0.0,4698.099999999977,4698.1,0,13,0,1,0,0,0,0
11.007074115628928,60298.2,1645587.67,1705885.88,274413.32,214115.11,120596.40999999992,120596.41000000003,-60298.20999999996,-60298.21000000002,0.036642328122008766,0,19,1,0,0,0,0,0
12.059333441074731,172702.83,217648.72,390351.55,9627682.12,9454979.3,345405.66000000003,345405.6499999985,-172702.83,-172702.81999999844,0.7934897871681158,0,16,1,0,0,0,0,0
8.298624161008416,4017.34,9752.08,5734.74,0.0,0.0,0.0,4017.34,4017.34,0.0,0.41190475213983685,1,12,0,0,0,1,0,0
11.87420375722426,143515.28,31254.0,174769.28,3152920.92,3009405.65,287030.56,287030.5499999998,-143515.28,-143515.27000000002,4.591754279315309,0,14,1,0,0,0,0,0
9.294038850706698,10872.01,87090.42,76218.41,0.0,0.0,0.0,10872.01,10872.009999999995,0.0,0.12483445556404983,1,10,0,0,0,1,0,0
8.760559673843465,6376.68,0.0,0.0,0.0,0.0,6376.68,6376.68,0.0,0.0,6376.68,1,10,0,0,0,1,0,0
11.695916714136846,120079.39,10113.0,0.0,0.0,120079.39,109966.39,0.0,10113.0,120079.39,11.872591457385802,0,15,0,1,0,0,0,0
12.81438656618938,367465.18,14548.0,382013.18,0.0,0.0,734930.36,367465.18,-367465.18,0.0,25.257074713038698,1,20,1,0,0,0,0,0
9.96090893179764,21181.04,0.0,0.0,0.0,0.0,21181.04,21181.04,0.0,0.0,21181.04,1,11,0,0,0,1,0,0
11.504191333246986,99129.39,94594.0,0.0,0.0,0.0,4535.389999999999,99129.39,94594.0,0.0,1.0479347745652519,1,11,0,0,0,1,0,0
12.28870028630665,217226.46,0.0,0.0,7198854.37,7416080.83,217226.46,0.0,0.0,217226.45999999996,217226.46,0,17,0,1,0,0,0,0
12.820031072444031,369545.21,373.0,0.0,0.0,369545.21,369172.21,0.0,373.0,369545.21,988.0887967914439,0,12,0,1,0,0,0,0
10.99469230636999,59556.19,19960.0,0.0,0.0,59556.19,39596.19,0.0,19960.0,59556.19,2.9836275737688496,0,0,0,0,0,0,1,0
12.144983687801503,188146.91,4613247.97,4801394.88,466137.84,277990.93,376293.8200000003,376293.82,-188146.91000000015,-188146.91000000003,0.040784035551413134,0,20,1,0,0,0,0,0
10.607405272041056,40432.15,861.0,0.0,0.0,40432.15,39571.15,0.0,861.0,40432.15,46.9050464037123,0,11,0,1,0,0,0,0
10.917513158629447,55132.52,0.0,0.0,79867.98,135000.51,55132.52,-0.010000000009313226,0.0,55132.53000000001,55132.52,0,16,0,1,0,0,0,0
12.423329705398901,248531.7,81976.0,0.0,323804.3,572336.0,166555.7,0.0,81976.0,248531.7,3.0317247520646036,0,14,0,1,0,0,0,0
8.445364158967203,4652.45,9541679.94,9546332.39,180117.71,175465.26,9304.900000000373,9304.899999999994,-4652.450000001118,-4652.4499999999825,0.00048759228371348165,0,13,1,0,0,0,0,0
9.217472875093009,10070.58,10323.0,252.42,0.0,0.0,0.0,10070.58,10070.58,0.0,0.975453312669508,1,13,0,0,0,1,0,0
12.115192777386302,182624.48,0.0,0.0,672346.53,854971.01,182624.48,0.0,0.0,182624.47999999998,182624.48,0,10,0,1,0,0,0,0
12.456655667509802,256953.85,0.0,0.0,1203784.0,1460737.85,256953.85,0.0,0.0,256953.8500000001,256953.85,0,15,0,1,0,0,0,0
12.112853238536337,182197.72,4947192.38,5129390.1,9711109.54,9528911.83,364395.4399999995,364395.4299999997,-182197.71999999974,-182197.70999999903,0.03682850173930335,0,10,1,0,0,0,0,0
9.788550214040107,17827.44,181944.72,164117.28,0.0,0.0,0.0,17827.44,17827.440000000002,0.0,0.09798218941341406,1,10,0,0,0,1,0,0
9.60482272312938,14835.16,10066.09,0.0,0.0,0.0,4769.07,14835.16,10066.09,0.0,1.4736294202197457,1,13,0,0,0,1,0,0
10.237235725118746,27922.83,183299.66,155376.84,0.0,0.0,0.009999999980209395,27922.83,27922.820000000007,0.0,0.15233349405288557,1,11,0,0,0,1,0,0
11.917932468164357,149930.3,0.0,0.0,331644.96,481575.25,149930.3,0.010000000009313226,0.0,149930.28999999998,149930.3,0,20,0,1,0,0,0,0
11.779950466692986,130606.31,99004.0,229610.31,26967.95,0.0,261212.62,157574.26,-130606.31,-26967.95,1.3191890308570273,0,19,1,0,0,0,0,0
10.646946358304064,42062.95,15007.0,0.0,27157.06,69220.01,27055.949999999997,0.0,15007.0,42062.95,2.8027018923240936,0,16,0,1,0,0,0,0
8.760979801079218,6379.36,0.0,0.0,246230.01,451157.73,6379.36,-198548.36,0.0,204927.71999999997,6379.36,0,13,0,1,0,0,0,0
12.385934680177721,239409.44,0.0,0.0,1764602.08,2004011.52,239409.44,0.0,0.0,239409.43999999994,239409.44,0,10,0,0,0,0,1,0
9.416858483384743,12292.9,13337.95,1045.05,1366712.28,1514764.46,-1.8189894035458565e-12,-135759.28000000003,12292.900000000001,148052.17999999993,0.921579284726309,0,14,0,1,0,0,0,0
10.676796433689672,43337.49,697885.19,741222.68,3630178.01,3586840.52,86674.9800000001,86674.97999999998,-43337.49000000011,-43337.48999999976,0.0620982197684697,0,14,1,0,0,0,0,0
12.1045203693148,180685.79,1825541.56,2006227.35,4463335.7,4282649.91,361371.5800000001,361371.5800000001,-180685.79000000004,-180685.79000000004,0.09897648729701487,0,11,1,0,0,0,0,0
12.502524612294962,269014.59,282740.0,551754.59,184981.07,0.0,538029.1799999999,453995.66000000003,-269014.58999999997,-184981.07,0.9514523539210799,0,17,1,0,0,0,0,0
9.01612314137584,8233.79,9908.0,1674.21,0.0,0.0,0.0,8233.79,8233.79,0.0,0.8309405590876981,1,19,0,0,0,1,0,0
12.211907837634168,201169.45,9712.0,0.0,825462.29,1026631.74,191457.45,0.0,9712.0,201169.44999999995,20.711361062493566,0,18,0,1,0,0,0,0
10.682566298131894,43588.27,0.0,0.0,266892.61,310480.87,43588.27,0.010000000009313226,0.0,43588.26000000001,43588.27,0,13,0,1,0,0,0,0
10.567846036746852,38863.87,31185.0,0.0,21113.98,59977.86,7678.870000000003,-0.00999999999476131,31185.0,38863.880000000005,1.2461960495093953,0,18,0,1,0,0,0,0
11.589056161465642,107909.36,21181535.27,21289444.63,381313.32,273403.96,215818.7199999988,215818.71999999997,-107909.3599999994,-107909.35999999999,0.005094501108157817,0,10,1,0,0,0,0,0
10.337456213749627,30866.41,6531.0,0.0,0.0,0.0,24335.41,30866.41,6531.0,0.0,4.725414880587875,1,16,0,0,0,1,0,0
12.221782940055197,203165.87,1107.0,204272.87,0.0,0.0,406331.74,203165.87,-203165.87,0.0,183.36269855595668,1,9,1,0,0,0,0,0
11.088280595544589,65399.2,25138.0,90537.2,0.0,0.0,130798.4,65399.2,-65399.2,0.0,2.601503639762918,1,17,1,0,0,0,0,0
12.22282051375797,203376.78,20812.0,0.0,11243.0,0.0,182564.78,214619.78,20812.0,-11243.0,9.771622543602556,0,20,0,1,0,0,0,0
12.303326662131752,220427.06,0.0,0.0,329348.46,549775.52,220427.06,0.0,0.0,220427.06,220427.06,0,12,0,1,0,0,0,0
11.664427697898962,116357.09,0.0,116357.09,1009936.31,893579.22,232714.18,232714.18000000017,-116357.09,-116357.09000000008,116357.09,0,16,1,0,0,0,0,0
12.218088218539505,202416.61,3898.0,0.0,0.0,202416.61,198518.61,0.0,3898.0,202416.61,51.915006411900485,0,20,0,1,0,0,0,0
10.417768499790304,33447.71,0.0,0.0,0.0,0.0,33447.71,33447.71,0.0,0.0,33447.71,1,10,0,0,0,1,0,0
8.372798434107127,4326.73,0.0,0.0,0.0,0.0,4326.73,4326.73,0.0,0.0,4326.73,1,17,0,0,0,1,0,0
10.656400868871737,42462.53,473.0,0.0,511848.71,554311.25,41989.53,-0.010000000009313226,473.0,42462.53999999998,89.58339662447257,0,20,0,1,0,0,0,0
11.507840056170343,99491.75,17744443.52,17843935.28,1115397.11,1015905.36,198983.51000000164,198983.50000000012,-99491.76000000164,-99491.75000000012,0.005606923895975528,0,16,1,0,0,0,0,0
9.163012887568966,9536.75,0.0,0.0,158235.67,167772.42,9536.75,0.0,0.0,9536.75,9536.75,0,21,0,1,0,0,0,0
12.870657632569086,388735.74,9471379.31,9860115.05,6741128.05,6352392.31,777471.4800000004,777471.4800000004,-388735.7400000002,-388735.7400000002,0.04104319827486686,0,18,1,0,0,0,0,0
11.820751871035817,136045.48,14011985.02,14148030.5,1654413.1,1518367.62,272090.9600000009,272090.95999999996,-136045.48000000045,-136045.47999999998,0.009709221790959224,0,20,1,0,0,0,0,0
8.893240474011838,7281.58,209745.0,202463.42,0.0,0.0,0.0,7281.58,7281.579999999987,0.0,0.0347161805231089,1,16,0,0,0,1,0,0
11.742397191083258,125792.53,0.0,0.0,134182.84,259975.37,125792.53,0.0,0.0,125792.53,125792.53,0,11,0,1,0,0,0,0
12.044454604228388,170152.22,1457783.17,1627935.39,534186.73,364034.51,340304.43999999994,340304.43999999994,-170152.21999999997,-170152.21999999997,0.116719761060377,0,20,1,0,0,0,0,0
11.578279871932423,106752.73,26779.0,0.0,0.0,106752.73,79973.73,0.0,26779.0,106752.73,3.9862856609410007,0,20,0,1,0,0,0,0
7.9270212840838035,2770.16,41016.0,38245.84,0.0,0.0,0.0,2770.16,2770.1600000000035,0.0,0.06753687495428724,1,15,0,0,0,1,0,0
12.323731184548283,224970.99,0.0,0.0,608279.39,833250.38,224970.99,0.0,0.0,224970.99,224970.99,0,10,0,1,0,0,0,0
7.628964997306966,2055.92,265.0,0.0,0.0,0.0,1790.92,2055.92,265.0,0.0,7.729022556390977,1,23,0,0,0,1,0,0
8.460275689731096,4722.36,0.0,0.0,125379.8,130102.16,4722.36,0.0,0.0,4722.360000000001,4722.36,0,13,0,1,0,0,0,0
11.39886353490498,89219.27,0.0,0.0,588315.24,677534.51,89219.27,0.0,0.0,89219.27000000002,89219.27,0,18,0,0,0,0,1,0
12.945336777551015,418877.75,11591.0,0.0,199168.82,618046.57,407286.75,1.1641532182693481e-10,11591.0,418877.74999999994,36.13507160110421,0,13,0,1,0,0,0,0
9.267742867136974,10589.82,0.0,0.0,3552757.71,3563347.53,10589.82,0.0,0.0,10589.819999999832,10589.82,0,16,0,1,0,0,0,0
12.361610833750877,233656.31,0.0,0.0,3891356.95,4125013.27,233656.31,-0.009999999776482582,0.0,233656.31999999983,233656.31,0,10,0,1,0,0,0,0
9.913560153141768,20201.47,161731.0,141529.53,0.0,0.0,0.0,20201.47,20201.47,0.0,0.12490706848366434,1,23,0,0,0,1,0,0
9.996430842556382,21946.99,0.0,0.0,0.0,0.0,21946.99,21946.99,0.0,0.0,21946.99,1,16,0,0,0,1,0,0
13.475299101164635,711618.83,49506.0,0.0,155675.57,867294.4,662112.83,-1.1641532182693481e-10,49506.0,711618.8300000001,14.374105278041489,0,12,0,0,0,0,1,0
10.10838647823898,24547.02,3411658.34,3436205.36,136610.66,112063.64,49094.04000000004,49094.03999999999,-24547.02000000002,-24547.020000000004,0.007195038412012145,0,10,1,0,0,0,0,0
9.450280468217542,12710.73,20912.0,8201.27,0.0,0.0,0.0,12710.73,12710.73,0.0,0.6077908477980204,1,18,0,0,0,1,0,0
7.533169508307886,1868.02,50186.0,48317.98,0.0,0.0,0.0,1868.02,1868.0199999999968,0.0,0.037221192739155556,1,22,0,0,0,1,0,0
10.058506426802074,23352.6,6065.0,0.0,0.0,0.0,17287.6,23352.6,6065.0,0.0,3.8497527200791293,1,10,0,0,0,1,0,0
11.42341839450858,91437.18,8619718.92,8711156.1,1354018.49,1262581.31,182874.3599999994,182874.35999999987,-91437.1799999997,-91437.17999999993,0.010607906155725764,0,13,1,0,0,0,0,0
7.7847436943735495,2402.65,5579.0,3176.35,0.0,2402.65,0.0,0.0,2402.65,2402.65,0.43058243727598566,0,15,0,1,0,0,0,0
10.564605479300452,38738.13,0.0,0.0,0.0,0.0,38738.13,38738.13,0.0,0.0,38738.13,1,17,0,0,0,1,0,0
11.2171184745849,74392.1,5099594.84,5173986.94,3102670.54,3737512.93,148784.2000000002,-560450.29,-74392.10000000056,634842.3900000001,0.014587842318108097,0,17,1,0,0,0,0,0
12.915564840569633,406590.73,5502599.63,5909190.36,968926.68,765139.87,813181.46,610377.5400000002,-406590.73000000045,-203786.81000000006,0.07389064868405687,0,9,1,0,0,0,0,0
9.239838978231228,10298.38,1272172.97,1282471.35,548565.88,538267.5,20596.76000000001,20596.76000000001,-10298.380000000121,-10298.380000000005,0.008095103533677865,0,10,1,0,0,0,0,0
11.882923658930876,144772.2,338.0,0.0,0.0,144772.2,144434.2,0.0,338.0,144772.2,427.0566371681416,0,11,0,1,0,0,0,0
9.922736104792452,20387.7,10916.0,0.0,0.0,0.0,9471.7,20387.7,10916.0,0.0,1.8675185490519375,1,22,0,0,0,1,0,0
11.369796967101026,86663.27,7711.16,0.0,2393928.25,2480591.52,78952.11,0.0,7711.16,86663.27000000002,11.237224072114687,0,12,0,1,0,0,0,0
12.591253342302863,293974.98,6664.0,0.0,0.0,293974.98,287310.98,0.0,6664.0,293974.98,44.10727381845461,0,18,0,1,0,0,0,0
10.883462127914957,53286.77,16706.0,69992.77,494210.97,440924.2,106573.54000000001,106573.53999999998,-53286.770000000004,-53286.76999999996,3.1894876399114143,0,17,1,0,0,0,0,0
9.667315117734672,15791.89,643468.58,627676.69,0.0,0.0,0.0,15791.89,15791.890000000014,0.0,0.024541781757577413,1,20,0,0,0,1,0,0
12.372687664587373,236258.88,20017.0,256275.88,1393431.29,1157172.41,472517.76,472517.76,-236258.88,-236258.88000000012,11.802321910280748,0,13,1,0,0,0,0,0
8.402433082110553,4456.9,0.0,0.0,0.0,0.0,4456.9,4456.9,0.0,0.0,4456.9,1,13,0,0,0,1,0,0
11.841524431439165,138901.07,214964.0,76062.93,290282.97,429184.04,0.0,0.0,138901.07,138901.07,0.6461566766682949,0,11,0,0,0,0,1,0
12.536183045658023,278223.34,397950.39,119727.04,0.0,696890.38,-0.010000000009313226,-418667.04,278223.35000000003,696890.38,0.6991390079074734,0,14,0,1,0,0,0,0
10.614899659127577,40736.31,0.0,0.0,0.0,0.0,40736.31,40736.31,0.0,0.0,40736.31,1,19,0,0,0,1,0,0
12.502752045366588,269075.78,41654.0,310729.78,1276808.24,1007732.46,538151.56,538151.56,-269075.78,-269075.78,6.45962741567639,0,14,1,0,0,0,0,0
12.088452677827489,177805.77,1617671.37,1795477.14,297581.55,1973995.86,355611.5399999998,-1498608.54,-177805.7699999998,1676414.31,0.10991457435846541,0,11,1,0,0,0,0,0
12.184772090900807,195783.94,1119478.24,1315262.18,2621154.11,2425370.17,391567.8799999999,391567.8799999999,-195783.93999999994,-195783.93999999994,0.17488840614855886,0,18,1,0,0,0,0,0
9.816489630001442,18332.58,164347.76,146015.18,0.0,0.0,0.0,18332.58,18332.580000000016,0.0,0.1115468105752669,1,10,0,0,0,1,0,0
9.770738139799906,17512.69,21175.0,3662.31,0.0,0.0,0.0,17512.69,17512.69,0.0,0.8270065168114846,1,10,0,0,0,1,0,0
9.27246316509099,10639.93,9983.0,0.0,0.0,0.0,656.9300000000003,10639.93,9983.0,0.0,1.0656981169871795,1,15,0,0,0,1,0,0
9.545244236487441,13977.06,0.0,0.0,0.0,0.0,13977.06,13977.06,0.0,0.0,13977.06,1,13,0,0,0,1,0,0
9.542118034881387,13933.43,246989.0,233055.57,0.0,13933.43,0.0,0.0,13933.429999999993,13933.43,0.056412931697639584,0,10,0,1,0,0,0,0
11.76775882786523,129023.66,517833.31,646856.97,1122154.94,993131.27,258047.32,258047.32999999984,-129023.65999999997,-129023.66999999993,0.2491601222792673,0,13,1,0,0,0,0,0
9.320996739821382,11169.11,0.0,0.0,0.0,0.0,11169.11,11169.11,0.0,0.0,11169.11,1,10,0,0,0,1,0,0
8.508071716966676,4953.6,490505.19,485551.59,0.0,0.0,0.0,4953.6,4953.599999999977,0.0,0.010098955122258498,1,18,0,0,0,1,0,0
11.652971280093183,115031.65,287.0,115318.65,0.0,0.0,230063.3,115031.65,-115031.65,0.0,399.41545138888887,1,12,1,0,0,0,0,0
11.016994365010566,60899.36,12245.0,0.0,0.0,0.0,48654.36,60899.36,12245.0,0.0,4.973000163318635,1,9,0,0,0,1,0,0
9.549443430662564,14035.88,38826.35,24790.47,0.0,0.0,0.0,14035.88,14035.879999999997,0.0,0.3614946680625899,1,15,0,0,0,1,0,0
8.351830221466727,4236.93,31027.0,26790.07,0.0,0.0,0.0,4236.93,4236.93,0.0,0.1365518241588243,1,15,0,0,0,1,0,0
8.53619746089392,5094.93,0.0,0.0,0.0,0.0,5094.93,5094.93,0.0,0.0,5094.93,1,10,0,0,0,1,0,0
7.416161979510818,1661.64,184711.0,183049.36,0.0,0.0,0.0,1661.64,1661.640000000014,0.0,0.008995842175927932,1,10,0,0,0,1,0,0
10.672282412149672,43142.3,0.0,0.0,59843.25,102985.55,43142.3,0.0,0.0,43142.3,43142.3,0,16,0,1,0,0,0,0
10.829840490193337,50504.65,50876.0,371.35,3789797.6,3840302.24,0.0,0.009999999776482582,50504.65,50504.64000000013,0.9926813687913989,0,17,0,1,0,0,0,0
6.198519366072607,491.02,158.0,0.0,0.0,0.0,333.02,491.02,158.0,0.0,3.0881761006289308,1,13,0,0,0,1,0,0
11.878243975426315,144096.29,0.0,0.0,1094769.25,1238865.54,144096.29,0.0,0.0,144096.29000000004,144096.29,0,21,0,1,0,0,0,0
8.850177925191373,6974.63,21576.38,14601.74,0.0,0.0,-0.010000000002037268,6974.63,6974.640000000001,0.0,0.3232380390946445,1,12,0,0,0,1,0,0
9.311661540444618,11065.32,0.0,0.0,0.0,0.0,11065.32,11065.32,0.0,0.0,11065.32,1,19,0,0,0,1,0,0
11.940552310908629,153360.37,8792844.61,8946204.98,2543368.16,2390007.79,306720.7400000002,306720.7400000002,-153360.37000000104,-153360.3700000001,0.01744149468808881,0,14,1,0,0,0,0,0
12.121752770470144,183826.44,0.0,0.0,1863904.25,2263393.88,183826.44,-215663.18999999994,0.0,399489.6299999999,183826.44,0,9,0,1,0,0,0,0
11.223858433905866,74895.2,91528.0,16632.8,265283.71,340178.91,0.0,5.820766091346741e-11,74895.2,74895.19999999995,0.8182674343650645,0,16,0,1,0,0,0,0
11.686359309465223,118937.2,0.0,0.0,5394867.78,5513804.98,118937.2,0.0,0.0,118937.20000000019,118937.2,0,15,0,1,0,0,0,0
11.691942902502463,119603.16,167532.0,47928.84,0.0,119603.16,0.0,0.0,119603.16,119603.16,0.7139080658735891,0,18,0,1,0,0,0,0
11.32715440547692,83045.37,2073.0,0.0,1929742.53,2012787.9,80972.37,0.0,2073.0,83045.36999999988,40.04116200578592,0,18,0,1,0,0,0,0
11.087035022724217,65317.79,0.0,0.0,0.0,0.0,65317.79,65317.79,0.0,0.0,65317.79,1,14,0,0,0,1,0,0
11.432674493944718,92287.47,1026916.24,1119203.71,9606127.93,9513840.46,184574.93999999994,184574.93999999948,-92287.46999999997,-92287.46999999881,0.08986845911750396,0,22,1,0,0,0,0,0
10.980939532675855,58742.72,2071870.85,2130613.57,109073.52,50330.8,117485.43999999994,117485.43999999999,-58742.71999999974,-58742.72,0.028352487148276085,0,17,1,0,0,0,0,0
8.757443976007828,6356.84,0.0,0.0,0.0,0.0,6356.84,6356.84,0.0,0.0,6356.84,1,14,0,0,0,1,0,0
12.025162811786151,166901.12,5832.0,0.0,857091.96,1023993.08,161069.12,0.0,5832.0,166901.12,28.613255614606548,0,19,0,1,0,0,0,0
12.305518036279468,220910.63,0.0,0.0,301252.38,522163.01,220910.63,0.0,0.0,220910.63,220910.63,0,14,0,1,0,0,0,0
10.49696714857781,36204.53,30161.35,0.0,0.0,0.0,6043.18,36204.53,30161.35,0.0,1.2003219245184809,1,22,0,0,0,1,0,0
9.096210405729334,8920.42,0.0,0.0,0.0,0.0,8920.42,8920.42,0.0,0.0,8920.42,1,13,0,0,0,1,0,0
12.187787689987381,196375.24,20392.0,0.0,2043356.81,2239732.06,175983.24,-0.01000000024214387,20392.0,196375.25,9.62954150934144,0,10,0,1,0,0,0,0
10.877635220893142,52977.17,16624785.25,16677762.42,422127.07,369149.9,105954.33999999985,105954.33999999997,-52977.169999999925,-52977.169999999984,0.0031866376627849875,0,16,1,0,0,0,0,0
6.485581352810709,654.62,479660.02,479005.4,0.0,0.0,0.0,654.62,654.6199999999953,0.0,0.0013647554683513786,1,18,0,0,0,1,0,0
9.902202226858872,19973.31,0.0,0.0,0.0,0.0,19973.31,19973.31,0.0,0.0,19973.31,1,13,0,0,0,1,0,0
11.718485569584498,122820.28,0.0,0.0,23853764.38,23999138.78,122820.28,-22554.120000001043,0.0,145374.40000000224,122820.28,0,12,0,1,0,0,0,0
8.655141315904796,5738.58,0.0,0.0,0.0,0.0,5738.58,5738.58,0.0,0.0,5738.58,1,14,0,0,0,1,0,0
10.781371288099635,48115.06,14591.0,0.0,0.0,0.0,33524.06,48115.06,14591.0,0.0,3.297358826754386,1,13,0,0,0,1,0,0
12.961758802595078,425813.38,290928.0,0.0,453235.53,879048.92,134885.38,-0.010000000009313226,290928.0,425813.39,1.4636333263442283,0,21,0,0,0,0,1,0
12.022266206844563,166418.37,123215.0,0.0,113472.05,279890.42,43203.369999999995,0.0,123215.0,166418.37,1.3506230522010128,0,17,0,1,0,0,0,0
12.812371808483892,366725.57,36000.0,0.0,0.0,366725.57,330725.57,0.0,36000.0,366725.57,10.18653842948807,0,13,0,1,0,0,0,0
11.215733920472752,74289.17,0.0,0.0,165026.0,0.0,74289.17,239315.16999999998,0.0,-165026.0,74289.17,0,11,0,1,0,0,0,0
11.561285917779339,104953.89,0.0,0.0,114391.71,219345.6,104953.89,0.0,0.0,104953.89,104953.89,0,19,0,1,0,0,0,0
11.874369090651053,143539.01,2061.0,0.0,0.0,143539.01,141478.01,0.0,2061.0,143539.01,69.61154704170708,0,21,0,1,0,0,0,0
11.219124040751753,74541.45,3971752.81,4046294.25,159300.86,84759.41,149082.89000000013,149082.9,-74541.43999999994,-74541.44999999998,0.018767892866954912,0,12,1,0,0,0,0,0
11.436534149509603,92644.36,11431.0,104075.36,0.0,0.0,185288.72,92644.36,-92644.36,0.0,8.103950314905529,1,19,1,0,0,0,0,0
13.253230258368395,569907.02,9023.0,0.0,44001925.87,44571832.89,560884.02,0.0,9023.0,569907.0200000033,63.154589982269506,0,15,0,1,0,0,0,0
12.464553031342042,258991.15,0.0,0.0,1634028.39,1893019.54,258991.15,-2.3283064365386963e-10,0.0,258991.15000000014,258991.15,0,20,0,1,0,0,0,0
14.149573816755517,1396630.49,15034.0,0.0,816147.04,2212777.53,1381596.49,4.656612873077393e-10,15034.0,1396630.4899999998,92.89195144662455,0,20,0,0,0,0,1,0
9.481190071555401,13109.78,20104.0,6994.22,0.0,0.0,0.0,13109.78,13109.779999999999,0.0,0.6520656553096245,1,13,0,0,0,1,0,0
11.96188508922923,156667.14,0.0,0.0,335983.82,492650.95,156667.14,0.010000000009313226,0.0,156667.13,156667.14,0,19,0,1,0,0,0,0
8.596366598280364,5410.96,232378.0,226967.04,0.0,0.0,0.0,5410.96,5410.959999999992,0.0,0.023285064485172927,1,9,0,0,0,1,0,0
12.417526093063573,247093.49,7772252.08,8019345.57,1707018.97,1459925.48,494186.98000000045,494186.98,-247093.49000000022,-247093.49,0.03179174525799152,0,22,1,0,0,0,0,0
12.618430179538716,302073.87,645.0,0.0,77065.51,379139.38,301428.87,0.0,645.0,302073.87,467.60660990712074,0,9,0,1,0,0,0,0
10.411797414425275,33248.58,0.0,0.0,41535.03,74783.61,33248.58,0.0,0.0,33248.58,33248.58,0,15,0,1,0,0,0,0
11.885792240808804,145188.09,0.0,0.0,285721.23,430909.32,145188.09,-5.820766091346741e-11,0.0,145188.09000000003,145188.09,0,23,0,1,0,0,0,0
11.215427103347958,74266.38,41537.0,115803.38,0.0,0.0,148532.76,74266.38,-74266.38,0.0,1.7879141990466563,1,10,1,0,0,0,0,0
12.026329042954952,167095.88,18092.0,0.0,143855.77,310951.65,149003.88,0.0,18092.0,167095.88000000003,9.23538827170729,0,19,0,1,0,0,0,0
11.554096102707373,104201.99,50385.0,0.0,993419.44,1097621.43,53816.990000000005,0.0,50385.0,104201.98999999999,2.0680742666613745,0,14,0,1,0,0,0,0
10.222530201117818,27515.2,8209.0,0.0,12071689.55,12099204.75,19306.2,0.0,8209.0,27515.199999999255,3.35142509135201,0,12,0,1,0,0,0,0
12.952713862068455,421979.28,0.0,0.0,994820.79,1416800.07,421979.28,0.0,0.0,421979.28,421979.28,0,16,0,0,0,0,1,0
8.865531885172464,7082.56,161579.0,154496.44,0.0,0.0,0.0,7082.56,7082.559999999998,0.0,0.043833147666790445,1,12,0,0,0,1,0,0
11.049816572307629,62931.41,2059.0,64990.41,3747.75,0.0,125862.82,66679.16,-62931.41,-3747.75,30.549228155339808,0,17,1,0,0,0,0,0
9.082055762310036,8795.03,428.0,0.0,0.0,0.0,8367.03,8795.03,428.0,0.0,20.501235431235433,1,15,0,0,0,1,0,0
8.700402687208987,6004.33,0.0,0.0,0.0,0.0,6004.33,6004.33,0.0,0.0,6004.33,1,15,0,0,0,1,0,0
9.149708875136115,9410.7,21992.0,12581.3,0.0,0.0,0.0,9410.7,9410.7,0.0,0.42789523939435276,1,13,0,0,0,1,0,0
12.472195338249426,260978.03,21040.0,0.0,0.0,260978.03,239938.03,0.0,21040.0,260978.03,12.403309253362483,0,18,0,1,0,0,0,0
10.98975664305962,59262.96,7554.0,66816.96,0.0,0.0,118525.92000000001,59262.96,-59262.96000000001,0.0,7.844203838517538,1,16,1,0,0,0,0,0
10.12970357896089,25075.93,300691.0,325766.93,1376.0,0.0,50151.859999999986,26451.93,-25075.929999999993,-1376.0,0.083394071009538,0,14,1,0,0,0,0,0
10.012862897968317,22310.62,315658.03,293347.41,0.0,0.0,-5.820766091346741e-11,22310.62,22310.620000000054,0.0,0.07067949236237593,1,14,0,0,0,1,0,0
12.339509408677468,228548.8,0.0,0.0,2166955.68,2395504.48,228548.8,0.0,0.0,228548.7999999998,228548.8,0,17,0,1,0,0,0,0
13.501250752532005,730328.26,1178.0,0.0,2238098.92,2968427.18,729150.26,-4.656612873077393e-10,1178.0,730328.2600000002,619.4472094995759,0,19,0,0,0,0,1,0
11.396272091005741,88988.36,7038475.56,7127463.92,269893.91,180905.55,177976.72000000067,177976.71999999997,-88988.36000000034,-88988.35999999999,0.012643127989617118,0,13,1,0,0,0,0,0
14.512487635098474,2007673.48,10546.0,0.0,1146666.01,3154339.49,1997127.48,0.0,10546.0,2007673.4800000002,190.35493315634778,0,18,0,0,0,0,1,0
11.803569222300368,133727.81,44547.0,0.0,245652.53,379380.33,89180.81,0.009999999951105565,44547.0,133727.80000000002,3.001881341474365,0,19,0,0,0,0,1,0
12.443682532999912,253641.87,37384.0,0.0,736510.34,990152.21,216257.87,0.0,37384.0,253641.87,6.784589273772903,0,20,0,1,0,0,0,0
12.036023612300689,168723.69,0.0,0.0,168960.19,337683.88,168723.69,0.0,0.0,168723.69,168723.69,0,18,0,1,0,0,0,0
9.26029081514248,10511.19,76419.59,65908.4,0.0,0.0,0.0,10511.19,10511.190000000002,0.0,0.1375439524871504,1,13,0,0,0,1,0,0
12.193750539239991,197549.7,0.0,0.0,323412.97,520962.67,197549.7,0.0,0.0,197549.7,197549.7,0,10,0,1,0,0,0,0
9.908044653162074,20090.35,52023.0,31932.65,0.0,0.0,0.0,20090.35,20090.35,0.0,0.3861746501614639,1,19,0,0,0,1,0,0
7.839427112894595,2537.75,0.0,0.0,0.0,0.0,2537.75,2537.75,0.0,0.0,2537.75,1,9,0,0,0,1,0,0
8.267151096233327,3892.84,435680.26,431787.42,0.0,0.0,0.0,3892.84,3892.8400000000256,0.0,0.008935064133811952,1,17,0,0,0,1,0,0
11.765974399236647,128793.63,115.0,128908.63,496093.65,367300.01,257587.26,257587.27000000002,-128793.63,-128793.64000000001,1110.2899137931036,0,11,1,0,0,0,0,0
12.0233517890267,166599.13,0.0,0.0,739443.45,1107227.43,166599.13,-201184.84999999998,0.0,367783.98,166599.13,0,20,0,1,0,0,0,0
11.099040206685075,66106.68,258423.93,324530.61,89922.28,23815.6,132213.36,132213.36,-66106.68,-66106.68,0.25580612520626395,0,11,1,0,0,0,0,0
11.940213641568066,153308.44,6567317.91,6720626.34,652112.96,498804.52,306616.8700000001,306616.8799999999,-153308.4299999997,-153308.43999999994,0.02334414425444736,0,18,1,0,0,0,0,0
13.107652359039808,492697.33,0.0,0.0,2435137.65,3330019.15,492697.33,-402184.1699999999,0.0,894881.5,492697.33,0,9,0,1,0,0,0,0
11.853689265358472,140601.11,133807.95,274409.06,637384.76,496783.65,281202.22,281202.22,-140601.11,-140601.11,1.0507601322632005,0,17,1,0,0,0,0,0
12.347222710973082,230318.49,5989552.49,6219870.98,2207066.66,1976748.17,460636.98000000045,460636.98000000045,-230318.49000000022,-230318.49000000022,0.03845336557800738,0,16,1,0,0,0,0,0
7.546055489902603,1892.26,19825.32,17933.07,0.0,0.0,0.00999999999839929,1892.26,1892.25,0.0,0.09544181673654012,1,19,0,0,0,1,0,0
11.132163749882132,68333.07,17984.0,0.0,56798.88,125131.95,50349.07000000001,1.4551915228366852e-11,17984.0,68333.07,3.79944787322769,0,13,0,1,0,0,0,0
10.937525230526559,56246.97,31823.0,0.0,666588.49,722835.46,24423.97,0.0,31823.0,56246.96999999997,1.7674387254901962,0,14,0,1,0,0,0,0
11.76554175657033,128737.92,0.0,0.0,681472.73,810210.65,128737.92,0.0,0.0,128737.92000000004,128737.92,0,21,0,1,0,0,0,0
10.26373944157236,28672.81,289233.29,260560.48,0.0,0.0,5.820766091346741e-11,28672.81,28672.80999999997,0.0,0.09913350868598603,1,11,0,0,0,1,0,0
12.328946478836924,226147.35,10162912.65,10389059.99,7834970.01,7608822.67,452294.6899999995,452294.6899999995,-226147.33999999985,-226147.33999999985,0.02225221602665098,0,17,1,0,0,0,0,0
12.711442815331166,331518.8,0.0,0.0,685572.35,1237974.54,331518.8,-220883.39000000013,0.0,552402.1900000001,331518.8,0,18,0,0,0,0,1,0
9.02281127947424,8289.05,30585.0,22295.95,0.0,0.0,0.0,8289.05,8289.05,0.0,0.2710079775060485,1,23,0,0,0,1,0,0
12.446864190859014,254450.16,5974311.53,6228761.69,390852.01,136401.85,508900.3200000003,508900.32000000007,-254450.16000000015,-254450.16,0.04259070122667319,0,18,1,0,0,0,0,0
12.018237778332937,165749.31,364092.44,529841.75,3376549.93,3210800.62,331498.62000000005,331498.6200000001,-165749.31,-165749.31000000006,0.4552383860582602,0,13,1,0,0,0,0,0
10.641021645738109,41814.47,0.0,0.0,0.0,0.0,41814.47,41814.47,0.0,0.0,41814.47,1,18,0,0,0,1,0,0
9.425607384642968,12400.93,1510223.98,1522624.91,82839.82,70438.9,24801.85999999987,24801.850000000006,-12400.929999999935,-12400.920000000013,0.008211312992584721,0,15,1,0,0,0,0,0
8.54465075848235,5138.19,150356.0,145217.81,0.0,0.0,0.0,5138.19,5138.190000000002,0.0,0.03417326762305712,1,11,0,0,0,1,0,0
8.833188630682555,6857.12,77372.76,70515.64,0.0,0.0,0.0,6857.12,6857.119999999995,0.0,0.08862332656445804,1,12,0,0,0,1,0,0
8.406433682946227,4474.77,242388.15,237913.37,0.0,0.0,-0.010000000009313226,4474.77,4474.779999999999,0.0,0.01846109860940558,1,19,0,0,0,1,0,0
10.796153196812293,48831.59,21707.0,70538.59,3238130.64,3189299.05,97663.18,97663.18000000017,-48831.59,-48831.59000000032,2.2494743873226457,0,12,1,0,0,0,0,0
7.682703620230482,2169.48,0.0,0.0,0.0,0.0,2169.48,2169.48,0.0,0.0,2169.48,1,14,0,0,0,1,0,0
4.825269107116076,123.62,0.0,0.0,0.0,0.0,123.62,123.62,0.0,0.0,123.62,1,19,0,0,0,1,0,0
8.669218757645426,5819.95,29321.05,23501.1,0.0,0.0,0.0,5819.95,5819.950000000001,0.0,0.19848373493667734,1,17,0,0,0,1,0,0
11.358948186774704,85728.15,0.0,0.0,232278.35,318006.5,85728.15,0.0,0.0,85728.15,85728.15,0,18,0,1,0,0,0,0
9.500398369680873,13364.05,0.0,0.0,0.0,0.0,13364.05,13364.05,0.0,0.0,13364.05,1,19,0,0,0,1,0,0
10.252597100901314,28355.09,20204.0,0.0,0.0,0.0,8151.09,28355.09,20204.0,0.0,1.4033699579312051,1,21,0,0,0,1,0,0
9.094571431667356,8905.81,0.0,0.0,0.0,0.0,8905.81,8905.81,0.0,0.0,8905.81,1,14,0,0,0,1,0,0
13.286550613504437,589216.47,20759.0,0.0,3581752.86,4170969.34,568457.47,-0.009999999776482582,20759.0,589216.48,28.382296242774565,0,13,0,1,0,0,0,0
12.403568775569243,243668.67,907155.0,1150823.67,1892162.59,1648493.92,487337.33999999985,487337.3400000003,-243668.66999999993,-243668.67000000016,0.2686072406510016,0,9,1,0,0,0,0,0
12.706217340721464,329790.97,13944.0,343734.97,63164.72,0.0,659581.94,392955.68999999994,-329790.97,-63164.72,23.649406238795265,0,16,1,0,0,0,0,0
9.640382964096458,15372.23,100394.0,85021.77,0.0,0.0,0.0,15372.23,15372.229999999996,0.0,0.15311748593057423,1,18,0,0,0,1,0,0
10.146470201069716,25499.93,33451.48,7951.55,0.0,0.0,0.0,25499.93,25499.930000000004,0.0,0.7622732305646696,1,10,0,0,0,1,0,0
10.136767555995725,25253.7,0.0,0.0,5856713.55,5881967.26,25253.7,-0.009999999776482582,0.0,25253.709999999963,25253.7,0,18,0,1,0,0,0,0
9.084974408455476,8820.74,64585.37,55764.63,0.0,0.0,-7.275957614183426e-12,8820.74,8820.740000000005,0.0,0.1365727784360694,1,13,0,0,0,1,0,0
12.595128556140965,295116.41,10782.0,305898.41,219506.28,0.0,590232.82,514622.68999999994,-295116.41,-219506.28,27.368673838449407,0,21,1,0,0,0,0,0
9.067310295062255,8666.28,135208.19,126541.91,0.0,0.0,0.0,8666.28,8666.279999999999,0.0,0.06409534736507186,1,19,0,0,0,1,0,0
12.101201121407609,180087.04,0.0,0.0,633903.01,813990.05,180087.04,0.0,0.0,180087.04000000004,180087.04,0,0,0,1,0,0,0,0
10.35159252184323,31305.86,8093617.43,8124923.29,51661.27,20355.4,62611.72000000067,62611.73,-31305.860000000335,-31305.869999999995,0.0038679683593633414,0,14,1,0,0,0,0,0
9.217411313840039,10069.96,0.0,0.0,0.0,0.0,10069.96,10069.96,0.0,0.0,10069.96,1,17,0,0,0,1,0,0
7.973916687379739,2903.21,29843.0,26939.79,0.0,0.0,0.0,2903.21,2903.209999999999,0.0,0.09727952017155878,1,0,0,0,0,1,0,0
11.662172541763516,116094.98,11935664.0,12051758.98,211230.76,95135.77,232189.9600000009,232189.96999999997,-116094.98000000045,-116094.99,0.009726729093016601,0,11,1,0,0,0,0,0
11.480096234704108,96769.38,212372.0,115602.62,89895.68,186665.06,0.0,0.0,96769.38,96769.38,0.45565764009549237,0,14,0,1,0,0,0,0
14.149631833240226,1396711.52,2064.0,0.0,375534.01,1772245.53,1394647.52,0.0,2064.0,1396711.52,676.3736174334141,0,10,0,0,0,0,1,0
12.11297019190399,182219.03,0.0,0.0,1326781.68,1509000.71,182219.03,0.0,0.0,182219.03000000003,182219.03,0,19,0,1,0,0,0,0
10.38438537398842,32349.52,0.0,0.0,0.0,0.0,32349.52,32349.52,0.0,0.0,32349.52,1,13,0,0,0,1,0,0
8.434737240879748,4603.26,20810.0,16206.74,0.0,0.0,0.0,4603.26,4603.26,0.0,0.22119359953870552,1,9,0,0,0,1,0,0
11.175198721784607,71338.02,0.0,0.0,600865.56,672203.58,71338.02,1.1641532182693481e-10,0.0,71338.0199999999,71338.02,0,19,0,1,0,0,0,0
13.698701883713605,889754.41,0.0,0.0,4883774.98,5773529.39,889754.41,9.313225746154785e-10,0.0,889754.4099999992,889754.41,0,19,0,0,0,0,1,0
13.031681972274354,456653.32,0.0,0.0,3108374.44,3565027.75,456653.32,0.009999999776482582,0.0,456653.31000000006,456653.32,0,11,0,1,0,0,0,0
9.162177960728648,9528.79,117862.0,108333.21,0.0,0.0,0.0,9528.79,9528.789999999994,0.0,0.08084632157674589,1,23,0,0,0,1,0,0
8.976826989330782,7916.47,94361.95,86445.47,0.0,0.0,-0.00999999999476131,7916.47,7916.479999999996,0.0,0.08389383757078388,1,11,0,0,0,1,0,0
11.502201973305255,98932.38,1609496.52,1708428.9,3484293.51,3385361.13,197864.75999999978,197864.75999999978,-98932.37999999989,-98932.37999999989,0.06146786731302326,0,23,1,0,0,0,0,0
12.607487830425848,298786.48,357.0,0.0,282097.26,580883.74,298429.48,0.0,357.0,298786.48,834.5991061452513,0,15,0,1,0,0,0,0
10.638253769893725,41698.89,0.0,0.0,0.0,0.0,41698.89,41698.89,0.0,0.0,41698.89,1,18,0,0,0,1,0,0
12.500138523069138,268373.46,31450.0,0.0,1006974.82,1275348.28,236923.46000000002,0.0,31450.0,268373.4600000001,8.533066039235637,0,20,0,1,0,0,0,0
11.881822642184805,144612.89,17597.12,0.0,2457223.92,2601836.81,127015.77000000002,0.0,17597.12,144612.89000000013,8.217519257738896,0,16,0,1,0,0,0,0
11.150441682348246,69593.56,274503.0,204909.44,585902.12,655495.68,0.0,-1.1641532182693481e-10,69593.56,69593.56000000006,0.2535247573805846,0,23,0,0,0,0,1,0
8.140627444865425,3430.07,99119.85,95689.78,0.0,0.0,0.0,3430.07,3430.070000000007,0.0,0.034604929235372776,1,20,0,0,0,1,0,0
8.97001505590319,7862.72,20359.0,12496.28,0.0,0.0,0.0,7862.72,7862.719999999999,0.0,0.38618467583497057,1,19,0,0,0,1,0,0
9.799461701372822,18023.04,0.0,0.0,0.0,0.0,18023.04,18023.04,0.0,0.0,18023.04,1,19,0,0,0,1,0,0
12.3251790273998,225296.95,795722.0,570425.05,291549.73,816532.89,0.0,-299686.21,225296.94999999995,524983.16,0.2831348974454678,0,19,0,1,0,0,0,0
10.755522176723613,46887.24,2320839.41,2367726.64,479266.38,432379.14,93774.4700000002,93774.47999999998,-46887.22999999998,-46887.23999999999,0.0202026989007831,0,15,1,0,0,0,0,0
10.016517979082694,22392.32,4392.0,0.0,0.0,0.0,18000.32,22392.32,4392.0,0.0,5.097272934213521,1,10,0,0,0,1,0,0
9.524423109660663,13689.03,6096630.77,6110319.79,703629.93,689940.9,27378.050000000745,27378.060000000056,-13689.020000000484,-13689.030000000028,0.0022453430872043634,0,16,1,0,0,0,0,0
11.984708572504923,160283.97,0.0,0.0,686650.54,846934.51,160283.97,0.0,0.0,160283.96999999997,160283.97,0,18,0,1,0,0,0,0
11.455742333177735,94441.11,0.0,0.0,9561384.33,9655825.44,94441.11,0.0,0.0,94441.1099999994,94441.11,0,16,0,1,0,0,0,0
10.867196650952593,52427.03,0.0,0.0,5866473.87,5918900.9,52427.03,0.0,0.0,52427.03000000026,52427.03,0,13,0,1,0,0,0,0
12.031963276229668,168040.0,0.0,0.0,1804110.47,1972150.47,168040.0,0.0,0.0,168040.0,168040.0,0,18,0,1,0,0,0,0
10.051933419388948,23199.6,10052.0,0.0,0.0,0.0,13147.599999999999,23199.6,10052.0,0.0,2.3077290361086242,1,13,0,0,0,1,0,0
12.834713651096072,375011.13,0.0,0.0,514733.67,889744.79,375011.13,0.010000000009313226,0.0,375011.12000000005,375011.13,0,16,0,0,0,0,1,0
13.13559582117791,506659.19,10857.0,517516.19,274142.77,0.0,1013318.38,780801.96,-506659.19,-274142.77,46.662294160987294,0,10,1,0,0,0,0,0
10.149514080035999,25577.67,547566.19,521988.52,0.0,0.0,1.1641532182693481e-10,25577.67,25577.669999999925,0.0,0.04671147297923384,1,17,0,0,0,1,0,0
12.191383029485316,197082.55,30166.0,0.0,0.0,197082.55,166916.55,0.0,30166.0,197082.55,6.533051016010872,0,9,0,1,0,0,0,0
9.490286095906193,13229.58,75745.0,62515.42,0.0,0.0,0.0,13229.58,13229.580000000002,0.0,0.17465714361154383,1,9,0,0,0,1,0,0
11.746764099443718,126343.06,2894057.88,3020400.94,618893.23,492550.16,252686.1200000001,252686.13000000006,-126343.06000000006,-126343.07,0.04365600882315152,0,22,1,0,0,0,0,0
12.120622812332536,183618.84,4274983.89,4458602.73,1602129.07,1418510.23,367237.68000000063,367237.68000000017,-183618.84000000078,-183618.84000000008,0.04295192725230896,0,20,1,0,0,0,0,0
9.523709196843885,13679.26,0.0,0.0,0.0,0.0,13679.26,13679.26,0.0,0.0,13679.26,1,22,0,0,0,1,0,0
7.519768323143511,1843.14,0.0,0.0,0.0,0.0,1843.14,1843.14,0.0,0.0,1843.14,1,19,0,0,0,1,0,0
11.840589523233715,138771.27,8652132.07,8790903.34,2300648.78,2161877.51,277542.5399999991,277542.54000000004,-138771.26999999955,-138771.27000000002,0.016038966215298857,0,11,1,0,0,0,0,0
8.717772064481023,6109.55,0.0,0.0,0.0,0.0,6109.55,6109.55,0.0,0.0,6109.55,1,18,0,0,0,1,0,0
7.762328041553268,2349.37,52646.0,50296.63,0.0,0.0,0.0,2349.37,2349.3700000000026,0.0,0.04462495488821775,1,19,0,0,0,1,0,0
9.370567978397057,11736.78,783.0,0.0,0.0,0.0,10953.78,11736.78,783.0,0.0,14.970382653061225,1,14,0,0,0,1,0,0
11.985892199879155,160473.8,0.0,0.0,702767.64,863241.44,160473.8,0.0,0.0,160473.79999999993,160473.8,0,16,0,1,0,0,0,0
11.926917382955352,151283.49,39759.0,0.0,4320005.38,4471288.87,111524.48999999999,0.0,39759.0,151283.49000000022,3.804916750503018,0,21,0,1,0,0,0,0
12.287685028311211,217006.03,0.0,0.0,4883979.24,5100985.27,217006.03,9.313225746154785e-10,0.0,217006.02999999933,217006.03,0,22,0,1,0,0,0,0
10.689587591144896,43895.4,148459.0,104563.6,46418.97,90314.37,0.0,0.0,43895.399999999994,43895.399999999994,0.2956715613633302,0,20,0,1,0,0,0,0
13.265421620137596,576897.5,0.0,0.0,2247195.35,2824092.85,576897.5,0.0,0.0,576897.5,576897.5,0,12,0,1,0,0,0,0
12.763650300740581,349286.38,36315.0,385601.38,0.0,0.0,698572.76,349286.38,-349286.38,0.0,9.617974997246392,1,12,1,0,0,0,0,0
11.712005969475936,122027.02,1631820.78,1753847.79,819508.32,697481.3,244054.03000000003,244054.03999999992,-122027.01000000001,-122027.0199999999,0.0747796245249282,0,19,1,0,0,0,0,0
12.425062582519391,248962.75,0.0,0.0,658142.46,2519479.53,248962.75,-1612374.3199999998,0.0,1861337.0699999998,248962.75,0,12,0,1,0,0,0,0
6.9270773986961744,1018.51,0.0,0.0,0.0,0.0,1018.51,1018.51,0.0,0.0,1018.51,1,18,0,0,0,1,0,0
9.566050650775079,14270.94,0.0,0.0,0.0,0.0,14270.94,14270.94,0.0,0.0,14270.94,1,13,0,0,0,1,0,0
11.9220282819187,150545.65,0.0,0.0,221003.21,371548.86,150545.65,0.0,0.0,150545.65,150545.65,0,21,0,1,0,0,0,0
9.011031748472716,8191.97,390435.0,382243.03,0.0,0.0,0.0,8191.97,8191.969999999972,0.0,0.0209815949348933,1,20,0,0,0,1,0,0
8.665844204332913,5800.34,5086.0,0.0,0.0,0.0,714.3400000000001,5800.34,5086.0,0.0,1.1402280322390408,1,17,0,0,0,1,0,0
12.031492446951342,167960.9,514.0,0.0,0.0,167960.9,167446.9,0.0,514.0,167960.9,326.1376699029126,0,14,0,1,0,0,0,0
10.22730541639015,27646.91,82276.0,54629.09,1939394.06,1967040.97,0.0,0.0,27646.910000000003,27646.909999999916,0.33602233917133584,0,15,0,1,0,0,0,0
9.02591620624851,8314.83,133580.0,125265.17,0.0,8314.83,0.0,0.0,8314.830000000002,8314.83,0.062245603790958295,0,0,0,1,0,0,0,0
11.486316259388326,97373.17,0.0,0.0,9454940.97,9552314.14,97373.17,0.0,0.0,97373.16999999993,97373.17,0,21,0,1,0,0,0,0
12.149326299719709,188965.74,0.0,0.0,1564607.35,1753573.09,188965.74,0.0,0.0,188965.74,188965.74,0,16,0,0,0,0,1,0
11.726309628000577,123785.01,39643.0,0.0,4791782.38,5231413.2,84142.01,-315845.8100000005,39643.0,439630.8200000003,3.12241474119665,0,19,0,1,0,0,0,0
11.990010958514153,161136.12,6173.0,0.0,0.0,161136.12,154963.12,0.0,6173.0,161136.12,26.099144800777452,0,14,0,1,0,0,0,0
9.418150159731606,12308.79,204129.0,191820.21,0.0,0.0,0.0,12308.79,12308.790000000008,0.0,0.06029878018909519,1,18,0,0,0,1,0,0
12.568388852580794,287329.63,0.0,0.0,686848.83,974178.45,287329.63,0.010000000009313226,0.0,287329.62,287329.63,0,11,0,0,0,0,1,0
10.741599638293982,46238.96,6741677.77,6787916.73,752633.21,706394.25,92477.92000000086,92477.91999999993,-46238.960000000894,-46238.95999999996,0.006858671493776913,0,20,1,0,0,0,0,0
12.681795824423011,321834.5,1105.0,0.0,5469.28,327303.78,320729.5,0.0,1105.0,321834.5,290.98960216998194,0,15,0,1,0,0,0,0
10.33257868837504,30716.22,0.0,0.0,0.0,0.0,30716.22,30716.22,0.0,0.0,30716.22,1,13,0,0,0,1,0,0
12.630872362934445,305855.82,0.0,0.0,3411278.1,3717133.93,305855.82,-0.01000000024214387,0.0,305855.8300000001,305855.82,0,17,0,1,0,0,0,0
14.553416697818351,2091550.51,0.0,0.0,11770597.06,13862147.57,2091550.51,0.0,0.0,2091550.5099999998,2091550.51,0,12,0,0,0,0,1,0
12.88647561247872,394933.66,2165.0,0.0,738217.0,1133150.66,392768.66,0.0,2165.0,394933.6599999999,182.33317636195753,0,18,0,1,0,0,0,0
11.924263096012156,150882.47,25143834.49,25294716.96,383633.19,232750.72,301764.94000000134,301764.94000000006,-150882.47000000253,-150882.47,0.006000773830229988,0,16,1,0,0,0,0,0
9.293742660701406,10868.79,0.0,0.0,0.0,0.0,10868.79,10868.79,0.0,0.0,10868.79,1,17,0,0,0,1,0,0
7.721960127732123,2256.38,24493.0,22236.62,0.0,0.0,0.0,2256.38,2256.380000000001,0.0,0.09211970278435536,1,20,0,0,0,1,0,0
10.76143853777732,47165.47,16714.0,0.0,0.0,0.0,30451.47,47165.47,16714.0,0.0,2.82174513909662,1,0,0,0,0,1,0,0
9.838323769296277,18737.28,92612.0,73874.72,0.0,0.0,0.0,18737.28,18737.28,0.0,0.20231803310550353,1,11,0,0,0,1,0,0
12.98248824862383,434732.4,89594.0,0.0,4603352.67,5038085.08,345138.4,-0.009999999776482582,89594.0,434732.41000000015,4.852194876946259,0,11,0,0,0,0,1,0
8.02066158633095,3042.19,253697.65,250655.46,0.0,0.0,0.0,3042.19,3042.1900000000023,0.0,0.011991352732858453,1,14,0,0,0,1,0,0
12.103862717111593,180567.0,14533.0,0.0,110570.88,291137.88,166034.0,0.0,14533.0,180567.0,12.423764964909866,0,12,0,1,0,0,0,0
12.159653191505459,190927.29,0.0,0.0,695689.01,886616.3,190927.29,0.0,0.0,190927.29000000004,190927.29,0,19,0,1,0,0,0,0
8.503883002556226,4932.89,3030.0,0.0,0.0,0.0,1902.8900000000003,4932.89,3030.0,0.0,1.6274793797426592,1,8,0,0,0,1,0,0
9.507650693715462,13461.33,0.0,0.0,0.0,0.0,13461.33,13461.33,0.0,0.0,13461.33,1,13,0,0,0,1,0,0
11.730823683548095,124345.05,27771.0,0.0,376202.61,500547.66,96574.05,0.0,27771.0,124345.04999999999,4.477353089442604,0,19,0,1,0,0,0,0
9.882989903768472,19593.22,0.0,0.0,0.0,0.0,19593.22,19593.22,0.0,0.0,19593.22,1,1,0,0,0,1,0,0
12.527341646418934,275774.29,1804132.21,2079906.49,1113468.06,837693.77,551548.5699999998,551548.5800000001,-275774.28,-275774.29000000004,0.15285694452684012,0,13,1,0,0,0,0,0
9.118059499184684,9117.49,0.0,0.0,0.0,0.0,9117.49,9117.49,0.0,0.0,9117.49,1,19,0,0,0,1,0,0
11.922533446183031,150621.72,31666.0,0.0,987429.97,1138051.69,118955.72,0.0,31666.0,150621.71999999997,4.756425300786308,0,19,0,1,0,0,0,0
12.388411243845587,240003.09,0.0,0.0,969488.33,1209491.43,240003.09,-0.010000000009313226,0.0,240003.09999999998,240003.09,0,20,0,0,0,0,1,0
13.627280572733042,828423.16,2369.0,0.0,0.0,828423.16,826054.16,0.0,2369.0,828423.16,349.5456371308017,0,18,0,0,0,0,1,0
12.451104255958379,255531.34,26751739.07,27007270.41,1268349.85,1012818.5,511062.6799999997,511062.6900000002,-255531.33999999985,-255531.3500000001,0.009551952109708129,0,19,1,0,0,0,0,0
11.2413262997684,76214.97,13081.77,0.0,503539.1,579754.07,63133.2,0.0,13081.77,76214.96999999997,5.8255988601802215,0,20,0,1,0,0,0,0
9.127517302676996,9204.14,0.0,0.0,149748.87,225926.33,9204.14,-66973.31999999998,0.0,76177.45999999999,9204.14,0,8,0,1,0,0,0,0
12.568378272378878,287326.59,0.0,0.0,1375653.99,1662980.58,287326.59,0.0,0.0,287326.5900000001,287326.59,0,19,0,1,0,0,0,0
9.279295376079506,10712.88,0.0,0.0,0.0,0.0,10712.88,10712.88,0.0,0.0,10712.88,1,19,0,0,0,1,0,0
12.779479977122769,354859.48,82648.0,437507.48,62244.98,0.0,709718.96,417104.45999999996,-354859.48,-62244.98,4.293572578010623,0,13,1,0,0,0,0,0
11.112760386856923,67019.94,268.0,0.0,1167898.22,1234918.16,66751.94,0.0,268.0,67019.93999999994,249.14475836431228,0,18,0,1,0,0,0,0
13.417071196397433,671365.99,10960.0,0.0,0.0,671365.99,660405.99,0.0,10960.0,671365.99,61.25043244229541,0,9,0,1,0,0,0,0
9.484221903519572,13149.59,0.0,0.0,0.0,0.0,13149.59,13149.59,0.0,0.0,13149.59,1,12,0,0,0,1,0,0
12.686703449538353,323417.83,2989417.48,3312835.31,1200714.7,877296.87,646835.6600000001,646835.66,-323417.8300000001,-323417.82999999996,0.10818753953778998,0,10,1,0,0,0,0,0
12.166887331750328,192313.5,0.0,0.0,3241498.18,3433811.67,192313.5,0.01000000024214387,0.0,192313.48999999976,192313.5,0,13,0,0,0,0,1,0
11.894319304080772,146431.42,0.0,0.0,2428700.28,2575131.7,146431.42,-4.656612873077393e-10,0.0,146431.4200000004,146431.42,0,12,0,1,0,0,0,0
11.359633249889978,85786.9,0.0,0.0,629947.6,623420.53,85786.9,92313.96999999997,0.0,-6527.069999999949,85786.9,0,10,0,1,0,0,0,0
12.32884627410256,226124.69,16343.0,0.0,0.0,226124.69,209781.69,0.0,16343.0,226124.69,13.835333455702399,0,19,0,1,0,0,0,0
6.266422257136364,525.59,0.0,0.0,0.0,0.0,525.59,525.59,0.0,0.0,525.59,1,15,0,0,0,1,0,0
9.036302411269732,8401.65,0.0,0.0,0.0,0.0,8401.65,8401.65,0.0,0.0,8401.65,1,12,0,0,0,1,0,0
8.857747086723698,7027.63,239078.0,232050.37,0.0,0.0,0.0,7027.63,7027.630000000005,0.0,0.029394593418911742,1,12,0,0,0,1,0,0
9.757574681927956,17283.66,0.0,0.0,0.0,0.0,17283.66,17283.66,0.0,0.0,17283.66,1,15,0,0,0,1,0,0
11.784555286663782,131209.12,5085.0,136294.12,90686.96,0.0,262418.24,221896.08000000002,-131209.12,-90686.96,25.79809673613842,0,16,1,0,0,0,0,0
12.224161010199786,203649.59,11645.72,0.0,665186.57,868836.16,192003.87,-1.1641532182693481e-10,11645.72,203649.59000000008,17.48557447933839,0,14,0,1,0,0,0,0
9.814374878458231,18293.85,8457.38,0.0,0.0,0.0,9836.47,18293.85,8457.38,0.0,2.162807771700964,1,15,0,0,0,1,0,0
7.972052137235126,2897.8,70423.91,67526.11,0.0,0.0,0.0,2897.8,2897.800000000003,0.0,0.041147372428306975,1,16,0,0,0,1,0,0
15.543824691420951,5631151.53,0.0,0.0,9696757.6,15327909.13,5631151.53,-1.862645149230957e-09,0.0,5631151.530000001,5631151.53,0,18,0,0,0,0,1,0
12.731743422717505,338317.63,17089.0,0.0,2039420.55,2377738.18,321228.63,0.0,17089.0,338317.6300000001,19.79623346986542,0,10,0,1,0,0,0,0
12.67497538777212,319646.91,8793484.53,9113131.44,2510153.54,2190506.63,639293.8200000003,639293.8200000003,-319646.91000000015,-319646.91000000015,0.036350422015193784,0,20,1,0,0,0,0,0
12.156609727612679,190347.09,216331.98,25984.89,564230.93,754578.02,-2.9103830456733704e-11,0.0,190347.09000000003,190347.08999999997,0.8798801273851078,0,10,0,1,0,0,0,0
11.83444525456031,137921.23,3024437.06,3162358.29,399820.46,261899.23,275842.45999999996,275842.4600000001,-137921.22999999998,-137921.23,0.04560226635952333,0,13,1,0,0,0,0,0
8.539256007657988,5110.54,468.0,0.0,0.0,0.0,4642.54,5110.54,468.0,0.0,10.896673773987207,1,0,0,0,0,1,0,0
12.400138838290227,242834.33,152470.64,395304.97,741160.33,498325.99,485668.6599999999,485668.6699999999,-242834.32999999996,-242834.33999999997,1.592652443431447,0,15,1,0,0,0,0,0
8.965237469307546,7825.24,0.0,0.0,0.0,0.0,7825.24,7825.24,0.0,0.0,7825.24,1,15,0,0,0,1,0,0
11.776866101694464,130204.09,16759.0,146963.09,703205.09,573001.0,260408.18,260408.17999999993,-130204.09,-130204.08999999997,7.76874045346062,0,16,1,0,0,0,0,0
11.661795110364471,116051.17,0.0,0.0,591007.36,544191.23,116051.17,162867.30000000005,0.0,-46816.130000000005,116051.17,0,18,0,1,0,0,0,0
10.824528384799086,50237.07,163820.0,214057.07,1886396.4,1836159.33,100474.14000000001,100474.1399999999,-50237.07000000001,-50237.06999999983,0.3066583038804549,0,20,1,0,0,0,0,0
9.975488628169884,21492.13,173126.01,151633.89,0.0,0.0,0.010000000009313226,21492.13,21492.119999999995,0.0,0.12414082585958136,1,17,0,0,0,1,0,0
12.396564773777039,241967.97,0.0,0.0,1242080.3,1484048.27,241967.97,0.0,0.0,241967.96999999997,241967.97,0,18,0,1,0,0,0,0
12.19447459743623,197692.79,251107.0,53414.21,4.52,197697.32,0.0,-0.010000000009313226,197692.79,197692.80000000002,0.7872819265017443,0,22,0,1,0,0,0,0
15.047871423170772,3429315.14,553.0,0.0,693195.18,4122510.33,3428762.14,-0.009999999776482582,553.0,3429315.15,6190.09953068592,0,10,0,0,0,0,1,0
11.598068497691171,108886.28,1172228.08,1281114.36,1396599.19,1287712.9,217772.56000000006,217772.57000000007,-108886.28000000003,-108886.29000000004,0.09288822625011145,0,10,1,0,0,0,0,0
11.435877560061552,92583.55,0.0,0.0,1073158.47,1930179.38,92583.55,-764437.3599999999,0.0,857020.9099999999,92583.55,0,8,0,1,0,0,0,0
8.364095623538548,4289.23,35375.0,31085.77,0.0,0.0,0.0,4289.23,4289.23,0.0,0.12124689054726367,1,15,0,0,0,1,0,0
10.405641283898158,33044.52,49964.0,16919.48,567981.77,601026.29,0.0,0.0,33044.520000000004,33044.52000000002,0.6613533473431401,0,19,0,1,0,0,0,0
9.044137016249605,8467.74,8888.03,420.29,0.0,0.0,0.0,8467.74,8467.74,0.0,0.9526056273856651,1,15,0,0,0,1,0,0
13.148723710770138,513354.42,10737.0,0.0,0.0,513354.42,502617.42,0.0,10737.0,513354.42,47.80726578506239,0,19,0,0,0,0,1,0
10.520477239029507,37065.81,992.0,0.0,0.0,0.0,36073.81,37065.81,992.0,0.0,37.327099697885195,1,11,0,0,0,1,0,0
8.873735526562813,7140.91,2223726.37,2230867.28,115504.85,108363.94,14281.819999999832,14281.820000000007,-7140.909999999683,-7140.9100000000035,0.003211234477902747,0,22,1,0,0,0,0,0
10.857955376257165,51944.76,22315.0,0.0,193835.28,245780.04,29629.760000000002,0.0,22315.0,51944.76000000001,2.3276913425345045,0,19,0,1,0,0,0,0
12.219809708545748,202765.37,0.0,0.0,557179.74,759945.11,202765.37,0.0,0.0,202765.37,202765.37,0,20,0,1,0,0,0,0
10.400583048006343,32877.79,26452.0,0.0,0.0,0.0,6425.790000000001,32877.79,26452.0,0.0,1.2428756662760367,1,14,0,0,0,1,0,0
12.757907094362507,347286.1,0.0,0.0,4442895.74,4790181.84,347286.1,0.0,0.0,347286.0999999996,347286.1,0,19,0,1,0,0,0,0
12.422009974279787,248203.92,0.0,0.0,1390885.82,1639089.74,248203.92,0.0,0.0,248203.91999999993,248203.92,0,15,0,1,0,0,0,0
11.385683736586845,88051.08,7310.0,0.0,0.0,88051.08,80741.08,0.0,7310.0,88051.08,12.04364382437423,0,12,0,1,0,0,0,0
8.261454131732094,3870.72,49837.0,45966.28,0.0,0.0,0.0,3870.72,3870.720000000001,0.0,0.07766603796300012,1,0,0,0,0,1,0,0
8.63346753401181,5615.52,73039.0,67423.48,0.0,0.0,0.0,5615.52,5615.520000000004,0.0,0.07688280394304492,1,19,0,0,0,1,0,0
11.134422879062107,68487.62,27993.0,0.0,0.0,68487.62,40494.619999999995,0.0,27993.0,68487.62,2.446510680860184,0,20,0,1,0,0,0,0
9.057402456452918,8580.83,43467.0,34886.17,0.0,0.0,0.0,8580.83,8580.830000000002,0.0,0.19740567773994663,1,19,0,0,0,1,0,0
9.45249329486596,12738.89,446698.74,459437.62,251262.24,238523.35,25477.77000000002,25477.78,-12738.880000000005,-12738.889999999985,0.028517791391595614,0,12,1,0,0,0,0,0
10.840979736815846,51070.39,22516866.41,22567936.8,332731.81,281661.41,102140.78000000119,102140.79000000004,-51070.390000000596,-51070.40000000002,0.0022680948051112585,0,20,1,0,0,0,0,0
7.784040349711927,2400.96,3053.16,652.19,0.0,0.0,-0.009999999999763531,2400.96,2400.97,0.0,0.7861277732666265,1,17,0,0,0,1,0,0
12.429630511004417,250102.6,0.0,0.0,618319.74,868422.33,250102.6,0.010000000009313226,0.0,250102.58999999997,250102.6,0,13,0,1,0,0,0,0
12.876531378818083,391025.8,11532.0,0.0,0.0,391025.8,379493.8,0.0,11532.0,391025.8,33.9049510101448,0,17,0,1,0,0,0,0
9.096696757084063,8924.76,199904.33,190979.57,0.0,0.0,2.9103830456733704e-11,8924.76,8924.75999999998,0.0,0.04464493267888355,1,11,0,0,0,1,0,0
10.30125074354676,29768.83,223619.86,193851.04,133604.79,163373.62,0.010000000009313226,0.0,29768.819999999978,29768.829999999987,0.13312188317315302,0,20,0,1,0,0,0,0
11.505511851926109,99260.38,0.0,0.0,2377332.92,2476593.3,99260.38,0.0,0.0,99260.37999999989,99260.38,0,22,0,1,0,0,0,0
12.7167078911754,333268.88,201927.17,535196.06,3013565.51,2680296.62,666537.77,666537.7699999996,-333268.89,-333268.88999999966,1.650432824701972,0,12,1,0,0,0,0,0
13.731153114357758,919101.67,157866.0,0.0,4206387.69,5125489.36,761235.67,0.0,157866.0,919101.6699999999,5.821999974662216,0,12,0,0,0,0,1,0
12.121654466929675,183808.37,5139.0,0.0,0.0,183808.37,178669.37,0.0,5139.0,183808.37,35.76038326848249,0,10,0,1,0,0,0,0
8.389107515352963,4397.89,5593.0,1195.11,0.0,0.0,0.0,4397.89,4397.89,0.0,0.7861798355380766,1,18,0,0,0,1,0,0
11.761604668538942,128232.06,346.0,0.0,0.0,128232.06,127886.06,0.0,346.0,128232.06,369.5448414985591,0,14,0,1,0,0,0,0
11.902667341720528,147658.96,0.0,0.0,779609.92,1054519.49,147658.96,-127250.60999999999,0.0,274909.56999999995,147658.96,0,11,0,1,0,0,0,0
10.606963210264693,40414.28,105822.0,65407.72,0.0,40414.28,0.0,0.0,40414.28,40414.28,0.38190450091190004,0,9,0,1,0,0,0,0
12.833857098721221,374690.05,19303616.09,19678306.14,603919.78,229229.73,749380.1000000015,749380.1000000001,-374690.05000000075,-374690.05000000005,0.019410354456010397,0,10,1,0,0,0,0,0
11.73868614860407,125326.57,10045.0,0.0,0.0,229355.26,115281.57,-104028.69,10045.0,229355.26,12.475270754529166,0,9,0,1,0,0,0,0
11.30702722969975,81390.59,11196.0,92586.59,3749.25,0.0,162781.18,85139.84,-81390.59,-3749.25,7.268964008216487,0,14,1,0,0,0,0,0
11.0974357782526,66000.7,0.0,0.0,1440441.11,1506441.82,66000.7,-0.010000000009313226,0.0,66000.70999999996,66000.7,0,10,0,1,0,0,0,0
8.496843534526649,4898.28,0.0,0.0,0.0,0.0,4898.28,4898.28,0.0,0.0,4898.28,1,18,0,0,0,1,0,0
13.284096285067864,587772.11,195147.05,0.0,0.0,587772.11,392625.06,0.0,195147.05,587772.11,3.0119291993950235,0,10,0,1,0,0,0,0
10.596846710627249,40007.48,153530.56,113523.08,0.0,0.0,0.0,40007.48,40007.479999999996,0.0,0.26058147263012243,1,13,0,0,0,1,0,0
11.90292052658465,147696.35,0.0,0.0,190078.71,337775.05,147696.35,0.010000000009313226,0.0,147696.34,147696.35,0,23,0,1,0,0,0,0
9.612272580069181,14946.1,307.0,0.0,43821.91,58768.0,14639.1,0.010000000002037268,307.0,14946.089999999997,48.5262987012987,0,16,0,1,0,0,0,0
7.543982840717746,1888.34,800383.16,798494.82,97266.75,79632.8,-1.1641532182693481e-10,19522.289999999994,1888.3400000000838,-17633.949999999997,0.002359292067948971,0,8,0,0,1,0,0,0
7.315484488743369,1502.4,0.0,0.0,0.0,0.0,1502.4,1502.4,0.0,0.0,1502.4,1,16,0,0,0,1,0,0
7.967394557149463,2884.33,0.0,0.0,5764616.36,5767500.69,2884.33,0.0,0.0,2884.3300000000745,2884.33,0,21,0,0,1,0,0,0
9.70335776631175,16371.49,103766.41,87394.92,0.0,0.0,0.0,16371.49,16371.490000000005,0.0,0.15777101885842576,1,15,0,0,0,1,0,0
9.13339777067004,9258.43,134134.59,124876.16,0.0,0.0,0.0,9258.43,9258.429999999993,0.0,0.06902291927146256,1,12,0,0,0,1,0,0
11.25020198599293,76894.45,13902.0,0.0,1311349.2,1388243.65,62992.45,0.0,13902.0,76894.44999999995,5.530781126375603,0,18,0,1,0,0,0,0
11.446029928252559,93528.29,0.0,0.0,5434125.2,5527653.5,93528.29,-0.009999999776482582,0.0,93528.29999999981,93528.29,0,16,0,1,0,0,0,0
11.458212963329126,94674.73,0.0,0.0,1383283.76,1477958.49,94674.73,0.0,0.0,94674.72999999998,94674.73,0,13,0,1,0,0,0,0
13.236797308844597,560618.28,1621.0,0.0,419724.79,980343.07,558997.28,1.1641532182693481e-10,1621.0,560618.28,345.63395807644883,0,13,0,0,0,0,1,0
12.566784012143124,286868.88,7159862.38,7446731.26,986404.33,699535.45,573737.7599999998,573737.76,-286868.8799999999,-286868.88,0.0400662505378699,0,14,1,0,0,0,0,0
12.015035316501857,165219.35,9448603.74,9613823.09,290594.52,125375.17,330438.69999999925,330438.7,-165219.34999999963,-165219.35000000003,0.01748611086466085,0,23,1,0,0,0,0,0
12.565742789375875,286570.34,40784.0,0.0,0.0,286570.34,245786.34000000003,0.0,40784.0,286570.34,7.026366065955622,0,21,0,1,0,0,0,0
10.55802591269823,38484.08,24845.0,63329.08,0.0,0.0,76968.16,38484.08,-38484.08,0.0,1.548904451420752,1,19,1,0,0,0,0,0
7.495536388313268,1798.99,0.0,0.0,0.0,0.0,1798.99,1798.99,0.0,0.0,1798.99,1,18,0,0,0,1,0,0
9.544994528319148,13973.57,164702.0,150728.43,0.0,0.0,0.0,13973.57,13973.570000000007,0.0,0.08484101686065221,1,23,0,0,0,1,0,0
11.021740690709214,61189.1,0.0,0.0,1376597.37,1437786.47,61189.1,2.3283064365386963e-10,0.0,61189.09999999986,61189.1,0,19,0,0,0,0,1,0
12.853771260057565,382226.5,159.0,0.0,460805.05,843031.56,382067.5,-0.010000000009313226,159.0,382226.51000000007,2388.915625,0,16,0,1,0,0,0,0
10.77425379212516,47773.81,12076.44,0.0,0.0,0.0,35697.369999999995,47773.81,12076.44,0.0,3.9556238739335483,1,8,0,0,0,1,0,0
11.048342318328881,62838.7,0.0,0.0,1865691.48,1928530.18,62838.7,0.0,0.0,62838.69999999995,62838.7,0,18,0,1,0,0,0,0
9.80864541318378,18189.33,104350.0,86160.67,0.0,0.0,0.0,18189.33,18189.33,0.0,0.174309110597886,1,12,0,0,0,1,0,0
11.236667092875047,75860.69,0.0,0.0,332996.52,408857.22,75860.69,-0.009999999951105565,0.0,75860.69999999995,75860.69,0,17,0,1,0,0,0,0
8.27585002729132,3926.86,19918.0,15991.14,0.0,0.0,0.0,3926.86,3926.8600000000006,0.0,0.19714142276218685,1,10,0,0,0,1,0,0
9.835985711767343,18693.52,256967.81,238274.29,0.0,0.0,0.0,18693.52,18693.51999999999,0.0,0.07274626052866105,1,21,0,0,0,1,0,0
11.424133594751943,91502.6,0.0,0.0,936892.35,1028394.95,91502.6,0.0,0.0,91502.59999999998,91502.6,0,16,0,1,0,0,0,0
12.103203745440839,180448.05,9273779.41,9454227.46,782331.5,601883.46,360896.1000000015,360896.0900000001,-180448.05000000075,-180448.04000000004,0.01945787392220558,0,14,1,0,0,0,0,0
9.076049834130972,8742.36,635919.15,627176.79,0.0,0.0,0.0,8742.36,8742.359999999986,0.0,0.01374757506897682,1,12,0,0,0,1,0,0
11.27929966636038,79164.8,7081.0,0.0,310413.79,389578.6,72083.8,-0.010000000009313226,7081.0,79164.81,11.17831121152217,0,19,0,1,0,0,0,0
8.902232438058146,7347.36,636.0,0.0,0.0,0.0,6711.36,7347.36,636.0,0.0,11.534317111459968,1,22,0,0,0,1,0,0
10.211788463210953,27221.21,70579.0,43357.79,0.0,0.0,0.0,27221.21,27221.21,0.0,0.3856788041938226,1,22,0,0,0,1,0,0
12.691660765779693,325025.1,204803.08,0.0,503710.8,828735.9,120222.01999999999,-1.1641532182693481e-10,204803.08,325025.10000000003,1.5870050049784163,0,9,0,1,0,0,0,0
11.784422437476492,131191.69,14834609.09,14965800.78,617212.05,486020.37,262383.37999999896,262383.37,-131191.68999999948,-131191.68000000005,0.008843622394122527,0,20,1,0,0,0,0,0
10.609983243985788,40536.52,0.0,0.0,331948.34,372484.86,40536.52,5.820766091346741e-11,0.0,40536.51999999996,40536.52,0,20,0,1,0,0,0,0
12.637713201244607,307955.31,0.0,0.0,1593881.65,1901836.96,307955.31,0.0,0.0,307955.31000000006,307955.31,0,15,0,1,0,0,0,0
12.22246647928959,203304.79,50528.0,0.0,175473.86,378778.65,152776.79,0.0,50528.0,203304.79000000004,4.023526885550872,0,19,0,1,0,0,0,0
12.247855410362785,208532.59,20695.0,0.0,0.0,208532.59,187837.59,0.0,20695.0,208532.59,10.07598521453421,0,16,0,1,0,0,0,0
10.176027560377884,26264.92,171.0,0.0,0.0,0.0,26093.92,26264.92,171.0,0.0,152.70302325581395,1,14,0,0,0,1,0,0
11.87931074066762,144250.09,10309.0,154559.09,129.0,0.0,288500.18,144379.09,-144250.09,-129.0,13.991279340446168,0,19,1,0,0,0,0,0
13.356890402428748,632154.32,161560.0,0.0,159288.71,791443.02,470594.31999999995,0.009999999892897904,161560.0,632154.31,3.9127903392526657,0,21,0,0,0,0,1,0
12.263064181557906,211728.37,101152.0,0.0,0.0,211728.37,110576.37,0.0,101152.0,211728.37,2.0931496841418444,0,11,0,1,0,0,0,0
12.145750237417577,188291.19,311.0,0.0,4424909.64,4613200.83,187980.19,0.0,311.0,188291.1900000004,603.4974038461538,0,16,0,0,0,0,1,0
8.465070079140828,4745.06,0.0,0.0,0.0,0.0,4745.06,4745.06,0.0,0.0,4745.06,1,17,0,0,0,1,0,0
9.410654094640217,12216.86,0.0,0.0,0.0,0.0,12216.86,12216.86,0.0,0.0,12216.86,1,20,0,0,0,1,0,0
12.569031529098625,287514.35,50058.0,0.0,0.0,287514.35,237456.34999999998,0.0,50058.0,287514.35,5.743509658602848,0,13,0,1,0,0,0,0
6.489964521183336,657.5,33976.0,33318.5,0.0,0.0,0.0,657.5,657.5,0.0,0.019351325896930276,1,18,0,0,0,1,0,0
8.431665803678767,4589.14,0.0,0.0,387168.52,391757.66,4589.14,5.820766091346741e-11,0.0,4589.139999999956,4589.14,0,18,0,1,0,0,0,0
10.41131368231438,33232.5,0.0,0.0,380988.34,414220.84,33232.5,0.0,0.0,33232.5,33232.5,0,19,0,1,0,0,0,0
12.448804291326123,254944.3,0.0,0.0,290549.23,545493.53,254944.3,0.0,0.0,254944.30000000005,254944.3,0,18,0,1,0,0,0,0
6.174452548445097,479.32,178969.2,178489.88,0.0,0.0,0.0,479.32,479.320000000007,0.0,0.002678211232931516,1,18,0,0,0,1,0,0
11.210254823029162,73883.24,16105522.54,16179405.78,1027474.38,953591.14,147766.48000000045,147766.4800000001,-73883.24000000022,-73883.23999999999,0.0045874472702797965,0,13,1,0,0,0,0,0
13.207945208079355,544674.35,0.0,0.0,852652.97,1217210.43,544674.35,180116.8899999999,0.0,364557.45999999996,544674.35,0,17,0,0,0,0,1,0
9.5406881782159,13913.52,253472.0,239558.48,0.0,0.0,0.0,13913.52,13913.51999999999,0.0,0.05489152690819141,1,16,0,0,0,1,0,0
9.917299230664375,20277.15,0.0,0.0,0.0,0.0,20277.15,20277.15,0.0,0.0,20277.15,1,18,0,0,0,1,0,0
12.691075687781304,324834.99,3267601.08,3592436.07,1334446.22,1009611.22,649669.9799999995,649669.99,-324834.98999999976,-324835.0,0.0994108162643843,0,17,1,0,0,0,0,0
12.685169957870544,322922.25,3902360.51,4225282.77,713477.48,468214.47,645844.5099999998,568185.26,-322922.2599999998,-245263.01,0.08275047024026229,0,18,1,0,0,0,0,0
10.944163301173202,56621.59,8754354.3,8810975.89,123577.07,66955.47,113243.1799999997,113243.19,-56621.58999999985,-56621.600000000006,0.006467819509221883,0,22,1,0,0,0,0,0
11.551901244283512,103973.53,0.0,0.0,724049.55,828023.08,103973.53,1.1641532182693481e-10,0.0,103973.52999999991,103973.53,0,21,0,1,0,0,0,0
11.27642966784633,78937.92,0.0,0.0,3626638.62,3761706.67,78937.92,-56130.12999999989,0.0,135068.0499999998,78937.92,0,16,0,1,0,0,0,0
11.904421525322029,147918.21,4073362.66,3925444.46,163443.19,311361.39,0.009999999776482582,0.010000000009313226,147918.2000000002,147918.2,0.036313529148536666,0,11,0,1,0,0,0,0
12.673889353956826,319299.95,16553.37,0.0,2987756.46,3307056.41,302746.58,0.0,16553.37,319299.9500000002,19.287955385798433,0,10,0,1,0,0,0,0
8.746256784651187,6286.11,0.0,0.0,0.0,0.0,6286.11,6286.11,0.0,0.0,6286.11,1,19,0,0,0,1,0,0
13.578766310061459,789192.1,0.0,0.0,8009302.57,8798494.67,789192.1,0.0,0.0,789192.0999999996,789192.1,0,23,0,0,0,0,1,0
11.330882709307627,83355.57,15004.0,98359.57,0.0,0.0,166711.14,83355.57,-83355.57,0.0,5.55518627124292,1,10,1,0,0,0,0,0
9.090484188833825,8869.48,31493.25,22623.78,0.0,0.0,0.00999999999839929,8869.48,8869.470000000001,0.0,0.28162220087793804,1,18,0,0,0,1,0,0
12.782699605247368,356003.84,0.0,0.0,3251800.66,3607804.5,356003.84,0.0,0.0,356003.83999999985,356003.84,0,14,0,1,0,0,0,0
13.492819948941262,724196.88,102296.09,0.0,820424.52,1544621.4,621900.79,0.0,102296.09,724196.8799999999,7.079349764494768,0,21,0,0,0,0,1,0
8.863556351185421,7068.58,2024.64,0.0,0.0,0.0,5043.94,7068.58,2024.64,0.0,3.4895539187614775,1,18,0,0,0,1,0,0
10.466767476461566,35127.48,281.0,0.0,308205.6,343333.09,34846.48,-0.010000000067520887,281.0,35127.49000000005,124.56553191489363,0,22,0,1,0,0,0,0
13.225129546653891,554115.12,316429.0,0.0,35762.0,589877.11,237686.12,0.010000000009313226,316429.0,554115.11,1.751145972252947,0,11,0,1,0,0,0,0
8.477185448636373,4802.91,0.0,0.0,0.0,0.0,4802.91,4802.91,0.0,0.0,4802.91,1,18,0,0,0,1,0,0
10.987810398339176,59147.73,346930.18,287782.46,1072772.55,1131920.27,0.010000000009313226,0.010000000009313226,59147.71999999997,59147.71999999997,0.17048836602118037,0,16,0,1,0,0,0,0
6.5826482134396205,721.45,0.0,0.0,0.0,0.0,721.45,721.45,0.0,0.0,721.45,1,12,0,0,0,1,0,0
12.14897559451337,188899.48,0.0,0.0,352810.46,541709.94,188899.48,1.1641532182693481e-10,0.0,188899.47999999992,188899.48,0,16,0,1,0,0,0,0
12.347459354213925,230373.0,20370.0,0.0,425994.82,656367.82,210003.0,1.1641532182693481e-10,20370.0,230372.99999999994,11.308870453095086,0,11,0,1,0,0,0,0
11.294845696041744,80405.13,20381.18,0.0,375805.19,456210.32,60023.950000000004,0.0,20381.18,80405.13,3.944873904557805,0,15,0,1,0,0,0,0
11.900946574030424,147405.09,253923.47,106518.39,218316.62,365721.7,0.009999999980209395,0.009999999951105565,147405.08000000002,147405.08000000002,0.5805076210260476,0,10,0,1,0,0,0,0
9.158403712779133,9492.89,31070.0,21577.11,0.0,0.0,0.0,9492.89,9492.89,0.0,0.30552251295420163,1,0,0,0,0,1,0,0
11.283428649345009,79492.35,14357819.35,14437311.7,230620.05,151127.7,158984.69999999925,158984.7,-79492.34999999963,-79492.34999999998,0.005536519336655442,0,19,1,0,0,0,0,0
9.502387404115451,13390.66,387.0,0.0,0.0,0.0,13003.66,13390.66,387.0,0.0,34.51201030927835,1,21,0,0,0,1,0,0
9.652786507525805,15564.1,100124.0,84559.9,0.0,0.0,0.0,15564.1,15564.100000000006,0.0,0.15544669163545569,1,10,0,0,0,1,0,0
13.089976581355137,484065.02,3466372.0,3950437.02,3305040.86,2820975.83,968130.04,968130.0499999998,-484065.02,-484065.0299999998,0.13964597000957485,0,10,1,0,0,0,0,0
9.237981803255687,10279.27,0.0,0.0,0.0,0.0,10279.27,10279.27,0.0,0.0,10279.27,1,14,0,0,0,1,0,0
12.441112356117214,252990.8,0.0,0.0,3219504.22,3472495.01,252990.8,0.01000000024214387,0.0,252990.78999999957,252990.8,0,18,0,1,0,0,0,0
7.876125995721728,2632.65,12069.0,9436.35,0.0,0.0,0.0,2632.65,2632.6499999999996,0.0,0.2181151615575808,1,22,0,0,0,1,0,0
7.539064289173378,1879.07,0.0,0.0,0.0,0.0,1879.07,1879.07,0.0,0.0,1879.07,1,14,0,0,0,1,0,0
10.109865747373783,24583.36,0.0,0.0,242144.5,266727.86,24583.36,0.0,0.0,24583.359999999986,24583.36,0,10,0,1,0,0,0,0
13.304933186714411,600147.97,108698.0,0.0,0.0,600147.97,491449.97,0.0,108698.0,600147.97,5.521191271308844,0,12,0,1,0,0,0,0
12.3909467335095,240612.39,0.0,0.0,4654124.89,4894737.28,240612.39,-9.313225746154785e-10,0.0,240612.3900000006,240612.39,0,20,0,1,0,0,0,0
9.929522191036023,20526.53,0.0,0.0,0.0,0.0,20526.53,20526.53,0.0,0.0,20526.53,1,16,0,0,0,1,0,0
12.868515382351891,387903.86,0.0,0.0,1789225.21,2177129.06,387903.86,0.009999999776482582,0.0,387903.8500000001,387903.86,0,16,0,1,0,0,0,0
11.068533440546265,64120.4,11680.0,75800.4,1740193.44,1676073.04,128240.79999999999,128240.79999999981,-64120.399999999994,-64120.39999999991,5.489290300487972,0,20,1,0,0,0,0,0
9.420170086186735,12333.68,89192.0,76858.32,0.0,0.0,0.0,12333.68,12333.679999999993,0.0,0.1382808067897705,1,16,0,0,0,1,0,0
12.681141114294405,321623.86,121398.0,0.0,0.0,321623.86,200225.86,0.0,121398.0,321623.86,2.6493122678111023,0,10,0,1,0,0,0,0
9.915721412764242,20245.18,15979.0,0.0,0.0,0.0,4266.18,20245.18,15979.0,0.0,1.2669073842302878,1,21,0,0,0,1,0,0
14.326293330812177,1666594.25,102.0,0.0,0.0,1666594.25,1666492.25,0.0,102.0,1666594.25,16180.526699029126,0,19,0,0,0,0,1,0
11.995899797268065,162087.83,10171495.41,10333583.24,870501.58,741404.25,324175.66000000015,291185.1599999999,-162087.83000000007,-129097.32999999996,0.01593549498190306,0,11,1,0,0,0,0,0
11.549237336157248,103696.92,809.0,0.0,1975284.04,2078980.96,102887.92,0.0,809.0,103696.91999999993,128.0208888888889,0,21,0,1,0,0,0,0
11.931676720043802,152005.22,171338.0,19332.78,0.0,152005.22,0.0,0.0,152005.22,152005.22,0.8871606581105295,0,10,0,1,0,0,0,0
11.457184504891407,94577.41,3784234.37,3878811.78,140012.53,45435.12,189154.81999999983,189154.82,-94577.40999999968,-94577.41,0.02499247556052519,0,14,1,0,0,0,0,0
10.175550783441809,26252.4,10266.0,0.0,0.0,0.0,15986.400000000001,26252.4,10266.0,0.0,2.5569689295802087,1,12,0,0,0,1,0,0
13.250944947343948,568606.09,5240461.76,5809067.85,2084315.25,1515709.16,1137212.1799999997,1137212.18,-568606.0899999999,-568606.0900000001,0.1085030303697836,0,10,1,0,0,0,0,0
12.33167472155073,226765.18,25391.0,252156.18,1496693.48,1269928.3,453530.36,453530.35999999987,-226765.18,-226765.17999999993,8.93057577189666,0,18,1,0,0,0,0,0
12.714596652607417,332566.01,53608.0,0.0,624167.08,956733.09,278958.01,0.0,53608.0,332566.01,6.203548098267082,0,18,0,1,0,0,0,0
8.689612549531986,5939.88,371319.04,365379.15,0.0,0.0,-0.009999999951105565,5939.88,5939.889999999956,0.0,0.0159966588390974,1,14,0,0,0,1,0,0
11.980718840904716,159645.75,0.0,0.0,1122888.33,1282534.08,159645.75,0.0,0.0,159645.75,159645.75,0,15,0,1,0,0,0,0
12.767891091546483,350770.78,15558.0,0.0,172388.49,224889.14,335212.78,298270.13,15558.0,52500.65000000002,22.544558133556144,0,14,0,1,0,0,0,0
13.076324234702941,477501.29,1783747.38,2261248.67,2319442.84,1841941.56,955002.5800000001,955002.5699999998,-477501.29000000004,-477501.2799999998,0.2676954302265435,0,10,1,0,0,0,0,0
11.76915131246196,129203.45,105993.0,0.0,322357.55,451561.0,23210.449999999997,0.0,105993.0,129203.45000000001,1.2189694699699982,0,19,0,1,0,0,0,0
12.044851109347723,170219.7,0.0,0.0,383933.97,554153.67,170219.7,-1.1641532182693481e-10,0.0,170219.70000000007,170219.7,0,18,0,1,0,0,0,0
12.445737800405306,254163.71,869715.0,615551.29,147094.77,401258.48,0.0,0.0,254163.70999999996,254163.71,0.29223759250146025,0,20,0,1,0,0,0,0
12.819212707366622,369242.91,0.0,0.0,1835744.18,2204987.09,369242.91,0.0,0.0,369242.9099999999,369242.91,0,15,0,0,0,0,1,0
12.848247006660772,380120.8,30855.0,0.0,0.0,380120.8,349265.8,0.0,30855.0,380120.8,12.319185895773916,0,12,0,0,0,0,1,0
10.626865154411222,41226.68,4194732.02,4235958.7,1177080.5,1066337.5,82453.36000000034,151969.67999999993,-41226.68000000063,-110743.0,0.009828201175959467,0,18,1,0,0,0,0,0
13.555233228332618,770836.78,86246.0,0.0,0.0,770836.78,684590.78,0.0,86246.0,770836.78,8.937548900251603,0,11,0,0,0,0,1,0
8.225636957415857,3734.5,0.0,0.0,0.0,0.0,3734.5,3734.5,0.0,0.0,3734.5,1,17,0,0,0,1,0,0
12.385311079381339,239260.19,0.0,0.0,371618.17,462424.97,239260.19,148453.39,0.0,90806.79999999999,239260.19,0,17,0,1,0,0,0,0
10.923401992690978,55458.15,406512.76,351054.6,0.0,0.0,-0.010000000009313226,55458.15,55458.16000000003,0.0,0.13642379534705049,1,16,0,0,0,1,0,0
6.4239447719566325,615.43,0.0,0.0,0.0,0.0,615.43,615.43,0.0,0.0,615.43,1,17,0,0,0,1,0,0
12.172140920985504,193326.5,0.0,0.0,304264.87,497591.37,193326.5,0.0,0.0,193326.5,193326.5,0,15,0,1,0,0,0,0
11.210572431670192,73906.71,51920.0,125826.71,2587180.04,2893435.25,147813.42,-232348.5,-73906.71,306255.20999999996,1.4234454267059573,0,11,1,0,0,0,0,0
7.52970179553096,1861.55,21635.0,19773.45,0.0,0.0,0.0,1861.55,1861.5499999999993,0.0,0.08603947125161768,1,16,0,0,0,1,0,0
8.983425969932428,7968.89,0.0,0.0,0.0,0.0,7968.89,7968.89,0.0,0.0,7968.89,1,17,0,0,0,1,0,0
11.649190779522163,114597.59,31293.0,0.0,0.0,114597.59,83304.59,0.0,31293.0,114597.59,3.661966830702371,0,16,0,1,0,0,0,0
12.087041556378928,177555.04,0.0,0.0,1369068.83,1819543.09,177555.04,-272919.22,0.0,450474.26,177555.04,0,16,0,1,0,0,0,0
11.72086156696763,123112.45,50479.0,0.0,0.0,124894.21,72633.45,-1781.7600000000093,50479.0,124894.21,2.43883617274168,0,18,0,1,0,0,0,0
10.107964359195144,24536.66,14422.0,0.0,0.0,0.0,10114.66,24536.66,14422.0,0.0,1.7012174998266658,1,17,0,0,0,1,0,0
9.020863678132457,8272.92,0.0,0.0,0.0,0.0,8272.92,8272.92,0.0,0.0,8272.92,1,23,0,0,0,1,0,0
9.107402474962171,9020.83,216649.0,207628.17,0.0,0.0,0.0,9020.83,9020.829999999987,0.0,0.041637802907915994,1,10,0,0,0,1,0,0
12.41867139532854,247376.65,0.0,0.0,619645.37,867022.02,247376.65,0.0,0.0,247376.65000000002,247376.65,0,11,0,1,0,0,0,0
10.539674093815094,37784.25,0.0,0.0,0.0,0.0,37784.25,37784.25,0.0,0.0,37784.25,1,21,0,0,0,1,0,0
11.37549941227927,87158.88,1610.0,88768.88,0.0,0.0,174317.76,87158.88,-87158.88,0.0,54.10234636871509,1,16,1,0,0,0,0,0
11.616671237632012,110930.84,51721.0,0.0,539668.42,650599.26,59209.84,0.0,51721.0,110930.83999999997,2.1447515563976642,0,17,0,1,0,0,0,0
8.880809389017479,7191.61,18014.89,10823.27,0.0,0.0,-0.00999999999839929,7191.61,7191.619999999999,0.0,0.3991815003310966,1,20,0,0,0,1,0,0
9.404564972300369,12142.69,382.0,12524.69,411247.43,399104.74,24285.38,24285.380000000005,-12142.69,-12142.690000000002,31.70415143603133,0,20,1,0,0,0,0,0
13.968320653896063,1165102.7,820698.0,0.0,4518294.01,5683396.71,344404.69999999995,0.0,820698.0,1165102.7000000002,1.419646788895807,0,15,0,0,0,0,1,0
10.952645381439336,57103.91,0.0,0.0,1951031.13,2008135.04,57103.91,-2.3283064365386963e-10,0.0,57103.91000000015,57103.91,0,13,0,1,0,0,0,0
11.128733226351725,68099.05,10516.0,0.0,0.0,0.0,57583.05,68099.05,10516.0,0.0,6.4751402491204715,1,15,0,0,0,1,0,0
9.998947266614191,22002.29,0.0,0.0,0.0,0.0,22002.29,22002.29,0.0,0.0,22002.29,1,16,0,0,0,1,0,0
9.2851574497979,10775.87,100054.39,89278.52,0.0,0.0,0.0,10775.87,10775.869999999995,0.0,0.10769904549869828,1,9,0,0,0,1,0,0
9.175791369370064,9659.41,1214.0,0.0,0.0,0.0,8445.41,9659.41,1214.0,0.0,7.9501316872427985,1,23,0,0,0,1,0,0
9.712809981290924,16526.98,0.0,0.0,0.0,0.0,16526.98,16526.98,0.0,0.0,16526.98,1,18,0,0,0,1,0,0
12.490795731997684,265877.77,3418235.71,3684113.48,659445.48,393567.71,531755.54,531755.54,-265877.77,-265877.76999999996,0.07778214107354783,0,19,1,0,0,0,0,0
13.44975826786747,693673.61,386980.0,0.0,878926.8,1572600.41,306693.61,2.3283064365386963e-10,386980.0,693673.6099999999,1.792526273899752,0,20,0,0,0,0,1,0
10.620921165645523,40982.35,0.0,0.0,117077.03,124873.74,40982.35,33185.64,0.0,7796.710000000006,40982.35,0,18,0,1,0,0,0,0
9.50650164419329,13445.87,403468.05,390022.18,0.0,0.0,0.0,13445.87,13445.869999999995,0.0,0.03332565409911863,1,17,0,0,0,1,0,0
8.366367976097553,4298.99,2646.0,0.0,0.0,0.0,1652.9899999999998,4298.99,2646.0,0.0,1.6240989799773327,1,23,0,0,0,1,0,0
11.424556002563568,91541.26,30779.0,0.0,40234.0,131775.26,60762.259999999995,0.0,30779.0,91541.26000000001,2.9740500324886288,0,10,0,1,0,0,0,0
8.834638414161116,6867.07,40922.61,34055.54,0.0,0.0,0.0,6867.07,6867.07,0.0,0.16780215626138553,1,22,0,0,0,1,0,0
9.365191377946402,11673.84,236175.54,224501.71,0.0,0.0,0.009999999980209395,11673.84,11673.830000000016,0.0,0.04942844873584819,1,22,0,0,0,1,0,0
9.985116386261797,21700.06,75128.05,53428.0,0.0,0.0,0.00999999999476131,21700.06,21700.050000000003,0.0,0.28883714089290363,1,10,0,0,0,1,0,0
11.277769553280502,79043.76,0.0,0.0,5888327.47,5967371.23,79043.76,-9.313225746154785e-10,0.0,79043.76000000071,79043.76,0,15,0,1,0,0,0,0
10.338626019430782,30902.54,206600.0,175697.46,0.0,0.0,0.0,30902.54,30902.540000000008,0.0,0.14957594590539253,1,19,0,0,0,1,0,0
11.92987668770807,151731.85,0.0,0.0,223793.79,375525.64,151731.85,0.0,0.0,151731.85,151731.85,0,17,0,0,0,0,1,0
12.753116276914906,345626.29,0.0,0.0,411542.69,757168.98,345626.29,0.0,0.0,345626.29,345626.29,0,15,0,1,0,0,0,0
11.04269076903064,62484.56,0.0,0.0,346597.96,409082.51,62484.56,0.010000000009313226,0.0,62484.54999999999,62484.56,0,14,0,0,0,0,1,0
10.061196608114043,23415.51,47351.0,23935.49,548752.7,572168.21,0.0,0.0,23415.51,23415.51000000001,0.49449885960466294,0,16,0,0,0,0,1,0
12.401447140851111,243152.24,5855758.64,6098910.87,2969092.16,2725939.93,486304.47000000067,486304.4700000002,-243152.23000000045,-243152.22999999998,0.04152360324680267,0,22,1,0,0,0,0,0
9.959557346266388,21152.43,0.0,0.0,0.0,0.0,21152.43,21152.43,0.0,0.0,21152.43,1,9,0,0,0,1,0,0
7.948491249119558,2830.3,14555.0,11724.7,0.0,0.0,0.0,2830.3,2830.2999999999993,0.0,0.19444215443803245,1,11,0,0,0,1,0,0
10.564500153887424,38734.05,3285.0,0.0,0.0,0.0,35449.05,38734.05,3285.0,0.0,11.787598904443092,1,12,0,0,0,1,0,0
11.777569052882201,130295.65,5532.0,0.0,468944.92,599240.56,124763.65,0.009999999892897904,5532.0,130295.64000000007,23.54882523043557,0,19,0,1,0,0,0,0
10.92234046838759,55399.31,592471.2,647870.51,3675052.08,3619652.77,110798.62000000011,110798.62000000011,-55399.310000000056,-55399.310000000056,0.09350533240209415,0,19,1,0,0,0,0,0
11.035297967756689,62024.32,2476.0,0.0,8434.25,70458.57,59548.32,0.0,2476.0,62024.32000000001,25.04009689140089,0,21,0,1,0,0,0,0
11.399583515575257,89283.53,50053.0,0.0,409242.0,498525.52,39230.53,0.010000000009313226,50053.0,89283.52000000002,1.783744156311184,0,17,0,1,0,0,0,0
11.90255755644207,147642.75,10721.0,0.0,0.0,147642.75,136921.75,0.0,10721.0,147642.75,13.770075545607163,0,22,0,1,0,0,0,0
9.634790779995427,15286.5,73040.0,57753.5,0.0,0.0,0.0,15286.5,15286.5,0.0,0.20928656507988663,1,21,0,0,0,1,0,0
9.413903063402003,12256.62,61980.0,49723.38,0.0,0.0,0.0,12256.62,12256.620000000003,0.0,0.19774801955437957,1,21,0,0,0,1,0,0
10.1359935391545,25234.16,295442.97,270208.81,0.0,0.0,0.0,25234.16,25234.159999999974,0.0,0.08541098334144373,1,12,0,0,0,1,0,0
11.750490840046323,126814.79,0.0,0.0,1516771.68,1643586.47,126814.79,0.0,0.0,126814.79000000004,126814.79,0,10,0,1,0,0,0,0
9.466245358613687,12915.3,5097.0,0.0,0.0,0.0,7818.299999999999,12915.3,5097.0,0.0,2.533405256963515,1,19,0,0,0,1,0,0
11.972165562179324,158286.07,0.0,0.0,248434.76,406720.84,158286.07,-0.010000000009313226,0.0,158286.08000000002,158286.07,0,12,0,1,0,0,0,0
8.63110563487472,5602.27,10709.0,5106.73,0.0,0.0,0.0,5602.27,5602.27,0.0,0.5230877684407097,1,9,0,0,0,1,0,0
12.436355848764341,251790.3,577893.44,829683.74,76076.0,0.0,503580.6000000001,327866.3,-251790.30000000005,-76076.0,0.43570292872172295,0,15,1,0,0,0,0,0
9.36870729380728,11714.96,22745.0,11030.04,0.0,0.0,0.0,11714.96,11714.96,0.0,0.5150338521058647,1,19,0,0,0,1,0,0
11.710359664990403,121826.29,83077.0,0.0,11140310.31,11262136.6,38749.28999999999,0.0,83077.0,121826.2899999991,1.466408555815017,0,16,0,1,0,0,0,0
13.163621801475351,521059.69,89830.0,0.0,5667173.2,6188232.89,431229.69,9.313225746154785e-10,89830.0,521059.6899999995,5.800444056060825,0,12,0,1,0,0,0,0
12.543119574127171,280159.96,0.0,0.0,861503.95,1141663.91,280159.96,0.0,0.0,280159.95999999996,280159.96,0,11,0,0,0,0,1,0
8.510545142024753,4965.87,0.0,0.0,0.0,0.0,4965.87,4965.87,0.0,0.0,4965.87,1,13,0,0,0,1,0,0
10.369446450373172,31869.83,0.0,0.0,0.0,0.0,31869.83,31869.83,0.0,0.0,31869.83,1,16,0,0,0,1,0,0
8.252443484040793,3835.99,42248.0,38412.01,0.0,0.0,0.0,3835.99,3835.989999999998,0.0,0.09079481171151979,1,17,0,0,0,1,0,0
10.72958942821255,45686.93,0.0,0.0,292608.03,338294.96,45686.93,0.0,0.0,45686.92999999999,45686.93,0,18,0,1,0,0,0,0
12.683553686622378,322400.74,10351.0,0.0,209477.51,531878.25,312049.74,0.0,10351.0,322400.74,31.143811823802164,0,15,0,1,0,0,0,0
9.978503184070988,21557.02,19579.0,0.0,0.0,0.0,1978.0200000000004,21557.02,19579.0,0.0,1.1009713993871297,1,18,0,0,0,1,0,0
9.939000921203283,20722.03,55169.0,34446.97,230824.13,251546.16,0.0,0.0,20722.03,20722.03,0.37560322639115457,0,20,0,1,0,0,0,0
12.548196737427672,281586.0,21299.0,0.0,1287035.25,1568621.25,260287.0,0.0,21299.0,281586.0,13.22,0,18,0,1,0,0,0,0
12.956296537981443,423493.81,81684.0,505177.81,957797.88,979572.8,846987.62,401718.8899999999,-423493.81,21774.920000000042,5.184474628144702,0,12,1,0,0,0,0,0
11.615913729062997,110846.84,20366.0,131212.84,844721.28,733874.44,221693.68,221693.68000000005,-110846.84,-110846.84000000008,5.442472627289242,0,15,1,0,0,0,0,0
8.556923390144314,5201.65,36523.0,31321.35,0.0,0.0,0.0,5201.65,5201.6500000000015,0.0,0.14241731464242688,1,20,0,0,0,1,0,0
11.432295718356379,92252.52,0.0,0.0,415992.62,508245.14,92252.52,0.0,0.0,92252.52000000002,92252.52,0,1,0,1,0,0,0,0
8.52912571484287,5059.02,0.0,0.0,0.0,0.0,5059.02,5059.02,0.0,0.0,5059.02,1,20,0,0,0,1,0,0
12.513481827720874,271978.46,176.0,0.0,4691580.55,4963559.01,271802.46,0.0,176.0,271978.45999999996,1536.6014689265537,0,16,0,1,0,0,0,0
11.576827252185774,106597.77,193733.0,87135.23,21047.0,105069.14,0.0,22575.630000000005,106597.77,84022.14,0.5502274768497012,0,18,0,1,0,0,0,0
13.19260325239246,536381.74,213292.0,0.0,8507.67,544889.41,323089.74,0.0,213292.0,536381.74,2.5147648539802057,0,19,0,1,0,0,0,0
9.464554591794704,12893.48,13461687.2,13474580.68,284573.98,271680.49,25786.960000000894,25786.969999999972,-12893.480000000447,-12893.48999999999,0.0009577907175119388,0,20,1,0,0,0,0,0
10.247925478644712,28222.93,50087.0,78309.93,1546785.87,1518562.94,56445.859999999986,56445.8600000001,-28222.929999999993,-28222.930000000168,0.563466898259064,0,11,1,0,0,0,0,0
8.412010437735592,4499.8,34002.0,29502.2,0.0,0.0,0.0,4499.8,4499.799999999999,0.0,0.1323353821721613,1,17,0,0,0,1,0,0
8.581611080278028,5331.69,4561.0,0.0,0.0,0.0,770.6899999999996,5331.69,4561.0,0.0,1.1687176676896098,1,22,0,0,0,1,0,0
12.411646265626306,245644.88,43537.0,289181.88,4066355.44,3820710.56,491289.76,491289.76000000024,-245644.88,-245644.8799999999,5.642080022049703,0,17,1,0,0,0,0,0
12.615730053655529,301259.33,2049027.88,2350287.21,709435.05,408175.72,602518.6600000001,602518.6600000001,-301259.3300000001,-301259.3300000001,0.14702541918296438,0,11,1,0,0,0,0,0
12.699267944441628,327507.06,16948.57,0.0,1635276.55,1962783.61,310558.49,0.0,16948.57,327507.06000000006,19.322440628287325,0,16,0,1,0,0,0,0
12.309865337794955,221873.09,246190.0,24316.91,1210395.7,1432268.79,0.0,0.0,221873.09,221873.09000000008,0.9012233997181051,0,15,0,1,0,0,0,0
9.541329029794484,13922.44,228250.55,214328.11,0.0,0.0,0.0,13922.44,13922.440000000002,0.0,0.060996037047722135,1,20,0,0,0,1,0,0
12.311383514955645,222210.19,0.0,0.0,2703675.7,2925885.89,222210.19,0.0,0.0,222210.18999999994,222210.19,0,18,0,1,0,0,0,0
11.739073697704722,125375.15,0.0,0.0,520962.0,646337.15,125375.15,0.0,0.0,125375.15000000002,125375.15,0,16,0,1,0,0,0,0
10.16893168472284,26079.2,0.0,0.0,0.0,0.0,26079.2,26079.2,0.0,0.0,26079.2,1,20,0,0,0,1,0,0
13.556887201566733,772112.78,150383.0,0.0,649974.44,1422087.22,621729.78,0.0,150383.0,772112.78,5.134274789871263,0,13,0,0,0,0,1,0
12.348892039567623,230703.29,2226377.22,2457080.51,484049.13,253345.85,461406.5799999996,461406.57000000007,-230703.28999999957,-230703.28,0.10362268545728047,0,9,1,0,0,0,0,0
12.216472330854042,202089.79,21225.0,0.0,913107.71,1115197.5,180864.79,0.0,21225.0,202089.79000000004,9.520860736832187,0,16,0,1,0,0,0,0
9.117441881709405,9111.86,0.0,0.0,0.0,0.0,9111.86,9111.86,0.0,0.0,9111.86,1,12,0,0,0,1,0,0
7.8113943145988625,2467.57,0.0,0.0,0.0,0.0,2467.57,2467.57,0.0,0.0,2467.57,1,19,0,0,0,1,0,0
12.057475474718986,172382.25,20226.0,0.0,372067.85,544450.1,152156.25,0.0,20226.0,172382.25,8.522383447866712,0,10,0,1,0,0,0,0
9.090803173675733,8872.31,0.0,0.0,0.0,0.0,8872.31,8872.31,0.0,0.0,8872.31,1,14,0,0,0,1,0,0
12.748526811642305,344043.68,3584705.83,3928749.51,9705762.99,9361719.31,688087.3599999994,688087.3599999994,-344043.6799999997,-344043.6799999997,0.09597540226183573,0,18,1,0,0,0,0,0
10.972625028768784,58256.32,0.0,0.0,4447991.58,4506247.89,58256.32,0.010000000707805157,0.0,58256.30999999959,58256.32,0,11,0,1,0,0,0,0
13.229152817662955,556348.97,8689.0,0.0,220609.09,776958.06,547659.97,-1.1641532182693481e-10,8689.0,556348.9700000001,64.02174568469505,0,16,0,0,0,0,1,0
11.840310249779623,138732.52,0.0,0.0,1242669.1,1381401.62,138732.52,0.0,0.0,138732.52000000002,138732.52,0,19,0,1,0,0,0,0
12.063831893443156,173481.48,0.0,0.0,975652.17,1149133.65,173481.48,2.3283064365386963e-10,0.0,173481.47999999986,173481.48,0,17,0,1,0,0,0,0
8.243524471682807,3801.92,51830.0,48028.08,0.0,0.0,0.0,3801.92,3801.9199999999983,0.0,0.07335224093689105,1,19,0,0,0,1,0,0
11.771634518825719,129524.69,0.0,129524.69,4194405.73,4064881.04,259049.38,259049.38000000082,-129524.69,-129524.69000000041,129524.69,0,20,1,0,0,0,0,0
12.142302522432532,187643.13,2210.0,0.0,16039.68,203682.81,185433.13,0.0,2210.0,187643.13,84.86799185888738,0,10,0,1,0,0,0,0
12.153749979416025,189803.52,56627.0,0.0,76446.27,266249.79,133176.52,0.0,56627.0,189803.51999999996,3.3517609663064207,0,11,0,1,0,0,0,0
6.796410224977055,893.63,0.0,0.0,0.0,0.0,893.63,893.63,0.0,0.0,893.63,1,16,0,0,0,1,0,0
10.72218089092581,45349.7,10958.0,0.0,14631.2,59980.9,34391.7,-7.275957614183426e-12,10958.0,45349.7,4.138123916415731,0,19,0,1,0,0,0,0
8.552363404667062,5177.98,3256013.87,3261191.85,128785.16,123607.18,10355.959999999963,10355.960000000021,-5177.979999999981,-5177.9800000000105,0.001590281435047623,0,12,1,0,0,0,0,0
12.291900418169782,217922.73,5020277.86,5238200.59,361626.96,143704.22,435845.45999999996,435845.4700000001,-217922.72999999952,-217922.74000000002,0.043408491057407114,0,16,1,0,0,0,0,0
12.351275455158355,231253.81,3641.0,0.0,0.0,231253.81,227612.81,0.0,3641.0,231253.81,63.496378363536515,0,19,0,1,0,0,0,0
7.956035214919108,2851.74,30426.0,27574.26,0.0,0.0,0.0,2851.74,2851.7400000000016,0.0,0.09372399513589903,1,20,0,0,0,1,0,0
9.549980442850831,14043.42,206749.0,192705.58,0.0,0.0,0.0,14043.42,14043.420000000013,0.0,0.06792464328899638,1,16,0,0,0,1,0,0
11.52323840334067,101035.63,0.0,0.0,1213924.1,1314959.73,101035.63,0.0,0.0,101035.62999999989,101035.63,0,11,0,1,0,0,0,0
11.569659705528075,105836.45,99813.0,205649.45,31676.07,0.0,211672.90000000002,137512.52,-105836.45000000001,-31676.07,1.0603367263109382,0,9,1,0,0,0,0,0
12.872351252187123,389394.67,0.0,0.0,4848673.94,8006999.19,389394.67,-2768930.58,0.0,3158325.25,389394.67,0,14,0,1,0,0,0,0
9.098029088939924,8936.66,0.0,0.0,0.0,0.0,8936.66,8936.66,0.0,0.0,8936.66,1,12,0,0,0,1,0,0
10.348181707096185,31199.26,133146.08,101946.82,483256.08,514455.34,2.9103830456733704e-11,0.0,31199.25999999998,31199.26000000001,0.23432177408622104,0,21,0,1,0,0,0,0
7.879227137818995,2640.83,5520.0,2879.17,0.0,0.0,0.0,2640.83,2640.83,0.0,0.47832457888063756,1,22,0,0,0,1,0,0
12.11929576831605,183375.33,0.0,0.0,1660258.96,1843634.29,183375.33,0.0,0.0,183375.33000000007,183375.33,0,15,0,1,0,0,0,0
12.723305399728806,335474.9,0.0,0.0,1449080.99,1784555.9,335474.9,-0.009999999776482582,0.0,335474.9099999999,335474.9,0,22,0,0,0,0,1,0
11.784408945780116,131189.92,0.0,0.0,2754926.45,2886116.36,131189.92,0.01000000024214387,0.0,131189.90999999968,131189.92,0,15,0,1,0,0,0,0
11.96875796895418,157747.61,8774957.78,8932705.38,4086255.48,3928507.87,315495.2100000009,315495.21999999974,-157747.6000000015,-157747.60999999987,0.017977020058434965,0,19,1,0,0,0,0,0
9.35604030173106,11567.49,0.0,0.0,1110238.43,1121805.92,11567.49,0.0,0.0,11567.48999999999,11567.49,0,23,0,1,0,0,0,0
12.629810387561939,305531.18,22047.0,0.0,1574461.08,1879992.26,283484.18,0.0,22047.0,305531.17999999993,13.857546262699564,0,14,0,1,0,0,0,0
12.347830681341154,230458.56,17938947.64,18169406.2,8784631.47,8554172.92,460917.1199999973,460917.11000000127,-230458.55999999866,-230458.55000000075,0.012846826457049269,0,18,1,0,0,0,0,0
10.79652275871571,48849.64,0.0,0.0,55814.32,104663.96,48849.64,-1.4551915228366852e-11,0.0,48849.64000000001,48849.64,0,20,0,1,0,0,0,0
11.328274356877426,83138.43,206395.72,123257.28,209006.94,292145.37,-0.010000000009313226,0.0,83138.44,83138.43,0.40280887215649547,0,18,0,1,0,0,0,0
9.170715577192915,9610.5,0.0,0.0,0.0,0.0,9610.5,9610.5,0.0,0.0,9610.5,1,23,0,0,0,1,0,0
12.042306232365755,169787.06,497.0,0.0,0.0,169787.06,169290.06,0.0,497.0,169787.06,340.9378714859438,0,23,0,1,0,0,0,0
8.619883344828336,5539.74,0.0,0.0,0.0,0.0,5539.74,5539.74,0.0,0.0,5539.74,1,14,0,0,0,1,0,0
10.974390629082498,58359.27,0.0,0.0,611649.17,670008.44,58359.27,1.1641532182693481e-10,0.0,58359.2699999999,58359.27,0,13,0,1,0,0,0,0
9.712325836420483,16518.98,0.0,0.0,0.0,0.0,16518.98,16518.98,0.0,0.0,16518.98,1,19,0,0,0,1,0,0
14.442844293015847,1872610.04,0.0,0.0,3973239.78,5845849.81,1872610.04,0.010000000707805157,0.0,1872610.0299999998,1872610.04,0,14,0,0,0,0,1,0
12.234349509935559,205735.09,0.0,0.0,3805461.64,4011196.73,205735.09,0.0,0.0,205735.08999999985,205735.09,0,13,0,1,0,0,0,0
11.865226969348715,142232.73,12156.0,0.0,0.0,142232.73,130076.73000000001,0.0,12156.0,142232.73,11.699656987743687,0,15,0,1,0,0,0,0
11.13525668452726,68544.75,11394378.67,11462923.42,573333.51,504788.77,137089.5,137089.49,-68544.75,-68544.73999999999,0.006015663158958086,0,10,1,0,0,0,0,0
12.112900603279748,182206.35,30579.0,0.0,0.0,211461.15,151627.35,-29254.79999999999,30579.0,211461.15,5.958350228907783,0,14,0,1,0,0,0,0
10.863983477454914,52258.84,8260346.21,8312605.05,964099.99,911841.15,104517.6799999997,104517.67999999993,-52258.83999999985,-52258.83999999997,0.006326470143620028,0,17,1,0,0,0,0,0
9.603809818968573,14820.14,0.0,0.0,0.0,0.0,14820.14,14820.14,0.0,0.0,14820.14,1,9,0,0,0,1,0,0
13.242693920960793,563933.8,1736.0,0.0,69617.32,633551.12,562197.8,1.1641532182693481e-10,1736.0,563933.8,324.6596430627519,0,18,0,0,0,0,1,0
9.528724282475496,13748.04,68132.0,54383.96,0.0,0.0,0.0,13748.04,13748.04,0.0,0.20178239619567612,1,20,0,0,0,1,0,0
8.85430807863617,7003.5,40286.0,33282.5,0.0,0.0,0.0,7003.5,7003.5,0.0,0.17384019658947056,1,21,0,0,0,1,0,0
13.003945090018284,444161.2,1531.0,0.0,3516889.68,3961050.88,442630.2,4.656612873077393e-10,1531.0,444161.1999999997,289.922454308094,0,21,0,0,0,0,1,0
12.779145818159657,354740.92,0.0,0.0,415142.73,488783.78,354740.92,281099.8699999999,0.0,73641.05000000005,354740.92,0,17,0,1,0,0,0,0
9.236242983929293,10261.41,41029.0,30767.59,0.0,0.0,0.0,10261.41,10261.41,0.0,0.25009529612478676,1,0,0,0,0,1,0,0
11.61303800405675,110528.53,110528.53,0.0,0.0,0.0,0.0,110528.53,110528.53,0.0,0.9999909526440581,1,8,0,0,0,0,1,1
12.481908717857623,263525.37,0.0,0.0,1548027.95,1811553.32,263525.37,-2.3283064365386963e-10,0.0,263525.3700000001,263525.37,0,19,0,1,0,0,0,0
12.564200518456209,286128.71,4211717.64,4497846.35,597348.16,311219.45,572257.4199999999,572257.4200000002,-286128.70999999996,-286128.71,0.0679363306187044,0,14,1,0,0,0,0,0
12.318231718535873,223737.16,22268.0,0.0,1934901.63,2158638.78,201469.16,0.01000000024214387,22268.0,223737.1499999999,10.047023216130047,0,14,0,1,0,0,0,0
12.707092539887704,330079.73,0.0,0.0,8072064.01,8402143.75,330079.73,-0.009999999776482582,0.0,330079.7400000002,330079.73,0,10,0,0,0,0,1,0
8.573083801933073,5286.41,0.0,0.0,0.0,0.0,5286.41,5286.41,0.0,0.0,5286.41,1,13,0,0,0,1,0,0
13.351833450012826,628965.61,303099.0,0.0,0.0,939292.61,325866.61,-310327.0,303099.0,939292.61,2.0751092378752887,0,18,0,0,0,0,1,0
7.747661603434983,2315.15,0.0,0.0,0.0,0.0,2315.15,2315.15,0.0,0.0,2315.15,1,20,0,0,0,1,0,0
9.063973817085134,8637.41,0.0,0.0,0.0,0.0,8637.41,8637.41,0.0,0.0,8637.41,1,19,0,0,0,1,0,0
10.831788867722722,50603.15,52166.0,1562.85,0.0,50603.15,0.0,0.0,50603.15,50603.15,0.9700222362796405,0,17,0,1,0,0,0,0
9.894546197495627,19820.97,2029.0,0.0,0.0,19820.97,17791.97,0.0,2029.0,19820.97,9.764024630541872,0,11,0,1,0,0,0,0
12.597892546462367,295933.24,14810.0,0.0,122853.81,418787.05,281123.24,0.0,14810.0,295933.24,19.980638714468974,0,18,0,1,0,0,0,0
10.69337706869372,44062.06,4254310.4,4298372.46,410143.51,366081.45,88124.11999999918,88124.12,-44062.05999999959,-44062.06,0.010357036863827126,0,11,1,0,0,0,0,0
9.497212616605912,13321.54,55081.0,41759.46,0.0,0.0,0.0,13321.54,13321.54,0.0,0.2418492429468792,1,9,0,0,0,1,0,0
11.831286755452624,137486.29,7287832.77,7425319.07,189481.48,51995.19,274972.5900000008,274972.58,-137486.30000000075,-137486.29,0.018865179193021032,0,21,1,0,0,0,0,0
11.359048614315007,85736.76,0.0,0.0,94706.96,40278.39,85736.76,140165.33000000002,0.0,-54428.57000000001,85736.76,0,7,0,1,0,0,0,0
8.789979876351318,6567.1,53233.0,46665.9,0.0,0.0,0.0,6567.1,6567.0999999999985,0.0,0.12336288837960703,1,18,0,0,0,1,0,0
12.853664694804568,382185.77,1279669.95,1661855.72,3621556.66,3239370.89,764371.54,764371.54,-382185.77,-382185.77,0.29865940928017476,0,17,1,0,0,0,0,0
12.657013956508367,313956.83,1032924.02,1346880.85,1800873.47,1486916.63,627913.6600000001,627913.6699999999,-313956.8300000001,-313956.8400000001,0.3039492934346774,0,9,1,0,0,0,0,0
12.864432036994454,386323.14,69810.0,456133.14,0.0,0.0,772646.28,386323.14,-386323.14,0.0,5.533843377118219,1,17,1,0,0,0,0,0
12.325688799997154,225411.83,69902.0,295313.83,875737.09,650325.26,450823.66000000003,450823.6599999999,-225411.83000000002,-225411.82999999996,3.2246374261476616,0,13,1,0,0,0,0,0
10.446268715723603,34414.72,123318.82,88904.1,0.0,0.0,0.0,34414.72,34414.72,0.0,0.27906884716503805,1,18,0,0,0,1,0,0
12.504105575049433,269440.23,0.0,0.0,1596272.27,1865712.5,269440.23,0.0,0.0,269440.23,269440.23,0,22,0,1,0,0,0,0
7.4375302249065385,1697.55,744146.0,742448.45,0.0,0.0,0.0,1697.55,1697.5500000000466,0.0,0.0022812025043439,1,21,0,0,0,1,0,0
12.88133519526219,392908.74,0.0,0.0,937331.94,1330240.68,392908.74,0.0,0.0,392908.74,392908.74,0,17,0,1,0,0,0,0
13.016378266727639,449718.02,0.0,0.0,3072433.74,3522151.76,449718.02,4.656612873077393e-10,0.0,449718.01999999955,449718.02,0,10,0,1,0,0,0,0
12.122529121309638,183969.21,59120.0,0.0,0.0,183969.21,124849.20999999999,0.0,59120.0,183969.21,3.1117404983000965,0,12,0,1,0,0,0,0
12.73134951522314,338184.39,197303.0,0.0,152194.0,485001.32,140881.39,5377.070000000007,197303.0,332807.32,1.714027034424036,0,16,0,0,0,0,1,0
10.64108932174987,41817.3,179084.0,220901.3,1416125.69,1374308.4,83634.59999999998,83634.59000000008,-41817.29999999999,-41817.29000000004,0.23350531870340901,0,17,1,0,0,0,0,0
11.858195317404455,141236.1,131683.0,0.0,427990.78,1208225.74,9553.100000000006,-638998.86,131683.0,780234.96,1.0725380456243736,0,16,0,1,0,0,0,0
10.873627629315648,52765.28,260489.0,207723.72,128400.58,181165.86,0.0,0.0,52765.28,52765.279999999984,0.20256163384390954,0,15,0,1,0,0,0,0
12.273370107288592,213921.72,5002.0,0.0,129748.16,343669.88,208919.72,0.0,5002.0,213921.72,42.758688786727966,0,10,0,1,0,0,0,0
13.894507543676523,1082200.06,1082200.06,0.0,0.0,1082200.06,0.0,0.0,1082200.06,1082200.06,0.9999990759572902,0,15,0,1,0,0,0,1
12.595961064474121,295362.2,3347818.09,3643180.3,342110.33,46748.13,590724.4100000001,590724.4,-295362.20999999996,-295362.2,0.0882252571180601,0,9,1,0,0,0,0,0
11.024870608231911,61380.92,132105.0,193485.92,8456.72,0.0,122761.84000000003,69837.64,-61380.92000000001,-8456.72,0.4646338546318865,0,13,1,0,0,0,0,0
10.559930550821122,38557.45,0.0,0.0,181362.55,219920.0,38557.45,0.0,0.0,38557.45000000001,38557.45,0,12,0,1,0,0,0,0
9.186383688523522,9762.28,0.0,0.0,0.0,0.0,9762.28,9762.28,0.0,0.0,9762.28,1,11,0,0,0,1,0,0
12.590688442759962,293808.96,10708091.14,11001900.1,523051.32,229242.36,587617.9199999999,587617.92,-293808.95999999903,-293808.96,0.02743803061821618,0,9,1,0,0,0,0,0
12.333149999330676,227099.97,17798.0,0.0,417342.77,644442.74,209301.97,0.0,17798.0,227099.96999999997,12.75914208663408,0,12,0,1,0,0,0,0
9.610026145187643,14912.56,4957.0,0.0,0.0,0.0,9955.56,14912.56,4957.0,0.0,3.0077773295683743,1,21,0,0,0,1,0,0
12.168926075853355,192705.98,207706.92,400412.9,1346390.71,1153684.73,385411.95999999996,385411.95999999996,-192705.98,-192705.97999999998,0.9277738663022576,0,16,1,0,0,0,0,0
11.821589469065382,136159.48,291457.41,155297.92,138069.9,274229.38,-0.009999999951105565,0.0,136159.48999999996,136159.48,0.46716607010928257,0,15,0,1,0,0,0,0
9.709235712075433,16468.01,258361.6,241893.59,0.0,0.0,0.0,16468.01,16468.01000000001,0.0,0.0637399143684109,1,14,0,0,0,1,0,0
7.9572823599597555,2855.3,23115.0,20259.7,0.0,0.0,0.0,2855.3,2855.2999999999993,0.0,0.12352050527772972,1,20,0,0,0,1,0,0
12.102264424439488,180278.63,4746846.64,4927125.27,216487.59,36208.95,360557.2599999998,360557.26999999996,-180278.6299999999,-180278.64,0.03797860046757263,0,14,1,0,0,0,0,0
11.69263436173837,119685.89,1526956.03,1646641.91,9157983.98,9038298.09,239371.7699999998,239371.7800000012,-119685.87999999989,-119685.8900000006,0.07838196337456857,0,12,1,0,0,0,0,0
10.201999766713763,26956.04,84159.45,57203.42,0.0,0.0,0.00999999999476131,26956.04,26956.03,0.0,0.3202934394956301,1,18,0,0,0,1,0,0
10.233908660809723,27830.08,6259.22,0.0,0.0,0.0,21570.86,27830.08,6259.22,0.0,4.445543447354885,1,0,0,0,0,1,0,0
11.95066129344908,154918.56,44593.0,0.0,216873.39,371791.95,110325.56,0.0,44593.0,154918.56,3.4739776651567476,0,11,0,1,0,0,0,0
12.55745527484426,284205.19,6157303.53,6441508.72,631401.82,347196.63,568410.3799999999,568410.38,-284205.1899999995,-284205.18999999994,0.04615740355463627,0,11,1,0,0,0,0,0
10.141093615723895,25363.19,15005.0,0.0,0.0,0.0,10358.189999999999,25363.19,15005.0,0.0,1.6902032520325203,1,22,0,0,0,1,0,0
10.323267709667181,30431.54,86628.73,56197.19,0.0,0.0,1.4551915228366852e-11,30431.54,30431.539999999994,0.0,0.3512828679022779,1,18,0,0,0,1,0,0
10.457342205528542,34797.94,61959.39,27161.45,0.0,0.0,0.0,34797.94,34797.94,0.0,0.5616158968657234,1,14,0,0,0,1,0,0
10.763990906741153,47286.01,15214.0,0.0,0.0,47286.01,32072.010000000002,0.0,15214.0,47286.01,3.107854748603352,0,20,0,1,0,0,0,0
12.362364174959852,233832.4,23681.0,0.0,438645.01,672477.41,210151.4,0.0,23681.0,233832.40000000002,9.873845114432902,0,12,0,1,0,0,0,0
9.844588565954405,18855.04,3547.0,0.0,0.0,0.0,15308.04,18855.04,3547.0,0.0,5.314272829763247,1,12,0,0,0,1,0,0
10.39511139646095,32698.38,0.0,0.0,0.0,0.0,32698.38,32698.38,0.0,0.0,32698.38,1,11,0,0,0,1,0,0
6.8392837001699744,932.82,19030.0,18097.18,0.0,0.0,0.0,932.82,932.8199999999997,0.0,0.04901581629972151,1,23,0,0,0,1,0,0
12.836388273918391,375639.66,6678887.6,7054527.27,1446746.2,1071106.54,751279.3300000001,751279.3199999998,-375639.6699999999,-375639.6599999999,0.05624283956465451,0,22,1,0,0,0,0,0
8.83961431474332,6901.33,0.0,0.0,0.0,0.0,6901.33,6901.33,0.0,0.0,6901.33,1,13,0,0,0,1,0,0
12.996555385246426,440891.07,5306.0,446197.07,614200.18,173309.11,881782.14,881782.14,-440891.07,-440891.07000000007,83.07726964386659,0,9,1,0,0,0,0,0
10.833369109329114,50683.18,760.0,0.0,242992.38,293675.56,49923.18,0.0,760.0,50683.17999999999,66.60076215505913,0,13,0,1,0,0,0,0
13.199902010961095,540310.99,20182.0,0.0,0.0,540310.99,520128.99,0.0,20182.0,540310.99,26.770598523509886,0,13,0,1,0,0,0,0
9.691603499493807,16180.17,0.0,0.0,0.0,0.0,16180.17,16180.17,0.0,0.0,16180.17,1,16,0,0,0,1,0,0
9.333703366222544,11311.95,346656.9,335344.95,0.0,0.0,0.0,11311.95,11311.950000000012,0.0,0.03263145019917331,1,11,0,0,0,1,0,0
9.930115851451951,20538.72,0.0,0.0,528673.09,549211.81,20538.72,-1.1641532182693481e-10,0.0,20538.72000000009,20538.72,0,16,0,0,0,0,1,0
9.997342128007752,21967.0,0.0,0.0,0.0,0.0,21967.0,21967.0,0.0,0.0,21967.0,1,10,0,0,0,1,0,0
10.013019306470893,22314.11,103615.0,81300.89,0.0,0.0,0.0,22314.11,22314.11,0.0,0.21535390287214332,1,13,0,0,0,1,0,0
11.925591252515094,151083.0,0.0,0.0,1666772.54,1817855.54,151083.0,0.0,0.0,151083.0,151083.0,0,14,0,1,0,0,0,0
11.254613180134099,77234.4,132498.0,55263.6,1296036.75,1373271.15,0.0,0.0,77234.4,77234.3999999999,0.5829055313625008,0,10,0,1,0,0,0,0
11.343552393534502,84418.39,8179023.8,8263442.19,1781960.68,1697542.28,168836.78000000026,168836.7899999998,-84418.3900000006,-84418.3999999999,0.010321327060898507,0,22,1,0,0,0,0,0
11.897213854150568,146855.89,4692096.64,4838952.53,3733773.48,3586917.59,293711.78000000026,293711.78000000026,-146855.8900000006,-146855.89000000013,0.03129855797288993,0,13,1,0,0,0,0,0
9.549256049534144,14033.25,30716.47,16683.22,0.0,0.0,0.0,14033.25,14033.25,0.0,0.456849148058092,1,18,0,0,0,1,0,0
12.328677946464223,226086.63,0.0,0.0,4027948.05,4254034.68,226086.63,0.0,0.0,226086.6299999999,226086.63,0,14,0,0,0,0,1,0
7.302765929186442,1483.4,50482.68,48999.28,0.0,0.0,0.0,1483.4,1483.4000000000015,0.0,0.02938375332384644,1,18,0,0,0,1,0,0
8.70936936491195,6058.42,64130.13,58071.71,0.0,0.0,0.0,6058.42,6058.419999999998,0.0,0.09446925385534295,1,15,0,0,0,1,0,0
9.863979278041047,19224.24,72501.82,53277.58,0.0,0.0,0.0,19224.24,19224.240000000005,0.0,0.26515161755087596,1,20,0,0,0,1,0,0
10.70777441714419,44701.04,10776280.68,10820981.72,542697.56,497996.52,89402.08000000007,89402.08000000007,-44701.04000000097,-44701.04000000004,0.004148094985579479,0,20,1,0,0,0,0,0
9.732575261831586,16856.91,0.0,0.0,0.0,0.0,16856.91,16856.91,0.0,0.0,16856.91,1,18,0,0,0,1,0,0
12.233553173149474,205571.32,0.0,0.0,410430.45,616001.76,205571.32,0.010000000009313226,0.0,205571.31,205571.32,0,20,0,1,0,0,0,0
11.880000064543204,144349.56,0.0,0.0,1793927.48,1938277.04,144349.56,0.0,0.0,144349.56000000006,144349.56,0,23,0,1,0,0,0,0
10.692161253133525,44008.52,0.0,0.0,2099561.52,2143570.04,44008.52,0.0,0.0,44008.52000000002,44008.52,0,18,0,1,0,0,0,0
14.206172274547278,1477957.46,0.0,0.0,1919260.53,3397218.0,1477957.46,-0.009999999776482582,0.0,1477957.47,1477957.46,0,14,0,0,0,0,1,0
10.894330129466422,53869.06,0.0,0.0,0.0,0.0,53869.06,53869.06,0.0,0.0,53869.06,1,23,0,0,0,1,0,0
11.688578083747952,119201.39,2223.0,121424.39,718366.99,599165.59,238402.78,238402.79000000004,-119201.39,-119201.40000000002,53.597747302158275,0,18,1,0,0,0,0,0
9.688470888433526,16129.56,0.0,0.0,0.0,0.0,16129.56,16129.56,0.0,0.0,16129.56,1,14,0,0,0,1,0,0
8.35282549517838,4241.15,0.0,0.0,0.0,0.0,4241.15,4241.15,0.0,0.0,4241.15,1,11,0,0,0,1,0,0
13.387690371727073,651927.63,0.0,0.0,658364.93,1310292.55,651927.63,0.010000000009313226,0.0,651927.62,651927.63,0,10,0,1,0,0,0,0
8.058390595717398,3159.2,21897.0,18737.8,0.0,0.0,0.0,3159.2,3159.2000000000007,0.0,0.14426888300301396,1,17,0,0,0,1,0,0
11.457300169421263,94588.35,0.0,0.0,2874985.07,2969573.42,94588.35,0.0,0.0,94588.3500000001,94588.35,0,9,0,1,0,0,0,0
11.68129117369374,118335.93,16731.0,0.0,193558.71,311894.63,101604.93,0.010000000009313226,16731.0,118335.92000000001,7.0724318670810415,0,10,0,1,0,0,0,0
9.23961078312245,10296.03,122409.0,112112.97,630487.16,640783.19,0.0,1.1641532182693481e-10,10296.029999999999,10296.029999999912,0.08411102034147537,0,19,0,1,0,0,0,0
12.21734734654266,202266.7,0.0,0.0,1559613.34,1926673.74,202266.7,-164793.69999999995,0.0,367060.3999999999,202266.7,0,19,0,1,0,0,0,0
10.361164266588021,31606.96,27544.0,0.0,0.0,0.0,4062.959999999999,31606.96,27544.0,0.0,1.147466327827192,1,16,0,0,0,1,0,0
12.478938916524916,262743.91,119313.0,382056.91,3258344.24,2995600.33,525487.82,525487.8200000003,-262743.91,-262743.91000000015,2.202121377206363,0,10,1,0,0,0,0,0
9.809054887602985,18196.78,29467.0,11270.22,0.0,0.0,0.0,18196.78,18196.78,0.0,0.6175098411836568,1,11,0,0,0,1,0,0
11.05592698102569,63317.13,0.0,0.0,0.0,0.0,63317.13,63317.13,0.0,0.0,63317.13,1,10,0,0,0,1,0,0
8.46833482492108,4760.58,6005.0,1244.42,0.0,0.0,0.0,4760.58,4760.58,0.0,0.7926373626373626,1,22,0,0,0,1,0,0
11.867244215263556,142519.94,1079.0,143598.94,201117.36,58597.42,285039.88,285039.88,-142519.94,-142519.94,131.9629074074074,0,18,1,0,0,0,0,0
12.286457402390525,216739.79,60690.0,0.0,218178.45,434918.24,156049.79,0.0,60690.0,216739.78999999998,3.5712014961032117,0,14,0,1,0,0,0,0
12.007212476741671,163931.9,163690.04,0.0,109.0,164040.9,241.85999999998603,0.0,163690.04,163931.9,1.0014714305682215,0,12,0,1,0,0,0,0
11.903924982431617,147844.78,997869.2,1145713.98,389164.38,341993.67,295689.56000000006,195015.49000000005,-147844.78000000003,-47170.71000000002,0.14816033187482702,0,9,1,0,0,0,0,0
11.82781729641276,137010.11,73040.0,0.0,0.0,137010.11,63970.109999999986,0.0,73040.0,137010.11,1.8757972919319283,0,14,0,1,0,0,0,0
12.268460183085338,212873.95,303547.0,516420.95,1187146.23,974272.29,425747.9,425747.8899999999,-212873.95,-212873.93999999994,0.7012859580692345,0,12,1,0,0,0,0,0
12.891461331657558,396907.61,79723.57,0.0,1181707.78,1578615.39,317184.04,2.3283064365386963e-10,79723.57,396907.60999999987,4.978485428017986,0,19,0,0,0,0,1,0
11.983821071286112,160141.78,0.0,0.0,953946.99,1114088.77,160141.78,0.0,0.0,160141.78000000003,160141.78,0,10,0,1,0,0,0,0
6.51585278146294,674.77,5163.0,4488.23,0.0,0.0,0.0,674.77,674.7700000000004,0.0,0.1306680867544539,1,15,0,0,0,1,0,0
9.666393392415127,15777.34,665.0,0.0,0.0,0.0,15112.34,15777.34,665.0,0.0,23.6896996996997,1,13,0,0,0,1,0,0
11.770107169296399,129327.01,0.0,0.0,1272907.9,1402234.91,129327.01,0.0,0.0,129327.01000000001,129327.01,0,11,0,1,0,0,0,0
10.28340645050984,29242.32,1543150.05,1572392.37,1869779.87,1840537.55,58484.64000000013,58484.64000000013,-29242.320000000065,-29242.320000000065,0.018949745716726824,0,9,1,0,0,0,0,0
12.18415234153867,195662.64,373008.0,568670.64,1475755.06,1280092.42,391325.28,391325.28000000026,-195662.64,-195662.64000000013,0.5245520617464995,0,14,1,0,0,0,0,0
9.975927276794954,21501.56,157179.85,178681.41,640560.14,619058.57,43003.119999999995,43003.13000000012,-21501.559999999998,-21501.570000000065,0.1367950357820307,0,17,1,0,0,0,0,0
9.597723651364674,14730.21,15158.0,427.79,0.0,0.0,0.0,14730.21,14730.21,0.0,0.971713833366317,1,16,0,0,0,1,0,0
11.947859468365806,154485.11,114348.0,0.0,0.0,154485.11,40137.109999999986,0.0,114348.0,154485.11,1.3509965981337833,0,16,0,1,0,0,0,0
11.621718253634294,111492.13,0.0,0.0,136001.34,247493.48,111492.13,-0.010000000009313226,0.0,111492.14000000001,111492.13,0,12,0,1,0,0,0,0
8.127073734201005,3383.88,0.0,0.0,0.0,0.0,3383.88,3383.88,0.0,0.0,3383.88,1,22,0,0,0,1,0,0
11.82177621653851,136184.91,0.0,0.0,3328541.02,3464725.93,136184.91,0.0,0.0,136184.91000000015,136184.91,0,19,0,1,0,0,0,0
12.943883129328126,418269.29,0.0,0.0,882129.25,1300398.54,418269.29,0.0,0.0,418269.29000000004,418269.29,0,9,0,0,0,0,1,0
10.373458056233218,31997.94,0.0,0.0,0.0,0.0,31997.94,31997.94,0.0,0.0,31997.94,1,13,0,0,0,1,0,0
8.488878075476173,4859.41,8492.0,3632.59,0.0,0.0,0.0,4859.41,4859.41,0.0,0.5721664900506299,1,20,0,0,0,1,0,0
11.426132173289178,91685.66,0.0,0.0,268566.83,360252.5,91685.66,-0.010000000009313226,0.0,91685.66999999998,91685.66,0,18,0,1,0,0,0,0
13.8503834194325,1035487.05,72234.0,0.0,43328.54,1078815.59,963253.05,0.0,72234.0,1035487.05,14.334976811794837,0,20,0,0,0,0,1,0
11.134615739221935,68500.83,100777.0,32276.17,114756.97,183257.8,0.0,0.0,68500.83,68500.82999999999,0.6797200777947568,0,17,0,1,0,0,0,0
9.177335659399375,9674.34,5080.0,0.0,9925686.4,9935360.74,4594.34,0.0,5080.0,9674.339999999851,1.904022830151545,0,16,0,1,0,0,0,0
10.696123443396798,44183.24,11265.0,0.0,0.0,0.0,32918.24,44183.24,11265.0,0.0,3.921821409550861,1,18,0,0,0,1,0,0
9.211341870309269,10009.02,10263.0,253.98,0.0,0.0,0.0,10009.02,10009.02,0.0,0.9751578332034295,1,14,0,0,0,1,0,0
9.754576787014665,17231.92,105448.0,88216.08,0.0,0.0,0.0,17231.92,17231.92,0.0,0.16341473129190412,1,10,0,0,0,1,0,0
9.66913390219393,15820.64,172441.0,156620.36,0.0,0.0,0.0,15820.64,15820.640000000014,0.0,0.09174470256666009,1,19,0,0,0,1,0,0
12.00905123332673,164233.61,18998.0,0.0,2294212.7,2458446.31,145235.61,0.0,18998.0,164233.60999999987,8.644329175219747,0,17,0,1,0,0,0,0
11.779441866603928,130539.9,21086.0,151625.9,496021.9,365482.01,261079.8,261079.79000000004,-130539.9,-130539.89000000001,6.190539194764547,0,19,1,0,0,0,0,0
12.839078742037955,376651.67,445058.69,821710.36,15047.32,0.0,753303.3400000001,391698.99,-376651.67,-15047.32,0.8462947295900916,0,13,1,0,0,0,0,0
8.799829053135975,6632.11,50697.0,44064.89,0.0,0.0,0.0,6632.11,6632.110000000001,0.0,0.1308160085210462,1,8,0,0,0,1,0,0
9.936331728720658,20666.79,11692.0,0.0,0.0,0.0,8974.79,20666.79,11692.0,0.0,1.7674497562644318,1,18,0,0,0,1,0,0
7.71468193608459,2240.01,0.0,0.0,729567.61,875698.01,2240.01,-143890.39,0.0,146130.40000000002,2240.01,0,17,0,1,0,0,0,0
7.976945622709981,2912.02,104020.0,101107.98,0.0,0.0,0.0,2912.02,2912.020000000004,0.0,0.027994539564126474,1,20,0,0,0,1,0,0
12.002764073929976,163204.28,70396.0,233600.28,95123.61,0.0,326408.56,258327.89,-163204.28,-95123.61,2.318341406594031,0,13,1,0,0,0,0,0
11.860438950613998,141553.34,5660.0,147213.34,2544482.7,2402929.36,283106.68,283106.68000000017,-141553.34,-141553.34000000032,25.00500618265324,0,19,1,0,0,0,0,0
12.573697662987055,288859.07,0.0,0.0,2342280.94,2631140.01,288859.07,0.0,0.0,288859.06999999983,288859.07,0,20,0,1,0,0,0,0
12.722296651773629,335136.66,0.0,0.0,659485.34,994622.0,335136.66,0.0,0.0,335136.66000000003,335136.66,0,20,0,1,0,0,0,0
13.100278553076482,489077.63,0.0,0.0,646197.13,1135274.76,489077.63,0.0,0.0,489077.63,489077.63,0,9,0,0,0,0,1,0
9.257340363313398,10480.22,9024.64,0.0,0.0,0.0,1455.58,10480.22,9024.64,0.0,1.1611608705864627,1,14,0,0,0,1,0,0
11.342942750599887,84366.94,0.0,0.0,346720.4,431087.34,84366.94,0.0,0.0,84366.94,84366.94,0,15,0,1,0,0,0,0
12.65411503873434,313048.01,4365996.16,4679044.17,6583632.03,6270584.02,626096.0199999996,626096.0200000005,-313048.0099999998,-313048.0100000007,0.07170137737790008,0,20,1,0,0,0,0,0
9.491964129844,13251.8,0.0,0.0,0.0,0.0,13251.8,13251.8,0.0,0.0,13251.8,1,18,0,0,0,1,0,0
9.474393210000574,13020.97,280651.58,267630.6,0.0,0.0,-0.010000000067520887,13020.97,13020.98000000004,0.0,0.046395333333475855,1,12,0,0,0,1,0,0
7.727596782582496,2269.14,134886.0,132616.86,0.0,0.0,0.0,2269.14,2269.140000000014,0.0,0.016822525521362326,1,20,0,0,0,1,0,0
11.118072795206356,67376.93,1091.0,0.0,59966.9,127343.82,66285.93,0.009999999980209395,1091.0,67376.92000000001,61.70048534798534,0,20,0,1,0,0,0,0
11.044913610822865,62623.61,25472208.44,25534832.04,119643.61,57020.0,125247.20999999717,125247.22,-62623.599999997765,-62623.61,0.002458507187902582,0,17,1,0,0,0,0,0
12.121065204772984,183700.09,166.0,0.0,1260090.77,1443790.86,183534.09,0.0,166.0,183700.09000000008,1100.0005389221556,0,18,0,1,0,0,0,0
10.900346146473803,54194.12,8559604.84,8613798.96,449574.54,395380.42,108388.24000000022,108388.23999999999,-54194.12000000104,-54194.119999999995,0.006331380324400546,0,10,1,0,0,0,0,0
10.301990145155418,29790.85,189437.91,159647.06,0.0,0.0,0.0,29790.85,29790.850000000006,0.0,0.1572583478230528,1,12,0,0,0,1,0,0
11.461800261717729,95014.97,0.0,0.0,1939566.36,2034581.33,95014.97,0.0,0.0,95014.96999999997,95014.97,0,20,0,1,0,0,0,0
7.021815839260447,1119.82,41119.97,40000.14,0.0,0.0,-0.010000000002037268,1119.82,1119.8300000000017,0.0,0.02723233425670649,1,14,0,0,0,1,0,0
10.711841341501199,44883.21,20281.0,0.0,0.0,44883.21,24602.21,0.0,20281.0,44883.21,2.212957795089242,0,17,0,1,0,0,0,0
9.807711514236583,18172.35,16691.0,0.0,0.0,0.0,1481.3499999999985,18172.35,16691.0,0.0,1.0886861969805894,1,18,0,0,0,1,0,0
9.365709452109387,11679.89,0.0,0.0,0.0,0.0,11679.89,11679.89,0.0,0.0,11679.89,1,19,0,0,0,1,0,0
10.646598731861552,42048.33,0.0,0.0,204163.1,246211.43,42048.33,0.0,0.0,42048.32999999999,42048.33,0,20,0,1,0,0,0,0
12.325552906750739,225381.2,2276.0,227657.2,180270.18,0.0,450762.4,405651.38,-225381.2,-180270.18,98.9816425120773,0,9,1,0,0,0,0,0
12.67838170896908,320737.59,0.0,0.0,1072513.15,1393250.74,320737.59,0.0,0.0,320737.5900000001,320737.59,0,11,0,0,0,0,1,0
12.349965392199525,230951.05,70482.0,0.0,0.0,230951.05,160469.05,0.0,70482.0,230951.05,3.2766915426414878,0,19,0,1,0,0,0,0
11.589349695382591,107941.04,1650.0,0.0,1503925.23,1611866.28,106291.04,-0.010000000009313226,1650.0,107941.05000000005,65.37918837068443,0,18,0,1,0,0,0,0
12.961969130345874,425902.95,362160.2,788063.15,643330.83,217427.89,851805.9000000001,851805.89,-425902.95,-425902.93999999994,1.1760038071444427,0,10,1,0,0,0,0,0
12.5721419638267,288410.04,1270.0,0.0,1591302.47,1879712.5,287140.04,0.010000000009313226,1270.0,288410.03,226.91584579071596,0,14,0,1,0,0,0,0
12.025355660721779,166933.31,0.0,0.0,2958169.18,3125102.48,166933.31,0.01000000024214387,0.0,166933.2999999998,166933.31,0,13,0,1,0,0,0,0
9.676228042272424,15933.28,2681.0,0.0,0.0,0.0,13252.28,15933.28,2681.0,0.0,5.940820283370619,1,18,0,0,0,1,0,0
11.931716520254643,152011.27,276.0,0.0,178267.64,330278.91,151735.27,5.820766091346741e-11,276.0,152011.26999999996,548.7771480144404,0,21,0,1,0,0,0,0
9.288544159102047,10812.43,9992.0,0.0,0.0,0.0,820.4300000000003,10812.43,9992.0,0.0,1.0820004002801962,1,20,0,0,0,1,0,0
12.457964923490458,257290.49,102495.0,0.0,170842.74,428133.23,154795.49,0.0,102495.0,257290.49,2.5102490828910398,0,16,0,1,0,0,0,0
11.577052463944169,106621.78,0.0,0.0,648215.86,754837.63,106621.78,0.010000000009313226,0.0,106621.77000000002,106621.78,0,0,0,1,0,0,0,0
6.969762474015368,1062.97,0.0,0.0,0.0,0.0,1062.97,1062.97,0.0,0.0,1062.97,1,19,0,0,0,1,0,0
12.499942397248446,268320.83,0.0,0.0,11691373.54,11959694.37,268320.83,0.0,0.0,268320.8300000001,268320.83,0,20,0,0,0,0,1,0
11.979233963120176,159408.87,11182.0,0.0,654105.92,813514.79,148226.87,0.0,11182.0,159408.87,14.254571224179557,0,12,0,1,0,0,0,0
8.60001664461535,5430.75,0.0,0.0,0.0,0.0,5430.75,5430.75,0.0,0.0,5430.75,1,18,0,0,0,1,0,0
9.136561422611603,9287.77,31239.0,21951.23,0.0,0.0,0.0,9287.77,9287.77,0.0,0.2973037772087068,1,11,0,0,0,1,0,0
10.773414085206808,47733.71,250234.27,297967.98,5535207.47,5487473.76,95467.42000000001,95467.41999999993,-47733.70999999999,-47733.70999999996,0.19075532397970918,0,19,1,0,0,0,0,0
10.694219596572045,44099.2,0.0,0.0,1575104.73,1619203.93,44099.2,0.0,0.0,44099.19999999995,44099.2,0,14,0,1,0,0,0,0
11.432454940796262,92267.21,79339.0,0.0,2021118.86,2113386.07,12928.210000000006,4.656612873077393e-10,79339.0,92267.20999999973,1.162934333249307,0,17,0,1,0,0,0,0
12.15074559489693,189234.13,0.0,0.0,202264.41,453136.32,189234.13,-61637.77999999997,0.0,250871.91,189234.13,0,15,0,1,0,0,0,0
9.553779710451943,14096.88,23115.75,9018.87,0.0,0.0,0.0,14096.88,14096.88,0.0,0.609812365492554,1,14,0,0,0,1,0,0
12.741049369441475,341480.7,20170.0,0.0,634089.55,1249698.21,321310.7,-274127.95999999996,20170.0,615608.6599999999,16.929289574141094,0,13,0,1,0,0,0,0
7.200603981385277,1339.24,162301.75,160962.51,0.0,0.0,0.0,1339.24,1339.2399999999907,0.0,0.008251492966077285,1,17,0,0,0,1,0,0
10.798578753898953,48950.18,7445775.2,7494725.38,8124601.59,8075651.41,97900.3599999994,97900.3599999994,-48950.1799999997,-48950.1799999997,0.006574221234315369,0,21,1,0,0,0,0,0
12.469997729746078,260405.13,43726.0,0.0,5638320.49,5898725.61,216679.13,0.009999999776482582,43726.0,260405.1200000001,5.955248016099892,0,13,0,1,0,0,0,0
10.28541309970096,29301.06,916.0,0.0,0.0,0.0,28385.06,29301.06,916.0,0.0,31.953173391494005,1,11,0,0,0,1,0,0
10.667958386199976,42956.15,0.0,0.0,0.0,0.0,42956.15,42956.15,0.0,0.0,42956.15,1,10,0,0,0,1,0,0
8.672929470658937,5841.59,0.0,0.0,0.0,0.0,5841.59,5841.59,0.0,0.0,5841.59,1,9,0,0,0,1,0,0
9.679101980233078,15979.14,0.0,0.0,0.0,0.0,15979.14,15979.14,0.0,0.0,15979.14,1,20,0,0,0,1,0,0
11.478411139380057,96606.45,42845.0,139451.45,0.0,0.0,193212.90000000002,96606.45,-96606.45000000001,0.0,2.254736731550203,1,15,1,0,0,0,0,0
8.511583486401618,4971.03,19705.0,14733.97,0.0,0.0,0.0,4971.03,4971.030000000001,0.0,0.25225971785243073,1,16,0,0,0,1,0,0
12.039151274787399,169252.23,2059.0,171311.23,4692627.62,4523375.39,338504.46,338504.4600000009,-169252.23,-169252.23000000045,82.16127669902913,0,17,1,0,0,0,0,0
13.195483384538434,537928.82,0.0,0.0,977065.26,1514994.08,537928.82,0.0,0.0,537928.8200000001,537928.82,0,22,0,1,0,0,0,0
13.26902988051893,578982.86,59510.0,638492.86,0.0,0.0,1157965.72,578982.86,-578982.86,0.0,9.729005730033103,1,12,1,0,0,0,0,0
10.620731314436568,40974.57,0.0,0.0,88730.32,129704.89,40974.57,1.4551915228366852e-11,0.0,40974.56999999999,40974.57,0,10,0,1,0,0,0,0
8.998625019326381,8090.95,182.0,0.0,2538732.14,2546823.09,7908.95,4.656612873077393e-10,182.0,8090.949999999721,44.21284153005465,0,10,0,1,0,0,0,0
5.850275336670169,346.33,0.0,0.0,0.0,0.0,346.33,346.33,0.0,0.0,346.33,1,14,0,0,0,1,0,0
8.215485214231329,3696.77,50142.78,46446.01,0.0,0.0,0.0,3696.77,3696.769999999997,0.0,0.07372340098811857,1,17,0,0,0,1,0,0
9.866606739679687,19274.82,19873.0,598.18,0.0,0.0,0.0,19274.82,19274.82,0.0,0.9698510616886384,1,12,0,0,0,1,0,0
10.396241665758334,32735.36,0.0,0.0,106407.35,139142.71,32735.36,2.9103830456733704e-11,0.0,32735.359999999986,32735.36,0,10,0,1,0,0,0,0
11.986141678337138,160513.84,459701.33,620215.17,244228.58,83714.74,321027.68,321027.68,-160513.84000000003,-160513.83999999997,0.3491690807832103,0,18,1,0,0,0,0,0
14.089528948525894,1315237.99,0.0,0.0,1515994.62,2831232.62,1315237.99,-0.009999999776482582,0.0,1315238.0,1315237.99,0,15,0,0,0,0,1,0
11.696011146413236,120090.73,0.0,0.0,198202.85,233966.56,120090.73,84327.02000000002,0.0,35763.70999999999,120090.73,0,11,0,1,0,0,0,0
11.553317126910699,104120.85,17041913.77,17146034.63,239579.5,135458.65,208241.7100000009,208241.69999999998,-104120.8599999994,-104120.85,0.006109691980345469,0,18,1,0,0,0,0,0
9.547271788872282,14005.43,10550.0,0.0,0.0,0.0,3455.4300000000003,14005.43,10550.0,0.0,1.3274030897545257,1,23,0,0,0,1,0,0
11.911263368119265,148933.72,0.0,0.0,233852.12,382785.84,148933.72,-5.820766091346741e-11,0.0,148933.72000000003,148933.72,0,15,0,1,0,0,0,0
12.01017363080353,164418.05,33657.81,0.0,322546.79,486964.85,130760.23999999999,-0.010000000009313226,33657.81,164418.06,4.884844413691393,0,16,0,1,0,0,0,0
11.135549876352664,68564.85,9207845.54,9276410.39,1532329.77,1463764.92,137129.70000000112,137129.7000000002,-68564.85000000149,-68564.8500000001,0.007446350208177993,0,16,1,0,0,0,0,0
9.835632604796873,18686.92,0.0,0.0,0.0,0.0,18686.92,18686.92,0.0,0.0,18686.92,1,19,0,0,0,1,0,0
6.589613999045648,726.5,214910.0,214183.5,0.0,0.0,0.0,726.5,726.5,0.0,0.0033804691244282517,1,23,0,0,0,1,0,0
11.118788500471391,67425.17,13482023.45,13549448.62,87305.19,19880.02,134850.33999999985,134850.34,-67425.16999999993,-67425.17,0.005001116134305779,0,9,1,0,0,0,0,0
12.367412662884028,235015.89,0.0,0.0,333449.48,568465.37,235015.89,0.0,0.0,235015.89,235015.89,0,16,0,1,0,0,0,0
8.59761674963392,5417.73,0.0,0.0,0.0,0.0,5417.73,5417.73,0.0,0.0,5417.73,1,18,0,0,0,1,0,0
9.761213482408639,17346.67,0.0,0.0,0.0,0.0,17346.67,17346.67,0.0,0.0,17346.67,1,14,0,0,0,1,0,0
9.116305478648272,9101.51,1819.0,0.0,0.0,0.0,7282.51,9101.51,1819.0,0.0,5.00082967032967,1,10,0,0,0,1,0,0
10.908383307537738,54631.45,220776.0,166144.55,0.0,54631.45,0.0,0.0,54631.45000000001,54631.45,0.247450821417086,0,19,0,1,0,0,0,0
11.96987209641643,157923.46,7159010.7,7316934.15,175667.22,17743.76,315846.91000000015,315846.92,-157923.4500000002,-157923.46,0.022059394036190776,0,19,1,0,0,0,0,0
12.863025363218794,385780.09,79261.0,0.0,2513.89,282384.03,306519.09,105909.95000000001,79261.0,279870.14,4.8671505891852345,0,17,0,1,0,0,0,0
13.286385889954353,589119.42,1202931.54,1792050.96,5803812.87,5214693.45,1178238.8399999999,1178238.8399999999,-589119.4199999999,-589119.4199999999,0.4897360412247224,0,20,1,0,0,0,0,0
9.680615214440289,16003.34,38455.0,22451.66,0.0,0.0,0.0,16003.34,16003.34,0.0,0.4161467651341793,1,11,0,0,0,1,0,0
10.173747868667741,26205.11,0.0,0.0,0.0,0.0,26205.11,26205.11,0.0,0.0,26205.11,1,19,0,0,0,1,0,0
11.974888038910692,158717.59,1325583.85,1166866.26,884181.69,1042899.27,0.0,0.009999999892897904,158717.59000000008,158717.58000000007,0.1197340102370663,0,19,0,1,0,0,0,0
8.503566772021532,4931.33,0.0,0.0,0.0,0.0,4931.33,4931.33,0.0,0.0,4931.33,1,22,0,0,0,1,0,0
7.948000188011444,2828.91,1082.0,0.0,913090.0,915918.91,1746.9099999999999,0.0,1082.0,2828.9100000000326,2.6121052631578947,0,10,0,1,0,0,0,0
9.882631060119126,19586.19,148336.0,128749.81,0.0,0.0,0.0,19586.19,19586.190000000002,0.0,0.13203846646487388,1,12,0,0,0,1,0,0
11.951785567586764,155092.83,0.0,0.0,1107714.83,1262807.67,155092.83,-0.009999999776482582,0.0,155092.83999999985,155092.83,0,20,0,1,0,0,0,0
8.644299738853489,5676.69,590199.93,584523.24,0.0,0.0,-1.1641532182693481e-10,5676.69,5676.6900000000605,0.0,0.009618232895702145,1,15,0,0,0,1,0,0
9.758848988748069,17305.7,815218.0,797912.3,0.0,0.0,0.0,17305.7,17305.699999999953,0.0,0.021228283442854008,1,22,0,0,0,1,0,0
8.79253442803322,6583.9,1008.0,0.0,0.0,0.0,5575.9,6583.9,1008.0,0.0,6.5251734390485625,1,23,0,0,0,1,0,0
13.024273830735815,453282.86,576.0,0.0,15788772.89,16242055.75,452706.86,0.0,576.0,453282.8599999994,785.5855459272096,0,9,0,1,0,0,0,0
9.046356841061405,8486.56,717.0,0.0,0.0,8486.56,7769.5599999999995,0.0,717.0,8486.56,11.819721448467966,0,18,0,1,0,0,0,0
10.964766718763498,57800.31,35324.0,0.0,0.0,57800.31,22476.309999999998,0.0,35324.0,57800.31,1.6362437367303608,0,17,0,1,0,0,0,0
9.739530530655484,16974.57,158484.0,141509.43,0.0,0.0,0.0,16974.57,16974.570000000007,0.0,0.10710521500457457,1,17,0,0,0,1,0,0
8.091192667588027,3264.58,6137.0,2872.42,0.0,0.0,0.0,3264.58,3264.58,0.0,0.5318637992831541,1,23,0,0,0,1,0,0
12.362488187191893,233861.4,0.0,0.0,248820.82,482682.22,233861.4,0.0,0.0,233861.39999999997,233861.4,0,15,0,1,0,0,0,0
8.717010795826942,6104.9,20986.0,14881.1,0.0,0.0,0.0,6104.9,6104.9,0.0,0.2908895983227712,1,11,0,0,0,1,0,0
10.76574397370956,47368.98,0.0,0.0,599621.95,646990.93,47368.98,-1.1641532182693481e-10,0.0,47368.9800000001,47368.98,0,16,0,1,0,0,0,0
7.142574404733845,1263.68,1059.0,0.0,0.0,0.0,204.68000000000006,1263.68,1059.0,0.0,1.1921509433962265,1,20,0,0,0,1,0,0
9.987288113702437,21747.24,161323.57,139576.34,0.0,0.0,0.009999999980209395,21747.24,21747.23000000001,0.0,0.13480426447130775,1,11,0,0,0,1,0,0
11.543177036900166,103070.38,2088357.95,2191428.34,132972.44,29902.06,206140.7699999998,206140.76,-103070.3899999999,-103070.38,0.04935472419624031,0,22,1,0,0,0,0,0
11.956439831115214,155816.36,270636.22,114819.87,258137.73,413954.09,0.010000000009313226,-5.820766091346741e-11,155816.34999999998,155816.36000000002,0.5757388433120914,0,18,0,1,0,0,0,0
12.077241901809941,175823.55,203668.0,379491.55,0.0,0.0,351647.1,175823.55,-175823.55,0.0,0.8632808625760424,1,21,1,0,0,0,0,0
9.325963743903447,11224.73,0.0,0.0,0.0,0.0,11224.73,11224.73,0.0,0.0,11224.73,1,9,0,0,0,1,0,0
13.890581972287077,1077960.13,10399.0,0.0,79545.45,1157505.59,1067561.13,-0.01000000024214387,10399.0,1077960.1400000001,103.65001249999999,0,19,0,0,0,0,1,0
7.646735875885255,2092.8,0.0,0.0,0.0,0.0,2092.8,2092.8,0.0,0.0,2092.8,1,15,0,0,0,1,0,0
12.604309526164416,297838.35,5606.0,0.0,0.0,297838.35,292232.35,0.0,5606.0,297838.35,53.119020866773674,0,10,0,1,0,0,0,0
12.7983834222989,361631.37,160486.0,0.0,1097012.86,1458644.23,201145.37,0.0,160486.0,361631.3699999999,2.253337466586079,0,18,0,1,0,0,0,0
10.500914544249527,36347.73,0.0,0.0,0.0,0.0,36347.73,36347.73,0.0,0.0,36347.73,1,15,0,0,0,1,0,0
10.146062289621636,25489.53,16478.0,0.0,0.0,0.0,9011.529999999999,25489.53,16478.0,0.0,1.5467886400873838,1,10,0,0,0,1,0,0
9.773361782760709,17558.7,43796.82,26238.12,0.0,0.0,0.0,17558.7,17558.7,0.0,0.40090351528911716,1,20,0,0,0,1,0,0
10.98878458533557,59205.38,153326.0,94120.62,1687934.44,1747139.81,0.0,0.009999999776482582,59205.380000000005,59205.37000000011,0.3861379926562184,0,19,0,1,0,0,0,0
9.387700474418825,11939.61,4080.77,0.0,0.0,0.0,7858.84,11939.61,4080.77,0.0,2.925106020182421,1,20,0,0,0,1,0,0
11.125577446790853,67884.48,122480.67,54596.19,278689.32,346573.8,0.0,0.0,67884.48,67884.47999999998,0.5542419531020437,0,19,0,1,0,0,0,0
7.884663103232616,2655.23,109528.12,106872.89,0.0,0.0,0.0,2655.23,2655.229999999996,0.0,0.02424222891592665,1,18,0,0,0,1,0,0
8.5441232989468,5135.48,1806.0,0.0,0.0,0.0,3329.4799999999996,5135.48,1806.0,0.0,2.8419922523519645,1,22,0,0,0,1,0,0
10.441124713117816,34238.14,1537763.59,1572001.73,90268.34,56030.19,68476.2799999998,68476.29,-34238.1399999999,-34238.149999999994,0.022264877356813113,0,19,1,0,0,0,0,0
8.290583640458854,3985.16,0.0,0.0,5356.0,9341.16,3985.16,0.0,0.0,3985.16,3985.16,0,13,0,1,0,0,0,0
10.849174743377784,51490.64,16936668.79,16988159.43,3068493.2,4028634.93,102981.28000000119,-908651.0899999999,-51490.640000000596,960141.73,0.0030401868040434888,0,15,1,0,0,0,0,0
12.560247441702481,284999.85,300612.0,15612.15,1029825.8,1314825.66,0.0,-0.010000000009313226,284999.85,284999.85999999987,0.9480622927152185,0,20,0,0,0,0,1,0
6.116951167149398,452.48,207806.6,207354.12,0.0,0.0,0.0,452.48,452.4800000000105,0.0,0.002177398709190617,1,17,0,0,0,1,0,0
10.531572341428962,37479.36,0.0,0.0,0.0,0.0,37479.36,37479.36,0.0,0.0,37479.36,1,1,0,0,0,1,0,0
12.935676482370727,414850.74,0.0,0.0,12245240.47,12660091.21,414850.74,0.0,0.0,414850.7400000002,414850.74,0,12,0,0,0,0,1,0
12.21154777959143,201097.03,0.0,0.0,384998.35,586095.37,201097.03,0.010000000009313226,0.0,201097.02000000002,201097.03,0,13,0,0,0,0,1,0
12.937120654155102,415450.29,316911.0,0.0,0.0,415450.29,98539.28999999998,0.0,316911.0,415450.29,1.3109326563841066,0,11,0,0,0,0,1,0
7.864562038573478,2602.37,3226.0,623.63,0.0,0.0,0.0,2602.37,2602.37,0.0,0.8064363185621319,1,17,0,0,0,1,0,0
11.92390003475015,150827.7,6446019.15,6596846.84,4903117.13,4559209.62,301655.38999999966,494735.20999999996,-150827.68999999948,-343907.5099999998,0.023398577182542627,0,19,1,0,0,0,0,0
9.361555604734175,11631.47,25139303.09,25150934.57,114561.53,0.0,23262.949999999255,126193.0,-11631.480000000447,-114561.53,0.0004626806676254338,0,16,1,0,0,0,0,0
9.983470873830944,21664.38,82463.0,60798.62,0.0,0.0,0.0,21664.38,21664.379999999997,0.0,0.2627131839348079,1,14,0,0,0,1,0,0
9.50224476786118,13388.75,54186.0,40797.25,0.0,0.0,0.0,13388.75,13388.75,0.0,0.24708417148024434,1,13,0,0,0,1,0,0
10.920342998573778,55288.76,0.0,0.0,526456.86,581745.62,55288.76,0.0,0.0,55288.76000000001,55288.76,0,19,0,1,0,0,0,0
12.04500759980747,170246.34,0.0,0.0,329882.01,500128.35,170246.34,0.0,0.0,170246.33999999997,170246.34,0,12,0,1,0,0,0,0
11.559075671325006,104722.17,0.0,0.0,223221.4,327943.57,104722.17,0.0,0.0,104722.17000000001,104722.17,0,13,0,0,0,0,1,0
9.064712106324372,8643.79,674624.28,665980.5,0.0,0.0,0.010000000009313226,8643.79,8643.780000000028,0.0,0.012812727681951084,1,16,0,0,0,1,0,0
9.404988147835612,12147.83,0.0,0.0,0.0,0.0,12147.83,12147.83,0.0,0.0,12147.83,1,12,0,0,0,1,0,0
12.748300594505507,343965.86,0.0,0.0,9202882.89,9546848.75,343965.86,0.0,0.0,343965.8599999994,343965.86,0,19,0,0,0,0,1,0
7.847680502858861,2558.79,0.0,0.0,0.0,0.0,2558.79,2558.79,0.0,0.0,2558.79,1,15,0,0,0,1,0,0
12.918720250864972,407875.72,0.0,0.0,872366.5,1280242.21,407875.72,0.010000000009313226,0.0,407875.70999999996,407875.72,0,13,0,0,0,0,1,0
9.07747732738592,8754.85,87889.0,79134.15,0.0,0.0,0.0,8754.85,8754.850000000006,0.0,0.09961144612583912,1,12,0,0,0,1,0,0
8.949031450438392,7699.43,66477.69,58778.26,0.0,0.0,0.0,7699.43,7699.43,0.0,0.11581801626957451,1,22,0,0,0,1,0,0
11.695791207001868,120064.32,1890603.72,2010668.03,626953.12,506888.8,240128.63000000012,240128.63999999996,-120064.31000000006,-120064.32,0.06350577607782551,0,10,1,0,0,0,0,0
10.214224677996976,27287.61,30965.0,3677.39,0.0,0.0,0.0,27287.61,27287.61,0.0,0.8812119744235614,1,10,0,0,0,1,0,0
10.241809149464476,28050.83,286285.39,258234.56,0.0,0.0,0.0,28050.83,28050.830000000016,0.0,0.09798170985354909,1,16,0,0,0,1,0,0
9.978018328153011,21546.57,10452.0,0.0,0.0,0.0,11094.57,21546.57,10452.0,0.0,2.0612809719697696,1,19,0,0,0,1,0,0
9.404138322319842,12137.51,0.0,0.0,0.0,0.0,12137.51,12137.51,0.0,0.0,12137.51,1,17,0,0,0,1,0,0
10.630950165777861,41395.44,12999.0,0.0,0.0,41395.44,28396.440000000002,0.0,12999.0,41395.44,3.1842646153846155,0,14,0,1,0,0,0,0
11.909173156244783,148622.74,0.0,0.0,1862345.04,2010967.79,148622.74,-0.010000000009313226,0.0,148622.75,148622.74,0,21,0,1,0,0,0,0
10.373236461843494,31990.85,24614.0,0.0,249155.66,281146.51,7376.8499999999985,0.0,24614.0,31990.850000000006,1.2996485882591915,0,19,0,1,0,0,0,0
11.56692432600926,105547.34,21926.0,0.0,0.0,105547.34,83621.34,0.0,21926.0,105547.34,4.81357869293565,0,19,0,1,0,0,0,0
11.81625005285163,135434.4,0.0,0.0,3875022.82,4010457.21,135434.4,0.009999999776482582,0.0,135434.39000000013,135434.4,0,11,0,1,0,0,0,0
12.680384263303809,321380.53,0.0,0.0,3146730.08,3468110.62,321380.53,-0.009999999776482582,0.0,321380.54000000004,321380.53,0,19,0,1,0,0,0,0
12.125296498122127,184479.03,109508.1,0.0,534649.69,719128.72,74970.93,0.0,109508.1,184479.03000000003,1.6846000012784326,0,23,0,1,0,0,0,0
7.016475145696379,1113.85,0.0,0.0,0.0,0.0,1113.85,1113.85,0.0,0.0,1113.85,1,12,0,0,0,1,0,0
9.85096771678047,18975.71,34381.11,15405.4,75766.05,94741.75,0.0,0.010000000009313226,18975.71,18975.699999999997,0.5519065002118834,0,17,0,1,0,0,0,0
12.660556113991262,315070.89,0.0,0.0,381243.35,696314.24,315070.89,0.0,0.0,315070.89,315070.89,0,11,0,1,0,0,0,0
12.617704466982945,301854.73,1247.0,0.0,83526.79,385381.52,300607.73,-5.820766091346741e-11,1247.0,301854.73000000004,241.87077724358974,0,13,0,1,0,0,0,0
3.678071255397333,38.57,10737919.04,10737957.61,3580000.35,3579961.78,77.14000000059605,77.14000000013039,-38.57000000029802,-38.57000000029802,3.5919433052511352e-06,0,2,1,0,0,0,0,0
12.705186341642055,329451.13,8619005.17,8948456.3,493422.32,163971.19,658902.2600000016,658902.26,-329451.1300000008,-329451.13,0.03822379558639996,0,10,1,0,0,0,0,0
11.12366032590062,67754.46,51709.0,119463.46,3644.5,0.0,135508.92,71398.96,-67754.46,-3644.5,1.3102777025720365,0,18,1,0,0,0,0,0
10.90764574485588,54591.17,6118259.06,6172850.23,342046.26,287455.09,109182.34000000078,109182.33999999997,-54591.17000000086,-54591.169999999984,0.008922662564951514,0,16,1,0,0,0,0,0
9.511644984854646,13515.21,0.0,0.0,0.0,0.0,13515.21,13515.21,0.0,0.0,13515.21,1,17,0,0,0,1,0,0
11.993827428542106,161752.27,0.0,0.0,942266.69,1104018.96,161752.27,0.0,0.0,161752.27000000002,161752.27,0,22,0,1,0,0,0,0
11.513796085869844,100086.1,99323.0,0.0,66775.86,166861.96,763.1000000000058,2.9103830456733704e-11,99323.0,100086.09999999999,1.0076728685916798,0,17,0,1,0,0,0,0
13.923415274396811,1113940.6,7095.0,0.0,2230260.07,3344200.67,1106845.6,0.0,7095.0,1113940.6,156.9814825253664,0,12,0,0,0,0,1,0
12.746176886658523,343236.15,1740314.24,2083550.39,528024.28,184788.12,686472.3,686472.31,-343236.1499999999,-343236.16000000003,0.19722642318526154,0,9,1,0,0,0,0,0
12.593925599503153,294761.61,9754608.73,10049370.35,319943.85,25182.23,589523.2299999986,589523.23,-294761.6199999992,-294761.62,0.03021767330101068,0,15,1,0,0,0,0,0
10.432880629319822,33957.03,23876.0,0.0,287962.62,321919.64,10081.029999999999,0.010000000009313226,23876.0,33957.02000000002,1.4221648448297524,0,20,0,1,0,0,0,0
8.491571747595662,4872.52,21575.01,16702.49,0.0,0.0,3.637978807091713e-12,4872.52,4872.519999999997,0.0,0.22583044779827227,1,20,0,0,0,1,0,0
12.941066679263292,417092.91,397805.0,0.0,1534259.87,1951352.77,19287.909999999974,0.010000000009313226,397805.0,417092.8999999999,1.0484832053815176,0,11,0,1,0,0,0,0
9.341343195462528,11398.71,30792.62,19393.91,0.0,0.0,0.0,11398.71,11398.71,0.0,0.370164663979097,1,20,0,0,0,1,0,0
9.281119380703208,10732.44,50273.0,61005.44,89789.89,79057.45,21464.880000000005,21464.880000000005,-10732.440000000002,-10732.440000000002,0.21347893543382265,0,8,1,0,0,0,0,0
10.8072039578897,49374.22,52551.0,3176.78,67128.99,116503.21,0.0,0.0,49374.22,49374.22,0.9395307504947481,0,15,0,1,0,0,0,0
8.468947878788242,4763.5,11619.58,6856.08,0.0,0.0,0.0,4763.5,4763.5,0.0,0.40991929834827523,1,19,0,0,0,1,0,0
11.525402798281323,101254.55,0.0,0.0,318878.11,420132.65,101254.55,0.009999999951105565,0.0,101254.54000000004,101254.55,0,15,0,1,0,0,0,0
10.400449214174838,32873.39,0.0,0.0,144304.78,177178.17,32873.39,-2.9103830456733704e-11,0.0,32873.390000000014,32873.39,0,18,0,1,0,0,0,0
11.92552731252917,151073.34,7132140.96,7283214.31,1110548.3,959474.95,302146.6899999995,302146.6900000002,-151073.34999999963,-151073.3500000001,0.021182043325452822,0,13,1,0,0,0,0,0
12.538518680726286,278873.93,0.0,0.0,2484500.03,2763373.95,278873.93,0.009999999776482582,0.0,278873.9200000004,278873.93,0,17,0,1,0,0,0,0
13.15955004251454,518942.37,102237.0,0.0,244028.71,762971.08,416705.37,0.0,102237.0,518942.37,5.075826698487842,0,19,0,0,0,0,1,0
10.212162352657154,27231.39,58066.0,85297.39,13576.64,0.0,54462.78,40808.03,-27231.39,-13576.64,0.468964988719927,0,19,1,0,0,0,0,0
11.400035563383566,89323.9,36832.0,0.0,1019866.64,1109190.54,52491.899999999994,0.0,36832.0,89323.90000000002,2.4251052045719868,0,18,0,1,0,0,0,0
5.515925626363569,247.62,0.0,0.0,0.0,0.0,247.62,247.62,0.0,0.0,247.62,1,10,0,0,0,1,0,0
12.043514832923519,169992.39,0.0,0.0,985311.26,1155303.65,169992.39,0.0,0.0,169992.3899999999,169992.39,0,19,0,1,0,0,0,0
11.189319106839793,72352.5,459534.0,531886.5,29973.56,0.0,144705.0,102326.06,-72352.5,-29973.56,0.15744720206295496,0,11,1,0,0,0,0,0
8.95811038183926,7769.66,508708.0,500938.34,0.0,0.0,0.0,7769.66,7769.659999999974,0.0,0.015273289837608534,1,16,0,0,0,1,0,0
12.543244708644265,280195.02,45674.03,325869.05,5025643.98,4745448.96,560390.04,560390.04,-280195.02,-280195.0200000005,6.134533901783973,0,14,1,0,0,0,0,0
8.423414238685142,4551.42,371.0,0.0,0.0,0.0,4180.42,4551.42,371.0,0.0,12.235,1,23,0,0,0,1,0,0
13.391188020919188,654211.84,10880.0,0.0,0.0,654211.84,643331.84,0.0,10880.0,654211.84,60.12423858101277,0,14,0,0,0,0,1,0
8.33933844356072,4184.32,0.0,0.0,0.0,0.0,4184.32,4184.32,0.0,0.0,4184.32,1,20,0,0,0,1,0,0
10.113341993470778,24668.97,21422.0,46090.97,31942.25,7273.28,49337.94,49337.94,-24668.97,-24668.97,1.1515179946786165,0,13,1,0,0,0,0,0
12.798963981622908,361841.38,5170763.54,5532604.92,1558727.88,1196886.5,723682.7599999998,723682.7599999998,-361841.3799999999,-361841.3799999999,0.06997831311034712,0,15,1,0,0,0,0,0
11.721577722849016,123200.65,0.0,0.0,207863.51,331064.16,123200.65,5.820766091346741e-11,0.0,123200.64999999997,123200.65,0,19,0,1,0,0,0,0
13.180321199410185,529834.15,21105.0,550939.15,3803332.69,3273498.54,1059668.3,1059668.2999999998,-529834.15,-529834.1499999999,25.103484791054676,0,10,1,0,0,0,0,0
9.260234688250025,10510.6,0.0,0.0,0.0,0.0,10510.6,10510.6,0.0,0.0,10510.6,1,0,0,0,0,1,0,0
11.164032448848944,70545.86,44659.0,115204.86,0.0,0.0,141091.72,70545.86,-70545.86,0.0,1.5796206896551723,1,15,1,0,0,0,0,0
11.592898631764315,108324.8,530383.45,638708.25,3723172.74,3614847.94,216649.6000000001,216649.6000000001,-108324.80000000005,-108324.80000000028,0.20423826528096745,0,10,1,0,0,0,0,0
12.655720398840922,313550.97,182.0,0.0,1294665.55,1608216.53,313368.97,-0.010000000009313226,182.0,313550.98,1713.3932786885243,0,16,0,1,0,0,0,0
12.146937473307773,188514.87,21442.0,209956.87,1233298.73,1168702.44,377029.74,253111.16000000015,-188514.87,-64596.29000000004,8.791441029706665,0,17,1,0,0,0,0,0
9.810405787969216,18221.38,11612.0,0.0,0.0,0.0,6609.380000000001,18221.38,11612.0,0.0,1.5690502023594248,1,16,0,0,0,1,0,0
11.795009698717518,132588.04,30865.0,0.0,806636.87,939224.9,101723.04000000001,0.010000000009313226,30865.0,132588.03000000003,4.295601632864641,0,10,0,1,0,0,0,0
10.099942099795996,24340.6,2262046.13,2286386.72,325741.19,301400.59,48681.19000000041,48681.19999999995,-24340.590000000317,-24340.599999999977,0.010760430088828432,0,17,1,0,0,0,0,0
9.431297534884239,12471.7,0.0,0.0,0.0,0.0,12471.7,12471.7,0.0,0.0,12471.7,1,17,0,0,0,1,0,0
9.218588264404056,10081.82,100891.0,90809.18,0.0,0.0,0.0,10081.82,10081.820000000007,0.0,0.09992685247591483,1,13,0,0,0,1,0,0
12.28574948628257,216586.41,12149066.51,12365652.92,846834.72,630248.31,433172.8200000003,433172.81999999983,-216586.41000000015,-216586.40999999992,0.017827410196027463,0,18,1,0,0,0,0,0
12.236549036367247,206188.11,0.0,0.0,1976942.44,2183130.55,206188.11,0.0,0.0,206188.10999999987,206188.11,0,21,0,1,0,0,0,0
12.046603765780409,170518.3,0.0,0.0,2975219.86,3145738.16,170518.3,-4.656612873077393e-10,0.0,170518.30000000028,170518.3,0,20,0,1,0,0,0,0
8.63925328960868,5648.11,11914.0,17562.11,2322.0,0.0,11296.220000000001,7970.11,-5648.110000000001,-2322.0,0.47403357112882916,0,15,1,0,0,0,0,0
13.985573475393007,1185378.43,0.0,0.0,26402932.18,27588310.61,1185378.43,0.0,0.0,1185378.4299999997,1185378.43,0,11,0,0,0,0,1,0
12.178480561030797,194556.02,10112.0,0.0,0.0,194556.02,184444.02,0.0,10112.0,194556.02,19.23821022446356,0,14,0,1,0,0,0,0
11.419357586477098,91066.62,15471.0,0.0,179356.96,270423.58,75595.62,-5.820766091346741e-11,15471.0,91066.62000000002,5.885898397104446,0,14,0,1,0,0,0,0
11.806617168361944,134136.03,24505.0,158641.03,447006.53,312870.5,268272.06,268272.06000000006,-134136.03,-134136.03000000003,5.473599526646535,0,19,1,0,0,0,0,0
12.981824357182372,434443.88,51482.0,0.0,3493508.59,3927952.47,382961.88,-4.656612873077393e-10,51482.0,434443.88000000035,8.43858904881223,0,18,0,1,0,0,0,0
10.182739566684589,26441.81,9292.0,0.0,0.0,0.0,17149.81,26441.81,9292.0,0.0,2.8453470354029915,1,12,0,0,0,1,0,0
9.216451659957032,10060.3,12158.0,2097.7,0.0,0.0,0.0,10060.3,10060.3,0.0,0.8273953450119252,1,20,0,0,0,1,0,0
11.621664616604136,111486.15,48676.0,160162.15,0.0,0.0,222972.3,111486.15,-111486.15,0.0,2.29032499948641,1,13,1,0,0,0,0,0
9.493172200991113,13267.82,0.0,0.0,0.0,0.0,13267.82,13267.82,0.0,0.0,13267.82,1,10,0,0,0,1,0,0
11.586642267770051,107649.19,56286.0,0.0,2676569.92,2784219.11,51363.19,0.0,56286.0,107649.18999999994,1.9125053742427205,0,20,0,1,0,0,0,0
12.513867995550754,272083.51,79317.31,0.0,295823.18,641676.38,192766.2,-73769.69000000006,79317.31,345853.2,3.430273665689549,0,13,0,1,0,0,0,0
12.269223767174008,213036.56,0.0,0.0,1612924.12,1825960.67,213036.56,0.01000000024214387,0.0,213036.5499999998,213036.56,0,19,0,1,0,0,0,0
11.949424209547177,154727.03,40469.0,195196.03,781492.74,626765.71,309454.06,309454.06000000006,-154727.03,-154727.03000000003,3.8232525327403013,0,15,1,0,0,0,0,0
8.318447087184127,4097.79,26280.51,22182.73,0.0,0.0,0.010000000002037268,4097.79,4097.779999999999,0.0,0.15591912336848227,1,13,0,0,0,1,0,0
9.928173823642977,20498.87,40547.19,20048.31,0.0,0.0,-0.010000000002037268,20498.87,20498.88,0.0,0.5055434040335709,1,16,0,0,0,1,0,0
9.609226552990703,14900.64,10732.0,0.0,0.0,0.0,4168.639999999999,14900.64,10732.0,0.0,1.3883015000465853,1,10,0,0,0,1,0,0
11.721272323165973,123163.03,199817.0,76653.97,903898.6,1027061.63,0.0,0.0,123163.03,123163.03000000003,0.6163760522075088,0,17,0,1,0,0,0,0
9.986330796582804,21726.43,371.0,0.0,267667.34,289393.77,21355.43,0.0,371.0,21726.429999999993,58.40438172043011,0,13,0,1,0,0,0,0
10.768377194739346,47493.88,31053.0,0.0,78061.06,125554.93,16440.879999999997,0.010000000009313226,31053.0,47493.869999999995,1.5293965350679462,0,14,0,1,0,0,0,0
10.700685466363316,44385.27,1971820.59,2016205.86,411322.83,366937.57,88770.54000000004,88770.53000000003,-44385.27000000002,-44385.26000000001,0.022509779903566222,0,13,1,0,0,0,0,0
10.092432542554425,24158.49,0.0,0.0,5669439.99,5693598.48,24158.49,0.0,0.0,24158.490000000224,24158.49,0,19,0,1,0,0,0,0
9.690058536950868,16155.19,6326.0,0.0,0.0,16155.19,9829.19,0.0,6326.0,16155.19,2.5533728465307415,0,11,0,1,0,0,0,0
12.254587105029898,209941.11,96088.0,306029.11,98167.66,0.0,419882.22,308108.77,-209941.11,-98167.66,2.184861014268022,0,18,1,0,0,0,0,0
9.721386371457662,16669.34,31191.0,47860.34,3325662.99,3308993.65,33338.67999999999,33338.68000000017,-16669.339999999997,-16669.340000000317,0.5344107463452167,0,17,1,0,0,0,0,0
12.200371223266895,198861.96,2932715.96,3131577.92,340631.72,141769.76,397723.9199999999,397723.9199999999,-198861.95999999996,-198861.95999999996,0.06780809833077106,0,15,1,0,0,0,0,0
9.102306285510902,8974.97,6130.0,15104.97,2996712.22,2987737.25,17949.94,17949.94000000041,-8974.97,-8974.970000000205,1.4638672320991681,0,11,1,0,0,0,0,0
8.670916351298438,5829.84,0.0,0.0,0.0,0.0,5829.84,5829.84,0.0,0.0,5829.84,1,21,0,0,0,1,0,0
10.901714705568354,54268.34,29855.0,84123.34,1920624.07,1866355.73,108536.68,108536.68000000017,-54268.34,-54268.340000000084,1.8176694801714897,0,15,1,0,0,0,0,0
12.051060644872605,171279.98,11951.0,0.0,0.0,171279.98,159328.98,0.0,11951.0,171279.98,14.330654283801875,0,10,0,1,0,0,0,0
11.780233565439534,130643.29,464950.0,334306.71,0.0,130643.29,0.0,0.0,130643.28999999998,130643.29,0.2809829207808995,0,13,0,1,0,0,0,0
10.484675269976396,35762.22,124641.0,88878.78,0.0,0.0,0.0,35762.22,35762.22,0.0,0.2869194974406701,1,14,0,0,0,1,0,0
11.10017981794068,66182.06,9520.0,75702.06,1174683.8,1108501.75,132364.12,132364.1100000001,-66182.06,-66182.05000000005,6.951166894233799,0,19,1,0,0,0,0,0
12.361716538530963,233681.01,55098.3,288779.31,2389628.3,2155947.29,467362.02,467362.01999999955,-233681.01,-233681.00999999978,4.2410885437746035,0,18,1,0,0,0,0,0
8.87817265759179,7172.67,881.0,0.0,0.0,0.0,6291.67,7172.67,881.0,0.0,8.132278911564626,1,15,0,0,0,1,0,0
12.313502897804678,222681.64,19435358.57,19658040.21,3379582.2,3156900.57,445363.2800000012,445363.2700000005,-222681.6400000006,-222681.63000000035,0.011457551850171404,0,10,1,0,0,0,0,0
12.094481705468926,178881.01,19981.0,198862.01,2037752.17,1858871.17,357762.02,357762.0099999998,-178881.01,-178881.0,8.952107396656992,0,18,1,0,0,0,0,0
11.57279902834228,106169.23,1725484.22,1831653.45,3230480.85,3124311.62,212338.45999999996,212338.45999999996,-106169.22999999998,-106169.22999999998,0.06153007210342839,0,10,1,0,0,0,0,0
12.610191915070425,299595.52,5648.0,305243.52,20540.43,0.0,599191.04,320135.95,-299595.52,-20540.43,53.035142503097894,0,16,1,0,0,0,0,0
12.62975395983504,305513.94,0.0,0.0,322167.4,627681.34,305513.94,1.1641532182693481e-10,0.0,305513.93999999994,305513.94,0,19,0,1,0,0,0,0
11.420173131087092,91140.92,103955.0,12814.08,45038.21,136179.13,0.0,0.0,91140.92,91140.92000000001,0.8767259225056755,0,17,0,1,0,0,0,0
11.13402156400513,68460.14,13217.7,0.0,0.0,0.0,55242.44,68460.14,13217.7,0.0,5.179037272954224,1,14,0,0,0,1,0,0
10.547581559342653,38084.22,355.0,0.0,0.0,0.0,37729.22,38084.22,355.0,0.0,106.97814606741574,1,12,0,0,0,1,0,0
12.097104128857593,179350.73,0.0,0.0,216737.61,396088.34,179350.73,-5.820766091346741e-11,0.0,179350.73000000004,179350.73,0,21,0,1,0,0,0,0
12.13200319571138,185720.44,0.0,0.0,990968.38,1176688.83,185720.44,-0.010000000009313226,0.0,185720.45000000007,185720.44,0,20,0,1,0,0,0,0
13.331002063944211,615998.89,0.0,0.0,9705780.8,10321779.69,615998.89,1.862645149230957e-09,0.0,615998.8899999987,615998.89,0,14,0,0,0,0,1,0
12.206818717149517,200148.27,239331.65,439479.92,455115.3,254967.03,400296.5399999999,400296.5399999999,-200148.27,-200148.27,0.8362764963326148,0,13,1,0,0,0,0,0
12.620520520843161,302705.97,92606.0,395311.97,874989.73,572283.76,605411.94,605411.94,-302705.97,-302705.97,3.2687158638115905,0,10,1,0,0,0,0,0
7.460685913850493,1737.34,0.0,0.0,0.0,0.0,1737.34,1737.34,0.0,0.0,1737.34,1,15,0,0,0,1,0,0
10.528233293821463,37354.42,121465.4,84110.99,378238.85,127281.14,0.010000000009313226,288312.12999999995,37354.40999999999,-250957.70999999996,0.3075288310182898,0,20,0,1,0,0,0,0
10.668227920828429,42967.73,99459.0,142426.73,0.0,0.0,85935.46000000002,42967.73,-42967.73000000001,0.0,0.43201015483611505,1,18,1,0,0,0,0,0
14.139705565460272,1382915.96,0.0,0.0,2011252.14,3394168.1,1382915.96,-4.656612873077393e-10,0.0,1382915.9600000002,1382915.96,0,13,0,0,0,0,1,0
8.678277492326359,5872.92,284.0,0.0,0.0,0.0,5588.92,5872.92,284.0,0.0,20.606736842105263,1,14,0,0,0,1,0,0
12.839805062724702,376925.34,372.0,0.0,1759221.6,2339501.33,376553.34,-203354.39000000013,372.0,580279.73,1010.5236997319035,0,9,0,1,0,0,0,0
16.34432982218278,12538691.51,0.0,0.0,49850656.05,62389347.56,12538691.51,-7.450580596923828e-09,0.0,12538691.510000005,12538691.51,0,20,0,0,0,0,1,0
10.134538160521043,25197.46,4183.0,0.0,0.0,0.0,21014.46,25197.46,4183.0,0.0,6.022337476099426,1,11,0,0,0,1,0,0
8.65162967432295,5718.46,91076.42,85357.96,0.0,0.0,1.4551915228366852e-11,5718.46,5718.459999999992,0.0,0.06278680270038392,1,22,0,0,0,1,0,0
8.399402405729823,4443.41,106947.0,102503.59,0.0,0.0,0.0,4443.41,4443.4100000000035,0.0,0.04154738751542806,1,16,0,0,0,1,0,0
13.526283399147747,748841.08,19419.29,0.0,1191838.18,1940679.26,729421.7899999999,-2.3283064365386963e-10,19419.29,748841.0800000001,38.55972696597218,0,10,0,0,0,0,1,0
9.798296466968658,18002.05,16945759.12,16963761.17,22424.75,4422.69,36004.10000000149,36004.11,-18002.050000000745,-18002.06,0.0010623335791678844,0,12,1,0,0,0,0,0
11.599965999868095,109093.09,0.0,0.0,2671758.54,2780851.62,109093.09,0.009999999776482582,0.0,109093.08000000007,109093.09,0,13,0,1,0,0,0,0
11.99879826029264,162558.32,204800.0,42241.68,958664.61,1341215.18,0.0,-219992.25,162558.32,382550.56999999995,0.7937379212015566,0,15,0,0,0,0,1,0
8.098493896497112,3288.51,0.0,0.0,0.0,0.0,3288.51,3288.51,0.0,0.0,3288.51,1,15,0,0,0,1,0,0
10.395411662880852,32708.2,107946.0,140654.2,77979.0,45270.8,65416.40000000002,65416.399999999994,-32708.20000000001,-32708.199999999997,0.303002399325595,0,18,1,0,0,0,0,0
10.213568144743775,27269.7,21934.0,0.0,0.0,0.0,5335.700000000001,27269.7,21934.0,0.0,1.2432049236380214,1,9,0,0,0,1,0,0
7.642672804236125,2084.31,0.0,0.0,0.0,0.0,2084.31,2084.31,0.0,0.0,2084.31,1,14,0,0,0,1,0,0
10.702836070164482,44480.83,0.0,0.0,670365.29,714846.12,44480.83,0.0,0.0,44480.82999999996,44480.83,0,18,0,1,0,0,0,0
5.798516731072727,328.81,0.0,0.0,0.0,0.0,328.81,328.81,0.0,0.0,328.81,1,18,0,0,0,1,0,0
11.87341454583212,143402.06,0.0,0.0,3116550.38,3259952.44,143402.06,0.0,0.0,143402.06000000006,143402.06,0,20,0,1,0,0,0,0
9.44249916361731,12612.2,110.0,0.0,0.0,0.0,12502.2,12612.2,110.0,0.0,113.62342342342343,1,11,0,0,0,1,0,0
6.0928245714604,441.67,0.0,0.0,0.0,0.0,441.67,441.67,0.0,0.0,441.67,1,18,0,0,0,1,0,0
11.419096317895299,91042.83,2770646.98,2861689.81,165221.1,74178.26,182085.66000000015,182085.66999999998,-91042.83000000007,-91042.84000000001,0.0328597608419385,0,10,1,0,0,0,0,0
11.564943746491085,105338.5,16795532.41,16900870.91,8509823.23,8404484.73,210677.0,210677.0,-105338.5,-105338.5,0.006271816287613815,0,19,1,0,0,0,0,0
12.597468206785393,295807.69,0.0,0.0,7728316.09,8024123.78,295807.69,0.0,0.0,295807.6900000004,295807.69,0,11,0,1,0,0,0,0
9.475168521660947,13031.07,538876.47,525845.41,0.0,0.0,0.010000000009313226,13031.07,13031.05999999994,0.0,0.02418187941685519,1,15,0,0,0,1,0,0
12.944510875491643,418531.94,0.0,0.0,1582757.59,2001289.53,418531.94,0.0,0.0,418531.93999999994,418531.94,0,11,0,1,0,0,0,0
10.493399180326781,36075.58,0.0,0.0,0.0,0.0,36075.58,36075.58,0.0,0.0,36075.58,1,18,0,0,0,1,0,0
7.168525966688082,1296.93,22208.0,20911.07,0.0,0.0,0.0,1296.93,1296.9300000000003,0.0,0.05839659597460489,1,20,0,0,0,1,0,0
13.220334141984699,551464.27,0.0,0.0,558136.72,1109600.98,551464.27,0.010000000009313226,0.0,551464.26,551464.27,0,12,0,0,0,0,1,0
12.059445013151755,172722.1,0.0,172722.1,661636.66,530020.38,345444.2,304338.38,-172722.1,-131616.28000000003,172722.1,0,17,1,0,0,0,0,0
12.514909261909247,272366.97,100238.0,0.0,14000383.56,14272750.53,172128.96999999997,1.862645149230957e-09,100238.0,272366.9699999988,2.7171756501960314,0,13,0,1,0,0,0,0
8.676087459759485,5860.07,49644.0,43783.93,0.0,0.0,0.0,5860.07,5860.07,0.0,0.11803948031020244,1,10,0,0,0,1,0,0
12.181289976384832,195103.38,361.0,0.0,0.0,195103.38,194742.38,0.0,361.0,195103.38,538.9596132596686,0,12,0,1,0,0,0,0
12.017045637362656,165551.83,9811.0,175362.83,10885.4,0.0,331103.66,176437.22999999998,-165551.83,-10885.4,16.872383815735834,0,15,1,0,0,0,0,0
8.068490674020833,3191.28,11920.0,8728.72,0.0,0.0,0.0,3191.28,3191.2800000000007,0.0,0.267702373961916,1,23,0,0,0,1,0,0
7.58615931146787,1969.73,132230.0,130260.27,0.0,0.0,0.0,1969.73,1969.729999999996,0.0,0.01489612874439428,1,18,0,0,0,1,0,0
11.193313963894633,72642.12,25610.0,0.0,455561.29,528203.4,47032.119999999995,0.009999999892897904,25610.0,72642.11000000004,2.836364062316973,0,17,0,1,0,0,0,0
7.998765411010136,2976.28,110301.0,113277.28,0.0,0.0,5952.559999999998,2976.28,-2976.279999999999,0.0,0.026983010280865263,1,21,1,0,0,0,0,0
12.564912773764734,286332.58,21154.0,0.0,15778.32,315096.19,265178.58,-12985.289999999979,21154.0,299317.87,13.53498369179863,0,18,0,1,0,0,0,0
12.698884338328478,327381.45,26832.0,0.0,7557109.49,7884490.94,300549.45,0.0,26832.0,327381.4500000002,12.200702493198675,0,9,0,1,0,0,0,0
8.675476463167518,5856.49,0.0,0.0,0.0,0.0,5856.49,5856.49,0.0,0.0,5856.49,1,22,0,0,0,1,0,0
12.896006243058903,398715.63,0.0,0.0,604249.15,1002964.78,398715.63,0.0,0.0,398715.63,398715.63,0,15,0,1,0,0,0,0
10.6858378938718,43731.11,0.0,0.0,2133929.28,2177660.39,43731.11,-4.656612873077393e-10,0.0,43731.110000000335,43731.11,0,19,0,1,0,0,0,0
12.34734041010753,230345.6,0.0,0.0,289385.38,519730.98,230345.6,0.0,0.0,230345.59999999998,230345.6,0,18,0,1,0,0,0,0
10.174335345285712,26220.51,131395.0,105174.49,0.0,0.0,0.0,26220.51,26220.509999999995,0.0,0.1995533349569241,1,16,0,0,0,1,0,0
13.081002258415923,479740.29,8358994.85,8838735.14,1573400.97,1093660.69,959480.5800000001,959480.5700000001,-479740.29000000097,-479740.28,0.05739209572642628,0,16,1,0,0,0,0,0
13.164872293871339,521711.68,6068.0,0.0,0.0,418752.4,515643.68,102959.27999999997,6068.0,418752.4,85.96336793540945,0,12,0,0,0,0,1,0
8.842992965081075,6924.69,28480.34,21555.65,0.0,0.0,0.0,6924.69,6924.689999999999,0.0,0.24313076561706715,1,18,0,0,0,1,0,0
12.26468276901847,212071.35,19985947.52,20198018.87,2029454.89,1817383.55,424142.700000003,424142.6899999997,-212071.3500000015,-212071.33999999985,0.010611022528541968,0,22,1,0,0,0,0,0
12.874967040511665,390414.58,0.0,0.0,2702069.41,3092483.99,390414.58,0.0,0.0,390414.5800000001,390414.58,0,10,0,1,0,0,0,0
9.822504694726584,18443.19,31660.0,13216.81,0.0,0.0,0.0,18443.19,18443.190000000002,0.0,0.5825207668740722,1,15,0,0,0,1,0,0
8.800591602075517,6637.17,0.0,0.0,0.0,0.0,6637.17,6637.17,0.0,0.0,6637.17,1,21,0,0,0,1,0,0
7.717529271473802,2246.4,0.0,0.0,0.0,0.0,2246.4,2246.4,0.0,0.0,2246.4,1,9,0,0,0,1,0,0
9.724243056730515,16717.03,21532.0,38249.03,734610.54,717893.51,33434.06,33434.060000000056,-16717.03,-16717.030000000028,0.7763446802582082,0,18,1,0,0,0,0,0
10.23040103519936,27732.63,22346.45,0.0,0.0,0.0,5386.18,27732.63,22346.45,0.0,1.2409751448151802,1,20,0,0,0,1,0,0
9.871187992847858,19363.33,210775.92,191412.59,240580.4,259943.73,-2.9103830456733704e-11,-2.9103830456733704e-11,19363.330000000016,19363.330000000016,0.09186646241913014,0,11,0,0,0,0,1,0
8.33548664546434,4168.23,63493.03,59324.8,0.0,0.0,0.0,4168.23,4168.229999999996,0.0,0.06564758923004256,1,16,0,0,0,1,0,0
9.738971925080712,16965.09,137593.53,120628.45,1159117.03,1176082.11,0.010000000009313226,0.010000000009313226,16965.08,16965.080000000075,0.12329770667482204,0,20,0,0,0,0,1,0
8.055916174288193,3151.39,5595.0,2443.61,2107493.37,2110644.76,0.0,4.656612873077393e-10,3151.39,3151.3899999996647,0.563150464617584,0,23,0,0,1,0,0,0
9.599372529046795,14754.52,40314.0,25559.48,8145395.4,8160149.92,0.0,0.0,14754.52,14754.519999999553,0.36598090040927694,0,19,0,1,0,0,0,0
9.56963169022068,14322.14,0.0,0.0,0.0,0.0,14322.14,14322.14,0.0,0.0,14322.14,1,12,0,0,0,1,0,0
12.732102723532277,338439.21,0.0,0.0,2268786.84,2733737.69,338439.21,-126511.64000000013,0.0,464950.8500000001,338439.21,0,18,0,1,0,0,0,0
11.198189651323158,72997.17,5196743.35,5269740.52,1118329.36,1045332.19,145994.33999999985,145994.34000000008,-72997.16999999993,-72997.17000000016,0.014046711764837922,0,17,1,0,0,0,0,0
12.360934615187976,233498.36,0.0,0.0,752683.57,986181.93,233498.36,-1.1641532182693481e-10,0.0,233498.3600000001,233498.36,0,22,0,1,0,0,0,0
8.393474072024844,4417.14,704907.25,709324.39,279050.71,274633.57,8834.280000000028,8834.280000000028,-4417.140000000014,-4417.140000000014,0.00626626231144266,0,14,1,0,0,0,0,0
10.20595305953686,27062.82,12598.0,0.0,0.0,0.0,14464.82,27062.82,12598.0,0.0,2.1480133343916186,1,15,0,0,0,1,0,0
10.517960775756265,36972.65,93.0,0.0,0.0,0.0,36879.65,36972.65,93.0,0.0,393.32606382978724,1,11,0,0,0,1,0,0
12.474077586810807,261469.72,11656.0,273125.72,922305.54,660835.83,522939.43999999994,522939.43000000005,-261469.71999999997,-261469.71000000008,22.430275371021704,0,17,1,0,0,0,0,0
11.41771042064038,90916.74,0.0,0.0,373256.02,464172.77,90916.74,-0.010000000009313226,0.0,90916.75,90916.74,0,8,0,1,0,0,0,0
12.502180892849776,268922.14,5018.0,273940.14,9818.14,0.0,537844.28,278740.28,-268922.14,-9818.14,53.58082088065352,0,11,1,0,0,0,0,0
9.427279113208488,12421.68,60551.0,48129.32,0.0,0.0,0.0,12421.68,12421.68,0.0,0.20514070550931432,1,11,0,0,0,1,0,0
12.194497561980896,197697.33,825485.45,1023182.78,1329069.7,1131372.37,395394.66000000015,395394.6599999999,-197697.33000000007,-197697.32999999984,0.23949191413135854,0,14,1,0,0,0,0,0
12.897341813728321,399248.5,72421.0,471669.5,4378005.01,3978756.5,798497.0,798497.0099999998,-399248.5,-399248.5099999998,5.5128068818867195,0,16,1,0,0,0,0,0
12.945180920785072,418812.47,0.0,0.0,545658.46,964470.93,418812.47,-1.1641532182693481e-10,0.0,418812.4700000001,418812.47,0,9,0,1,0,0,0,0
12.06458206241616,173611.67,20166.0,193777.67,483003.52,309391.84,347223.34,347223.35000000003,-173611.67,-173611.68,8.60870084791987,0,9,1,0,0,0,0,0
11.842681771562855,139061.92,31484.0,0.0,41655.89,180717.81,107577.92000000001,0.0,31484.0,139061.91999999998,4.416767349531523,0,22,0,1,0,0,0,0
7.588753964495258,1974.85,20771.0,18796.15,50711.42,52686.27,0.0,0.0,1974.8499999999985,1974.8499999999985,0.09507269401116887,0,11,0,0,1,0,0,0
9.656759305914473,15626.06,31376.0,15749.94,0.0,0.0,0.0,15626.06,15626.06,0.0,0.49801000733021,1,22,0,0,0,1,0,0
9.299682780000715,10933.55,23442.0,12508.45,0.0,0.0,0.0,10933.55,10933.55,0.0,0.46638868745467726,1,22,0,0,0,1,0,0
8.708783328572482,6054.87,0.0,0.0,0.0,0.0,6054.87,6054.87,0.0,0.0,6054.87,1,10,0,0,0,1,0,0
14.122371894344008,1359151.49,270903.66,0.0,1935926.1,3295077.59,1088247.83,0.0,270903.66,1359151.4899999998,5.017084202242959,0,12,0,0,0,0,1,0
12.359378668735442,233135.33,0.0,0.0,2054360.84,2287496.17,233135.33,0.0,0.0,233135.32999999984,233135.33,0,20,0,1,0,0,0,0
12.306735067407924,221179.65,0.0,0.0,1143115.26,1364294.91,221179.65,0.0,0.0,221179.6499999999,221179.65,0,16,0,1,0,0,0,0
12.25845088864794,210753.85,239737.0,28983.15,785368.07,996121.92,0.0,-1.1641532182693481e-10,210753.85,210753.8500000001,0.8791007266265674,0,15,0,1,0,0,0,0
12.558837575316693,284598.32,16343.0,0.0,0.0,284598.32,268255.32,0.0,16343.0,284598.32,17.413015173764073,0,12,0,0,0,0,1,0
11.736494285844518,125052.17,55593.0,180645.17,410604.14,285551.96,250104.34000000003,250104.35000000003,-125052.17000000001,-125052.18,2.2493824873187753,0,9,1,0,0,0,0,0
9.630248673196567,15217.22,0.0,0.0,2394025.37,2409242.59,15217.22,4.656612873077393e-10,0.0,15217.21999999974,15217.22,0,20,0,1,0,0,0,0
11.29822603648976,80677.39,120692.0,40014.61,99021.71,159951.52,0.0,19747.580000000016,80677.39,60929.80999999998,0.6684512772074602,0,15,0,1,0,0,0,0
9.923832679711458,20410.07,0.0,0.0,0.0,0.0,20410.07,20410.07,0.0,0.0,20410.07,1,12,0,0,0,1,0,0
12.278813218934488,215089.3,21594.0,236683.3,1250057.34,1034968.04,430178.6,430178.6000000001,-215089.3,-215089.30000000005,9.96014355174809,0,19,1,0,0,0,0,0
6.969123153929284,1062.29,10881.0,9818.71,0.0,0.0,0.0,1062.29,1062.2900000000009,0.0,0.09761900385958464,1,13,0,0,0,1,0,0
11.69987753437386,120555.95,0.0,0.0,26294908.01,26415463.96,120555.95,0.0,0.0,120555.94999999925,120555.95,0,19,0,1,0,0,0,0
11.882481214002317,144708.16,20688.0,165396.16,0.0,0.0,289416.32,144708.16,-144708.16,0.0,6.994449224225434,1,13,1,0,0,0,0,0
10.034867069035064,22807.01,0.0,0.0,0.0,0.0,22807.01,22807.01,0.0,0.0,22807.01,1,19,0,0,0,1,0,0
12.827661470131718,372375.78,0.0,0.0,14229008.79,14847446.88,372375.78,-246062.31000000238,0.0,618438.0900000017,372375.78,0,14,0,1,0,0,0,0
12.501525025795864,268745.82,5227969.69,5496715.52,422466.67,153720.85,537491.6499999994,537491.64,-268745.82999999914,-268745.81999999995,0.05140538000988678,0,9,1,0,0,0,0,0
9.447043574288138,12669.65,0.0,0.0,0.0,0.0,12669.65,12669.65,0.0,0.0,12669.65,1,16,0,0,0,1,0,0
13.130923256879349,504297.31,10739.0,0.0,305985.87,810283.18,493558.31,-1.1641532182693481e-10,10739.0,504297.31000000006,46.95505679702048,0,14,0,1,0,0,0,0
13.67930080458885,872658.57,0.0,0.0,1859879.42,2732537.99,872658.57,-4.656612873077393e-10,0.0,872658.5700000003,872658.57,0,11,0,0,0,0,1,0
12.641846468799645,309230.81,0.0,0.0,7054153.56,7363384.37,309230.81,-9.313225746154785e-10,0.0,309230.8100000005,309230.81,0,12,0,1,0,0,0,0
10.750405054882096,46647.92,450843.0,404195.08,0.0,0.0,0.0,46647.92,46647.919999999984,0.0,0.10346798449130963,1,12,0,0,0,1,0,0
12.971001551772206,429767.32,83914.0,0.0,0.0,429767.32,345853.32,0.0,83914.0,429767.32,5.121460048858965,0,14,0,0,0,0,1,0
11.488261084481328,97562.73,5396.0,0.0,2455585.33,2553148.05,92166.73,0.01000000024214387,5396.0,97562.71999999974,18.07721511951084,0,20,0,1,0,0,0,0
12.134784570649359,186237.72,309595.0,495832.72,0.0,3896.86,372475.43999999994,182340.86000000002,-186237.71999999997,3896.86,0.6015507952299125,0,16,1,0,0,0,0,0
12.045137108862903,170268.39,3161279.25,3331547.64,277786.36,107517.98,340536.78000000026,340536.77,-170268.39000000013,-170268.38,0.053860580693533895,0,13,1,0,0,0,0,0
12.149450864147857,188989.28,2954601.94,3143591.22,303898.1,114908.82,377978.56000000006,377978.56,-188989.28000000026,-188989.27999999997,0.06396435793162786,0,19,1,0,0,0,0,0
10.717407295660525,45133.73,6888335.54,6933469.27,6713218.43,6668084.7,90267.45999999996,90267.45999999996,-45133.729999999516,-45133.729999999516,0.006552195836819553,0,17,1,0,0,0,0,0
12.262832018652853,211679.22,0.0,0.0,225880.92,635858.11,211679.22,-198297.96999999997,0.0,409977.18999999994,211679.22,0,21,0,1,0,0,0,0
10.881112113503304,53161.69,49758.0,0.0,691768.56,744930.24,3403.6900000000023,0.010000000009313226,49758.0,53161.679999999935,1.0683834080266887,0,12,0,1,0,0,0,0
11.918380173024312,149997.44,0.0,0.0,387144.02,537141.45,149997.44,0.010000000009313226,0.0,149997.42999999993,149997.44,0,20,0,1,0,0,0,0
12.065627407261537,173793.25,0.0,0.0,2902723.07,3076516.32,173793.25,0.0,0.0,173793.25,173793.25,0,16,0,1,0,0,0,0
11.766492919945975,128860.43,0.0,0.0,534764.19,663624.62,128860.43,-1.1641532182693481e-10,0.0,128860.43000000005,128860.43,0,18,0,1,0,0,0,0
5.5474015318626,255.57,0.0,0.0,0.0,0.0,255.57,255.57,0.0,0.0,255.57,1,12,0,0,0,1,0,0
8.438238724726961,4619.41,467.0,0.0,0.0,0.0,4152.41,4619.41,467.0,0.0,9.870534188034188,1,12,0,0,0,1,0,0
9.507435997578387,13458.44,20262.0,6803.56,0.0,0.0,0.0,13458.44,13458.439999999999,0.0,0.6641879287371071,1,22,0,0,0,1,0,0
10.828525119075124,50438.26,0.0,0.0,299696.34,350134.6,50438.26,5.820766091346741e-11,0.0,50438.25999999995,50438.26,0,11,0,0,0,0,1,0
12.420039782040918,247715.39,2796.0,250511.39,718520.83,470805.44,495430.78,495430.77999999997,-247715.39,-247715.38999999996,88.56467286378263,0,20,1,0,0,0,0,0
10.193041496941948,26715.63,6006.0,0.0,0.0,0.0,20709.63,26715.63,6006.0,0.0,4.447416347594474,1,15,0,0,0,1,0,0
13.269417985274647,579207.61,0.0,0.0,867679.91,1446887.52,579207.61,0.0,0.0,579207.61,579207.61,0,17,0,0,0,0,1,0
8.212793488169371,3686.83,353881.01,350194.18,0.0,0.0,0.0,3686.83,3686.8300000000163,0.0,0.010418246465820628,1,18,0,0,0,1,0,0
8.758918232584834,6366.22,26195.0,19828.78,0.0,0.0,0.0,6366.22,6366.220000000001,0.0,0.2430225988700565,1,14,0,0,0,1,0,0
12.546181796268565,281019.19,14674848.04,14955867.23,513832.64,232813.45,562038.3800000008,562038.3800000001,-281019.19000000134,-281019.19,0.019149715900586874,0,19,1,0,0,0,0,0
11.648525541392189,114521.38,11428.0,0.0,0.0,114521.38,103093.38,0.0,11428.0,114521.38,10.020244990812845,0,13,0,1,0,0,0,0
12.742894120107454,342111.23,488.0,0.0,0.0,375872.09,341623.23,-33760.860000000044,488.0,375872.09,699.6139672801636,0,16,0,1,0,0,0,0
14.570924752053175,2128491.95,0.0,0.0,2310203.44,4438695.39,2128491.95,9.313225746154785e-10,0.0,2128491.9499999997,2128491.95,0,12,0,0,0,0,1,0
9.259742729669295,10505.43,0.0,0.0,0.0,0.0,10505.43,10505.43,0.0,0.0,10505.43,1,20,0,0,0,1,0,0
10.231874692672488,27773.53,73113.0,100886.53,0.0,0.0,55547.06,27773.53,-27773.53,0.0,0.37986609951582456,1,19,1,0,0,0,0,0
14.944150794471351,3091449.0,0.0,0.0,5436306.61,8527755.61,3091449.0,0.0,0.0,3091448.999999999,3091449.0,0,22,0,0,0,0,1,0
8.353129540037944,4242.44,367983.0,363740.56,0.0,0.0,0.0,4242.44,4242.440000000002,0.0,0.011528870820470454,1,0,0,0,0,1,0,0
11.910105882941892,148761.43,31985.0,0.0,31492.12,180253.55,116776.43,0.0,31985.0,148761.43,4.650829425373601,0,13,0,1,0,0,0,0
8.847126955883576,6953.38,0.0,0.0,0.0,0.0,6953.38,6953.38,0.0,0.0,6953.38,1,17,0,0,0,1,0,0
8.343634726332422,4202.34,26620.0,22417.66,0.0,0.0,0.0,4202.34,4202.34,0.0,0.1578580819653657,1,14,0,0,0,1,0,0
12.60425583806296,297822.36,610.0,298432.36,73221.38,0.0,595644.72,371043.74,-297822.36,-73221.38,487.4343044189852,0,17,1,0,0,0,0,0
12.49739209469924,267637.4,0.0,0.0,1449468.38,1717105.78,267637.4,-2.3283064365386963e-10,0.0,267637.40000000014,267637.4,0,13,0,1,0,0,0,0
12.27014552702443,213233.02,0.0,0.0,730790.4,944023.42,213233.02,0.0,0.0,213233.02000000002,213233.02,0,11,0,1,0,0,0,0
9.172970744506179,9632.2,0.0,0.0,0.0,0.0,9632.2,9632.2,0.0,0.0,9632.2,1,19,0,0,0,1,0,0
9.745180329573019,17070.75,10644.0,0.0,0.0,0.0,6426.75,17070.75,10644.0,0.0,1.6036402066697981,1,12,0,0,0,1,0,0
12.502855170464056,269103.53,20650.0,289753.53,0.0,0.0,538207.06,269103.53,-269103.53,0.0,13.031016899907996,1,17,1,0,0,0,0,0
9.074709634411175,8730.65,22002.0,13271.35,0.0,0.0,0.0,8730.65,8730.65,0.0,0.39679361905194743,1,12,0,0,0,1,0,0
12.744039082596057,342503.16,0.0,0.0,384312.71,726815.88,342503.16,-0.010000000009313226,0.0,342503.17,342503.16,0,13,0,1,0,0,0,0
12.86351697200845,385969.79,28887.0,0.0,0.0,385969.79,357082.79,0.0,28887.0,385969.79,13.36090383550263,0,12,0,1,0,0,0,0
11.7777389583955,130317.79,0.0,0.0,337480.08,467797.88,130317.79,-0.010000000009313226,0.0,130317.79999999999,130317.79,0,16,0,1,0,0,0,0
10.187556104078071,26569.48,51648.0,25078.52,0.0,0.0,0.0,26569.48,26569.48,0.0,0.5144238997850878,1,13,0,0,0,1,0,0
10.62767738534378,41260.18,35706.0,0.0,14536522.01,14577782.2,5554.18,-0.009999999776482582,35706.0,41260.18999999948,1.1555207662363123,0,13,0,1,0,0,0,0
5.245285719996231,188.67,0.0,0.0,0.0,0.0,188.67,188.67,0.0,0.0,188.67,1,12,0,0,0,1,0,0
11.374958535594859,87111.75,9034.0,96145.75,344024.41,256912.66,174223.5,174223.49999999997,-87111.75,-87111.74999999997,9.641588267847261,0,13,1,0,0,0,0,0
11.261603736662677,77776.21,1641666.19,1719442.4,7610844.37,7533068.16,155552.41999999993,155552.41999999993,-77776.20999999996,-77776.20999999996,0.047376356470887386,0,18,1,0,0,0,0,0
8.513233361628549,4979.24,61539.0,56559.76,0.0,0.0,0.0,4979.24,4979.239999999998,0.0,0.08091062723431913,1,22,0,0,0,1,0,0
13.162139666965682,520287.98,0.0,0.0,1144498.52,1664786.5,520287.98,0.0,0.0,520287.98,520287.98,0,9,0,1,0,0,0,0
12.356929592684796,232565.06,1991480.67,2224045.74,717027.01,484461.94,465130.13000000035,465130.13000000006,-232565.0700000003,-232565.07,0.11677991492635732,0,9,1,0,0,0,0,0
12.494690892134154,266915.43,84804.0,0.0,64335.9,331251.33,182111.43,0.0,84804.0,266915.43,3.147402039974058,0,18,0,1,0,0,0,0
9.957477033942634,21108.47,0.0,0.0,0.0,0.0,21108.47,21108.47,0.0,0.0,21108.47,1,9,0,0,0,1,0,0
10.871393027127782,52647.5,20977.0,0.0,0.0,0.0,31670.5,52647.5,20977.0,0.0,2.5096529697778625,1,1,0,0,0,1,0,0
12.373471789884166,236444.21,0.0,0.0,1383839.01,1620283.22,236444.21,0.0,0.0,236444.20999999996,236444.21,0,20,0,0,0,0,1,0
10.960803254916456,57571.67,541.0,0.0,318133.31,375704.97,57030.67,0.010000000009313226,541.0,57571.659999999974,106.22079335793357,0,19,0,1,0,0,0,0
13.057974199781127,468819.01,206037.0,674856.01,20322.2,0.0,937638.02,489141.21,-468819.01,-20322.2,2.275400702782982,0,13,1,0,0,0,0,0
13.14124603263634,509530.03,9334.0,0.0,7141529.2,8816062.24,500196.03,-1165003.0099999998,9334.0,1674533.04,54.58275629351902,0,11,0,1,0,0,0,0
11.764231970997532,128569.41,0.0,0.0,3311011.91,3439581.32,128569.41,4.656612873077393e-10,0.0,128569.40999999968,128569.41,0,11,0,1,0,0,0,0
11.329974149920163,83279.87,10838.0,94117.87,0.0,0.0,166559.74,83279.87,-83279.87,0.0,7.683353630408709,1,11,1,0,0,0,0,0
12.202785197790401,199342.59,212079.0,12736.41,0.0,199342.59,0.0,0.0,199342.59,199342.59,0.9399405413051678,0,1,0,0,0,0,1,0
5.28020431112111,195.41,0.0,0.0,0.0,0.0,195.41,195.41,0.0,0.0,195.41,1,23,0,0,0,1,0,0
10.989439030316662,59244.14,0.0,0.0,0.0,0.0,59244.14,59244.14,0.0,0.0,59244.14,1,14,0,0,0,1,0,0
12.755872471298838,346580.22,0.0,0.0,877618.61,1224198.84,346580.22,-0.010000000009313226,0.0,346580.2300000001,346580.22,0,10,0,1,0,0,0,0
12.275557709204008,214390.21,69544.0,283934.21,180684.53,0.0,428780.42000000004,395074.74,-214390.21000000002,-180684.53,3.0827551944783953,0,9,1,0,0,0,0,0
12.518449952520108,273333.05,3377981.81,3651314.86,327106.81,53773.76,546666.0999999996,546666.1,-273333.0499999998,-273333.05,0.08091605711871576,0,19,1,0,0,0,0,0
12.332756836985524,227010.7,260115.0,487125.7,129991.83,0.0,454021.4,357002.53,-227010.7,-129991.83,0.8727287056544004,0,13,1,0,0,0,0,0
12.26672926683462,212505.8,0.0,0.0,1183341.75,1395847.55,212505.8,0.0,0.0,212505.80000000005,212505.8,0,16,0,1,0,0,0,0
10.366135444557658,31764.48,59916.0,28151.52,0.0,0.0,0.0,31764.48,31764.48,0.0,0.5301413622177346,1,17,0,0,0,1,0,0
11.64662550587283,114303.99,0.0,0.0,1600898.19,1715202.18,114303.99,0.0,0.0,114303.98999999999,114303.99,0,13,0,1,0,0,0,0
10.396294510799427,32737.09,20711.0,0.0,0.0,0.0,12026.09,32737.09,20711.0,0.0,1.5805856508304366,1,18,0,0,0,1,0,0
12.305495719414523,220905.7,41864.0,262769.7,329730.9,108825.2,441811.4,441811.4000000001,-220905.7,-220905.7,5.276620088379315,0,11,1,0,0,0,0,0
10.445814750334009,34399.1,1646.0,0.0,0.0,0.0,32753.1,34399.1,1646.0,0.0,20.885913782635093,1,16,0,0,0,1,0,0
13.130996623460202,504334.31,0.0,0.0,8864956.24,9369290.55,504334.31,0.0,0.0,504334.3100000005,504334.31,0,17,0,1,0,0,0,0
12.840434218499963,377162.56,0.0,0.0,1596394.54,1973557.1,377162.56,0.0,0.0,377162.56000000006,377162.56,0,20,0,1,0,0,0,0
11.979614732783125,159469.58,0.0,0.0,4464633.65,4624103.23,159469.58,0.0,0.0,159469.58000000007,159469.58,0,17,0,1,0,0,0,0
9.525048916813462,13697.6,410777.46,397079.86,0.0,0.0,-5.820766091346741e-11,13697.6,13697.600000000035,0.0,0.03334546801699388,1,12,0,0,0,1,0,0
11.875767026181176,143739.81,0.0,0.0,2684993.77,3118439.4,143739.81,-289705.81999999983,0.0,433445.6299999999,143739.81,0,14,0,1,0,0,0,0
12.72718458330463,336778.8,9585.0,346363.8,51449.88,0.0,673557.6,388228.68,-336778.8,-51449.88,35.13235969121636,0,18,1,0,0,0,0,0
8.247432238772921,3816.81,0.0,0.0,0.0,0.0,3816.81,3816.81,0.0,0.0,3816.81,1,18,0,0,0,1,0,0
12.05341452628,171683.63,49092.0,0.0,0.0,171683.63,122591.63,0.0,49092.0,171683.63,3.4971101786405394,0,18,0,1,0,0,0,0
7.814888205871518,2476.21,15332.0,12855.79,0.0,0.0,0.0,2476.21,2476.209999999999,0.0,0.16149546729276723,1,20,0,0,0,1,0,0
10.96227960170428,57656.73,0.0,0.0,2848028.77,2905685.5,57656.73,0.0,0.0,57656.72999999998,57656.73,0,21,0,1,0,0,0,0
8.777507664187718,6485.69,734.0,0.0,0.0,0.0,5751.69,6485.69,734.0,0.0,8.824068027210885,1,11,0,0,0,1,0,0
10.332066792316533,30700.5,0.0,0.0,2201619.72,2232320.22,30700.5,0.0,0.0,30700.5,30700.5,0,18,0,1,0,0,0,0
12.46973464449895,260336.63,47370.97,0.0,0.0,651757.5,212965.66,-391420.87,47370.97,651757.5,5.495583780872951,0,9,0,1,0,0,0,0
8.939965004137877,7629.93,0.0,0.0,0.0,0.0,7629.93,7629.93,0.0,0.0,7629.93,1,14,0,0,0,1,0,0
10.151316692025794,25623.82,20562.0,0.0,0.0,0.0,5061.82,25623.82,20562.0,0.0,1.2461129212663522,1,9,0,0,0,1,0,0
8.879977634300992,7185.63,0.0,0.0,0.0,0.0,7185.63,7185.63,0.0,0.0,7185.63,1,13,0,0,0,1,0,0
9.059025500773444,8594.77,0.0,0.0,0.0,0.0,8594.77,8594.77,0.0,0.0,8594.77,1,10,0,0,0,1,0,0
14.315566684311761,1648812.81,5095.0,0.0,2260005.32,3908818.12,1643717.81,0.009999999776482582,5095.0,1648812.8000000003,323.5503944270016,0,13,0,0,0,0,1,0
10.581253292932713,39388.45,0.0,0.0,0.0,0.0,39388.45,39388.45,0.0,0.0,39388.45,1,17,0,0,0,1,0,0
10.098863528403792,24314.36,445024.0,420709.64,0.0,0.0,0.0,24314.36,24314.359999999986,0.0,0.054635941801022415,1,17,0,0,0,1,0,0
12.114739178113267,182541.66,0.0,0.0,12414839.87,12597381.53,182541.66,0.0,0.0,182541.66000000015,182541.66,0,13,0,1,0,0,0,0
11.233611349966699,75629.23,120762.0,196391.23,58732.44,0.0,151258.46000000002,134361.66999999998,-75629.23000000001,-58732.44,0.6262616033056482,0,18,1,0,0,0,0,0
9.13099408840974,9236.2,100067.0,90830.8,0.0,0.0,0.0,9236.2,9236.199999999997,0.0,0.09229923651916698,1,11,0,0,0,1,0,0
12.145475360840075,188239.44,1493929.25,1682168.68,1651020.31,1096437.03,376478.8699999999,742822.72,-188239.42999999993,-554583.28,0.1260028304534298,0,8,1,0,0,0,0,0
12.880922776343048,392746.73,0.0,0.0,1099374.46,1492121.19,392746.73,0.0,0.0,392746.73,392746.73,0,21,0,1,0,0,0,0
12.867937470633706,387679.75,7491214.0,7878893.75,1880940.07,1493260.32,775359.5,775359.5000000002,-387679.75,-387679.75,0.05175125129902159,0,19,1,0,0,0,0,0
12.72130856960869,334805.68,0.0,334805.68,580405.9,303705.52,669611.36,611506.06,-334805.68,-276700.38,334805.68,0,8,1,0,0,0,0,0
10.117176953879074,24763.76,104168.58,79404.82,0.0,0.0,0.0,24763.76,24763.759999999995,0.0,0.23772544729469006,1,20,0,0,0,1,0,0
9.85500504103676,19052.48,168058.91,149006.43,0.0,0.0,0.0,19052.48,19052.48000000001,0.0,0.11336719149736543,1,10,0,0,0,1,0,0
9.585033508917544,14544.45,545415.6,530871.15,0.0,0.0,0.0,14544.45,14544.449999999953,0.0,0.026666680112046464,1,19,0,0,0,1,0,0
11.753329355880538,127175.27,20882.0,0.0,0.0,131479.51,106293.27,-4304.240000000005,20882.0,131479.51,6.0898946511516545,0,9,0,1,0,0,0,0
12.360366572239965,233365.76,0.0,0.0,2184465.22,2728842.19,233365.76,-311011.2099999995,0.0,544376.9699999997,233365.76,0,13,0,1,0,0,0,0
9.782442452127112,17718.88,265617.81,247898.92,0.0,0.0,-0.010000000009313226,17718.88,17718.889999999985,0.0,0.0667079262948283,1,11,0,0,0,1,0,0
12.033714944250404,168334.61,9975.46,0.0,2673025.61,2841360.22,158359.15,-4.656612873077393e-10,9975.46,168334.61000000034,16.87318046681889,0,17,0,0,0,0,1,0
8.676871991562175,5864.67,0.0,0.0,0.0,0.0,5864.67,5864.67,0.0,0.0,5864.67,1,19,0,0,0,1,0,0
6.700878700131799,812.12,0.0,0.0,0.0,0.0,812.12,812.12,0.0,0.0,812.12,1,19,0,0,0,1,0,0
9.990063334668092,21807.68,402941.97,381134.29,0.0,0.0,0.0,21807.68,21807.679999999993,0.0,0.05412100873729104,1,19,0,0,0,1,0,0
8.20094976577184,3643.41,99046.29,95402.88,0.0,0.0,1.4551915228366852e-11,3643.41,3643.409999999989,0.0,0.036784550087135146,1,22,0,0,0,1,0,0
8.367746099024364,4304.92,956593.0,952288.08,0.0,0.0,0.0,4304.92,4304.920000000042,0.0,0.004500258207766304,1,2,0,0,0,1,0,0
12.84089857759641,377337.74,82587.59,0.0,687243.88,1064581.62,294750.15,0.0,82587.59,377337.7400000001,4.5688846364855005,0,22,0,0,0,0,1,0
4.878474390493917,130.43,116693.15,116562.72,0.0,0.0,0.0,130.43,130.42999999999302,0.0,0.001117708128470879,1,17,0,0,0,1,0,0
7.780119201382559,2391.56,218990.48,216598.92,0.0,0.0,0.0,2391.56,2391.5599999999977,0.0,0.010920790160420852,1,17,0,0,0,1,0,0
9.772321930696348,17540.45,0.0,0.0,0.0,0.0,17540.45,17540.45,0.0,0.0,17540.45,1,19,0,0,0,1,0,0
12.008406825349365,164127.81,0.0,0.0,432159.6,596287.41,164127.81,-1.1641532182693481e-10,0.0,164127.81000000006,164127.81,0,16,0,1,0,0,0,0
12.297055841062027,219049.12,21077.0,0.0,941345.62,1160394.74,197972.12,0.0,21077.0,219049.12,10.392310465888604,0,15,0,1,0,0,0,0
10.98097119513363,58744.58,12169706.24,12228450.82,2350333.08,2291588.5,117489.16000000015,117489.16000000015,-58744.580000000075,-58744.580000000075,0.004827115298790047,0,20,1,0,0,0,0,0
12.181577319727484,195159.45,262374.0,67214.55,46464.71,241624.17,0.0,-0.010000000009313226,195159.45,195159.46000000002,0.7438187708432588,0,15,0,1,0,0,0,0
11.64188184566918,113763.05,6687704.21,6801467.25,936440.82,822677.78,227526.08999999985,227526.08999999985,-113763.04000000004,-113763.03999999992,0.017010775210290707,0,11,1,0,0,0,0,0
11.339108481554291,84044.07,0.0,0.0,4092197.91,4176241.99,84044.07,-0.01000000024214387,0.0,84044.08000000007,84044.07,0,21,0,1,0,0,0,0
12.753658419283695,345813.72,0.0,0.0,1671692.48,2017506.2,345813.72,0.0,0.0,345813.72,345813.72,0,17,0,1,0,0,0,0
12.2241548722169,203648.34,20003.0,0.0,0.0,203648.34,183645.34,0.0,20003.0,203648.34,10.180380923815237,0,13,0,1,0,0,0,0
13.931621734620691,1123119.73,30117.0,0.0,114017.59,1237137.32,1093002.73,0.0,30117.0,1123119.73,37.290647785377516,0,13,0,0,0,0,1,0
9.436851048157617,12541.16,986.0,0.0,0.0,0.0,11555.16,12541.16,986.0,0.0,12.706342451874367,1,20,0,0,0,1,0,0
11.874200970080128,143514.88,18367368.37,18510883.25,6167531.79,6024016.91,287029.7599999979,287029.7599999998,-143514.87999999896,-143514.8799999999,0.007813578368735119,0,13,1,0,0,0,0,0
10.900897888945268,54224.03,326658.0,380882.03,551843.29,497619.26,108448.06000000006,108448.06000000006,-54224.03000000003,-54224.03000000003,0.16599582439179694,0,12,1,0,0,0,0,0
8.617445683305329,5526.25,1242.28,0.0,0.0,0.0,4283.97,5526.25,1242.28,0.0,4.44489575960363,1,17,0,0,0,1,0,0
11.80525151245816,133952.97,1233708.53,1367661.5,1039199.7,905246.74,267905.93999999994,267905.92999999993,-133952.96999999997,-133952.95999999996,0.10857739746891637,0,9,1,0,0,0,0,0
9.85066045088844,18969.88,8825.9,0.0,0.0,0.0,10143.980000000001,18969.88,8825.9,0.0,2.1490987776002903,1,11,0,0,0,1,0,0
10.441893128707282,34264.46,50936.0,16671.54,36050.29,70314.75,0.0,0.0,34264.46,34264.46,0.672683118361898,0,14,0,1,0,0,0,0
10.263849989308607,28675.98,43955.0,15279.02,0.0,0.0,0.0,28675.98,28675.98,0.0,0.6523791973791974,1,15,0,0,0,1,0,0
12.669509762346133,317904.6,2720.0,320624.6,0.0,0.0,635809.2,317904.6,-317904.6,0.0,116.83373759647188,1,18,1,0,0,0,0,0
7.791394711771779,2418.69,16544.0,14125.31,0.0,0.0,0.0,2418.69,2418.6900000000005,0.0,0.1461885766092475,1,17,0,0,0,1,0,0
12.875311281038444,390549.0,0.0,0.0,2351815.1,2675354.81,390549.0,67009.29000000004,0.0,323539.70999999996,390549.0,0,13,0,0,0,0,1,0
11.92277109788792,150657.52,0.0,0.0,3209891.7,4808687.16,150657.52,-1448137.94,0.0,1598795.46,150657.52,0,11,0,1,0,0,0,0
12.98232790762396,434662.7,61872.0,0.0,214471.03,649133.73,372790.7,0.0,61872.0,434662.69999999995,7.02507879042555,0,19,0,1,0,0,0,0
9.922516841667731,20383.23,9041.55,0.0,0.0,0.0,11341.68,20383.23,9041.55,0.0,2.2541462308751403,1,20,0,0,0,1,0,0
10.820783778731396,50049.3,3968825.6,4018874.9,203657.62,153608.32,100098.59999999963,100098.59999999998,-50049.299999999814,-50049.29999999999,0.012610603849510583,0,13,1,0,0,0,0,0
12.921562777949465,409036.77,0.0,0.0,616390.55,1025427.32,409036.77,1.1641532182693481e-10,0.0,409036.7699999999,409036.77,0,15,0,0,0,0,1,0
13.200939594922007,540871.9,12262.0,0.0,0.0,540871.9,528609.9,0.0,12262.0,540871.9,44.10600179401452,0,12,0,1,0,0,0,0
9.124502487992405,9176.43,327703.8,318527.37,0.0,0.0,0.0,9176.43,9176.429999999993,0.0,0.028002122642085195,1,13,0,0,0,1,0,0
10.601105723307011,40178.24,28054.0,68232.24,218381.0,178202.76,80356.48000000001,80356.47999999998,-40178.240000000005,-40178.23999999999,1.4321240420602388,0,11,1,0,0,0,0,0
10.190217922262502,26640.3,46654.0,20013.7,281556.13,308196.43,0.0,0.0,26640.3,26640.29999999999,0.5710063230093237,0,10,0,1,0,0,0,0
9.975786353411694,21498.53,0.0,0.0,0.0,0.0,21498.53,21498.53,0.0,0.0,21498.53,1,13,0,0,0,1,0,0
10.637104905734267,41651.01,0.0,0.0,987746.1,0.0,41651.01,1029397.11,0.0,-987746.1,41651.01,0,17,0,1,0,0,0,0
11.276659566022717,78956.07,0.0,0.0,1662732.81,1829048.9,78956.07,-87360.01999999979,0.0,166316.08999999985,78956.07,0,16,0,1,0,0,0,0
11.821569786214859,136156.8,0.0,0.0,2650258.38,2786415.17,136156.8,0.009999999776482582,0.0,136156.79000000004,136156.8,0,17,0,0,0,0,1,0
9.099151795002827,8946.7,33499.0,24552.3,29935.0,38881.7,0.0,0.0,8946.7,8946.699999999997,0.26706567164179107,0,17,0,0,1,0,0,0
11.44858958996521,93768.0,7614.71,0.0,1482278.7,1576046.7,86153.29,0.0,7614.71,93768.0,12.312443619833212,0,19,0,1,0,0,0,0
12.209351015797058,200655.75,0.0,0.0,1967252.56,2167908.3,200655.75,0.01000000024214387,0.0,200655.73999999976,200655.75,0,16,0,1,0,0,0,0
13.321339867601795,610075.64,0.0,0.0,701816.73,1311892.37,610075.64,0.0,0.0,610075.6400000001,610075.64,0,19,0,0,0,0,1,0
12.311396970533126,222213.18,4052819.02,4275032.2,3616799.64,3394586.46,444426.35999999987,444426.36000000034,-222213.18000000017,-222213.18000000017,0.054829274160563386,0,20,1,0,0,0,0,0
12.230472678738005,204939.03,9077715.42,9282654.45,3322056.83,3117117.81,409878.05999999866,409878.0499999998,-204939.02999999933,-204939.02000000002,0.022576055531816228,0,22,1,0,0,0,0,0
11.658757382497889,115699.17,0.0,0.0,1068937.86,1184637.03,115699.17,0.0,0.0,115699.16999999993,115699.17,0,11,0,1,0,0,0,0
10.137066861419347,25261.26,1359.0,0.0,0.0,0.0,23902.26,25261.26,1359.0,0.0,18.57445588235294,1,16,0,0,0,1,0,0
11.805667538994323,134008.71,11567.0,145575.71,288166.08,142266.4,268017.42,279908.39,-134008.71,-145899.68000000002,11.584432053941908,0,20,1,0,0,0,0,0
14.668207930428089,2345965.27,106447.0,0.0,164536.19,2510501.46,2239518.27,0.0,106447.0,2345965.27,22.038603543514203,0,10,0,0,0,0,1,0
11.918656671004532,150038.92,39199.0,0.0,0.0,150038.92,110839.92000000001,0.0,39199.0,150038.92,3.8275234693877556,0,14,0,1,0,0,0,0
9.950302910916694,20957.57,3123.0,0.0,0.0,0.0,17834.57,20957.57,3123.0,0.0,6.70856914212548,1,18,0,0,0,1,0,0
11.745997802351063,126246.28,0.0,0.0,5747461.57,5873707.85,126246.28,9.313225746154785e-10,0.0,126246.27999999933,126246.28,0,10,0,1,0,0,0,0
9.280890164166188,10729.98,11177.0,447.02,0.0,0.0,0.0,10729.98,10729.98,0.0,0.9599194847020933,1,22,0,0,0,1,0,0
10.122766445669777,24902.57,121732.24,96829.67,0.0,0.0,-1.4551915228366852e-11,24902.57,24902.570000000007,0.0,0.2045667231070166,1,18,0,0,0,1,0,0
8.70046429724578,6004.7,72225.0,66220.3,0.0,0.0,0.0,6004.7,6004.699999999997,0.0,0.08313765126131864,1,12,0,0,0,1,0,0
9.060695857452183,8609.14,0.0,0.0,0.0,0.0,8609.14,8609.14,0.0,0.0,8609.14,1,13,0,0,0,1,0,0
12.717949446615648,333682.91,150974.0,0.0,126717.0,460399.91,182708.90999999997,0.0,150974.0,333682.91,2.2101865209471767,0,13,0,1,0,0,0,0
14.725289429623714,2483772.24,0.0,0.0,6747933.06,9231705.3,2483772.24,0.0,0.0,2483772.240000001,2483772.24,0,11,0,0,0,0,1,0
6.009132544761389,406.13,0.0,0.0,0.0,0.0,406.13,406.13,0.0,0.0,406.13,1,18,0,0,0,1,0,0
11.216408748388655,74339.32,47798.0,0.0,135425.94,209765.26,26541.320000000007,0.0,47798.0,74339.32,1.5552484361597525,0,21,0,1,0,0,0,0
11.927440762952603,151362.69,40457.0,191819.69,317708.95,166346.26,302725.38,302725.38,-151362.69,-151362.69,3.7412301646151565,0,10,1,0,0,0,0,0
12.357516135652494,232701.51,919.0,233620.51,0.0,0.0,465403.02,232701.51,-232701.51,0.0,252.93642391304348,1,17,1,0,0,0,0,0
9.706744909940785,16427.04,0.0,0.0,3564770.13,3581197.18,16427.04,-0.01000000024214387,0.0,16427.05000000028,16427.04,0,20,0,1,0,0,0,0
11.7292918631734,124154.72,21281.0,145435.72,0.0,0.0,248309.44,124154.72,-124154.72,0.0,5.833790057325439,1,11,1,0,0,0,0,0
12.365600130114892,234590.3,0.0,0.0,355523.08,590113.38,234590.3,0.0,0.0,234590.3,234590.3,0,18,0,1,0,0,0,0
7.43060037857233,1685.82,10123.0,8437.18,0.0,0.0,0.0,1685.82,1685.8199999999997,0.0,0.16651718688265507,1,14,0,0,0,1,0,0
12.251400441662836,209273.16,31280.0,240553.16,10990.48,0.0,418546.32,220263.64,-209273.16,-10990.48,6.690104536299991,0,16,1,0,0,0,0,0
10.06243940256381,23444.63,26.0,23470.63,829378.63,805934.0,46889.26,46889.26000000001,-23444.63,-23444.630000000005,868.3196296296296,0,11,1,0,0,0,0,0
12.311762676891737,222294.46,0.0,0.0,11375134.94,11597429.41,222294.46,-0.009999999776482582,0.0,222294.47000000067,222294.46,0,18,0,0,0,0,1,0
7.8783523614276145,2638.52,0.0,0.0,0.0,0.0,2638.52,2638.52,0.0,0.0,2638.52,1,14,0,0,0,1,0,0
11.703808682590667,121030.81,0.0,0.0,207054.28,328085.09,121030.81,-5.820766091346741e-11,0.0,121030.81000000003,121030.81,0,18,0,1,0,0,0,0
13.381226906055664,647727.5,142154.0,0.0,0.0,647727.5,505573.5,0.0,142154.0,647727.5,4.55648763673455,0,16,0,1,0,0,0,0
12.869351397669336,388228.29,3765242.93,4153471.22,481471.77,93243.48,776456.5799999996,776456.5800000001,-388228.29000000004,-388228.29000000004,0.10310840339101217,0,18,1,0,0,0,0,0
9.936058803086844,20661.15,100398.0,79736.85,0.0,0.0,0.0,20661.15,20661.149999999994,0.0,0.20579039631868845,1,14,0,0,0,1,0,0
12.791483796687944,359144.83,113.0,359257.83,1730007.3,1370862.47,718289.66,718289.6600000001,-359144.83,-359144.8300000001,3150.393245614035,0,15,1,0,0,0,0,0
10.306429814275253,29923.41,958.0,0.0,0.0,0.0,28965.41,29923.41,958.0,0.0,31.20272158498436,1,22,0,0,0,1,0,0
12.229731943947488,204787.28,745671.16,950458.44,1136752.33,931965.04,409574.55999999994,409574.57000000007,-204787.2799999999,-204787.29000000004,0.2746344720714798,0,14,1,0,0,0,0,0
13.673146316042853,867304.29,107579.0,0.0,103008.89,970313.18,759725.29,0.0,107579.0,867304.29,8.061947295036253,0,20,0,0,0,0,1,0
13.367197780040298,638703.88,30019.0,0.0,0.0,638703.88,608684.88,0.0,30019.0,638703.88,21.275945369753497,0,17,0,0,0,0,1,0
8.365870176639971,4296.85,0.0,0.0,0.0,0.0,4296.85,4296.85,0.0,0.0,4296.85,1,16,0,0,0,1,0,0
11.206517960838694,73607.66,0.0,0.0,7782651.01,7856258.67,73607.66,0.0,0.0,73607.66000000015,73607.66,0,12,0,1,0,0,0,0
6.376301687420179,586.75,0.0,0.0,0.0,0.0,586.75,586.75,0.0,0.0,586.75,1,14,0,0,0,1,0,0
11.579786412187408,106913.68,0.0,0.0,1382609.17,1489522.85,106913.68,-2.3283064365386963e-10,0.0,106913.68000000017,106913.68,0,13,0,1,0,0,0,0
10.986643166560398,59078.73,1775.0,0.0,79608.72,138687.44,57303.73,0.010000000009313226,1775.0,59078.72,33.265050675675674,0,21,0,1,0,0,0,0
8.686799247797063,5923.19,0.0,0.0,0.0,0.0,5923.19,5923.19,0.0,0.0,5923.19,1,21,0,0,0,1,0,0
12.249716829923601,208921.12,0.0,0.0,1428907.77,1637828.89,208921.12,2.3283064365386963e-10,0.0,208921.11999999988,208921.12,0,14,0,1,0,0,0,0
11.733454721993086,124672.64,10240.0,0.0,0.0,124672.64,114432.64,0.0,10240.0,124672.64,12.17387364515184,0,12,0,0,0,0,1,0
9.670546789895358,15843.01,7028.0,0.0,0.0,0.0,8815.01,15843.01,7028.0,0.0,2.253949352681747,1,12,0,0,0,1,0,0
12.069650507295123,174493.85,0.0,0.0,428773.26,603267.11,174493.85,0.0,0.0,174493.84999999998,174493.85,0,18,0,1,0,0,0,0
8.713126684030012,6081.23,86648.0,80566.77,0.0,0.0,0.0,6081.23,6081.229999999996,0.0,0.0701823448626066,1,19,0,0,0,1,0,0
12.433500287011432,251072.32,179718.0,0.0,183736.13,434808.45,71354.32,0.0,179718.0,251072.32,1.397027136808017,0,17,0,1,0,0,0,0
11.905342685078022,148054.53,0.0,0.0,1491308.13,1639362.66,148054.53,0.0,0.0,148054.53000000003,148054.53,0,13,0,1,0,0,0,0
11.738774712584663,125337.67,0.0,0.0,4313709.44,4044586.39,125337.67,394460.7200000002,0.0,-269123.0500000003,125337.67,0,14,0,1,0,0,0,0
9.580445624220499,14477.87,48171.0,33693.13,126230.71,140708.57,0.0,0.010000000009313226,14477.870000000003,14477.86,0.30054533754047996,0,19,0,1,0,0,0,0
11.639308657478653,113470.69,0.0,0.0,157940.92,271411.61,113470.69,0.0,0.0,113470.68999999997,113470.69,0,18,0,1,0,0,0,0
11.869492933133646,142840.79,192.0,0.0,10330.0,10726461.4,142648.79,-10573290.610000001,192.0,10716131.4,740.1077202072539,0,12,0,1,0,0,0,0
12.768281212165169,350907.65,5336.0,356243.65,0.0,0.0,701815.3,350907.65,-350907.65,0.0,65.74998126288178,1,16,1,0,0,0,0,0
11.602144952288889,109331.06,127217.0,236548.06,352714.35,243383.29,218662.12,218662.11999999997,-109331.06,-109331.05999999997,0.8593992988413589,0,21,1,0,0,0,0,0
9.033471919943668,8377.9,35720.0,27342.1,0.0,0.0,0.0,8377.9,8377.900000000001,0.0,0.2345371070238795,1,20,0,0,0,1,0,0
10.41036599642719,33201.02,0.0,0.0,114511.68,147712.7,33201.02,-2.9103830456733704e-11,0.0,33201.02000000002,33201.02,0,14,0,1,0,0,0,0
12.234177770335243,205699.76,15508.0,0.0,0.0,205699.76,190191.76,0.0,15508.0,205699.76,13.263251015539366,0,18,0,1,0,0,0,0
12.73007884264041,337754.94,3781284.16,4119039.1,2029924.06,1692169.12,675509.8799999999,675509.8799999999,-337754.93999999994,-337754.93999999994,0.08932278992679832,0,9,1,0,0,0,0,0
9.154066272897007,9451.8,0.0,0.0,0.0,0.0,9451.8,9451.8,0.0,0.0,9451.8,1,16,0,0,0,1,0,0
11.875191032211205,143657.04,31118.0,0.0,86104.7,61924.83,112539.04000000001,167836.90999999997,31118.0,-24179.869999999995,4.61637713294129,0,10,0,1,0,0,0,0
10.78332755530647,48209.28,25500.66,0.0,526238.74,701463.38,22708.62,-127015.35999999999,25500.66,175224.64,1.8904369362621884,0,14,0,1,0,0,0,0
7.452773612033319,1723.64,0.0,0.0,0.0,0.0,1723.64,1723.64,0.0,0.0,1723.64,1,15,0,0,0,1,0,0
11.465800628372769,95395.83,0.0,0.0,1273420.96,1368816.8,95395.83,-0.010000000009313226,0.0,95395.84000000008,95395.83,0,13,0,1,0,0,0,0
7.568027966468001,1934.32,10949.0,9014.68,0.0,0.0,0.0,1934.32,1934.3199999999997,0.0,0.17665022831050228,1,21,0,0,0,1,0,0
11.856458359236003,140990.99,0.0,0.0,1354728.69,1687117.85,140990.99,-191398.17000000016,0.0,332389.16000000015,140990.99,0,19,0,0,0,0,1,0
11.898163715809401,146995.45,11587.0,0.0,999862.02,959928.09,135408.45,186929.38,11587.0,-39933.93000000005,12.685144114601313,0,19,0,1,0,0,0,0
12.367520394018367,235041.21,0.0,0.0,2296491.92,2531533.14,235041.21,-0.01000000024214387,0.0,235041.2200000002,235041.21,0,10,0,1,0,0,0,0
8.883989540682977,7214.52,13829.0,6614.49,2926679.54,2933894.06,0.010000000000218279,0.0,7214.51,7214.520000000019,0.5216572668112799,0,0,0,1,0,0,0,0
7.145196134997171,1267.0,0.0,0.0,0.0,0.0,1267.0,1267.0,0.0,0.0,1267.0,1,15,0,0,0,1,0,0
8.88212931762731,7201.11,118105.0,110903.89,0.0,0.0,0.0,7201.11,7201.110000000001,0.0,0.06097158484750986,1,11,0,0,0,1,0,0
13.082352220732865,480388.36,14383.0,0.0,0.0,480388.36,466005.36,0.0,14383.0,480388.36,33.397411012235814,0,12,0,1,0,0,0,0
10.832450057293377,50636.62,127.0,0.0,121796.2,172432.82,50509.62,0.0,127.0,50636.62000000001,395.59859375,0,18,0,1,0,0,0,0
12.657627099275492,314149.39,0.0,0.0,570136.22,884285.61,314149.39,0.0,0.0,314149.39,314149.39,0,18,0,1,0,0,0,0
11.77479930150529,129935.26,2635044.52,2764979.77,294437.47,164502.21,259870.50999999978,259870.52,-129935.25,-129935.25999999998,0.04931044227273918,0,16,1,0,0,0,0,0
9.924132472063414,20416.19,11154.0,0.0,0.0,20416.19,9262.189999999999,0.0,11154.0,20416.19,1.8302277005826981,0,19,0,1,0,0,0,0
9.165300118096484,9558.59,51000.0,41441.41,406600.41,416158.99,0.0,0.010000000009313226,9558.589999999997,9558.580000000016,0.18741965843806985,0,21,0,1,0,0,0,0
12.411354339435388,245573.18,0.0,0.0,2136023.75,2381596.93,245573.18,0.0,0.0,245573.18000000017,245573.18,0,15,0,0,0,0,1,0
8.144118794238443,3442.07,192779.67,189337.6,0.0,0.0,0.0,3442.07,3442.070000000007,0.0,0.017854850281410477,1,21,0,0,0,1,0,0
11.996820411546613,162237.12,61539.0,0.0,4438005.93,4600243.05,100698.12,0.0,61539.0,162237.1200000001,2.6362872928176793,0,18,0,1,0,0,0,0
13.702229647516035,892898.8,0.0,0.0,1065304.16,1958202.96,892898.8,0.0,0.0,892898.8,892898.8,0,18,0,0,0,0,1,0
11.952282691376247,155169.95,49503.0,204672.95,0.0,0.0,310339.9,155169.95,-155169.95,0.0,3.134493172268908,1,10,1,0,0,0,0,0
9.104844291574317,8997.78,11670.0,2672.22,0.0,0.0,0.0,8997.78,8997.78,0.0,0.7709519321394911,1,13,0,0,0,1,0,0
10.52453221022247,37216.42,403559.86,366343.44,0.0,0.0,0.0,37216.42,37216.419999999984,0.0,0.09222009289999035,1,15,0,0,0,1,0,0
13.150911863623232,514478.95,4481909.57,4996388.52,3809769.34,3295290.39,1028957.8999999994,1028957.8999999999,-514478.94999999925,-514478.9499999997,0.11479009720624568,0,13,1,0,0,0,0,0
9.519175629897978,13617.38,0.0,0.0,0.0,0.0,13617.38,13617.38,0.0,0.0,13617.38,1,21,0,0,0,1,0,0
10.309626766717065,30019.23,6319189.79,6349209.02,59986.4,29967.17,60038.45999999996,60038.46000000001,-30019.229999999516,-30019.230000000003,0.004750486414732858,0,10,1,0,0,0,0,0
10.472337714947663,35323.7,300757.88,265434.18,0.0,0.0,0.0,35323.7,35323.70000000001,0.0,0.11744856876711336,1,10,0,0,0,1,0,0
12.605110845235604,298077.11,180.0,298257.11,3672775.75,3374698.65,596154.22,596154.21,-298077.11,-298077.1000000001,1646.834861878453,0,17,1,0,0,0,0,0
12.681928678504189,321877.26,94924.48,0.0,408971.64,730848.91,226952.78000000003,-0.010000000009313226,94924.48,321877.27,3.3908415316941247,0,11,0,1,0,0,0,0
12.017161907685065,165571.08,0.0,0.0,2380579.91,2546151.0,165571.08,-0.009999999776482582,0.0,165571.08999999985,165571.08,0,13,0,1,0,0,0,0
10.323477003187321,30437.91,0.0,0.0,0.0,0.0,30437.91,30437.91,0.0,0.0,30437.91,1,10,0,0,0,1,0,0
11.200160633830984,73141.19,0.0,0.0,347713.27,420854.46,73141.19,0.0,0.0,73141.19,73141.19,0,23,0,1,0,0,0,0
12.724158450285268,335761.2,22021.0,0.0,3856.6,339617.8,313740.2,0.0,22021.0,335761.2,15.246626101171556,0,12,0,1,0,0,0,0
8.46333450395683,4736.83,4223.71,0.0,0.0,0.0,513.1199999999999,4736.83,4223.71,0.0,1.1212201547561844,1,19,0,0,0,1,0,0
11.97388891717213,158559.09,0.0,0.0,401957.97,593162.86,158559.09,-32645.800000000047,0.0,191204.89,158559.09,0,20,0,1,0,0,0,0
13.274058874306514,581901.9,0.0,0.0,1896773.14,2552745.6,581901.9,-74070.56000000006,0.0,655972.4600000002,581901.9,0,10,0,1,0,0,0,0
6.938080777528204,1029.79,59983.0,58953.21,0.0,0.0,0.0,1029.79,1029.7900000000009,0.0,0.017167744731928513,1,23,0,0,0,1,0,0
9.498463097326214,13338.21,632462.48,619124.26,0.0,0.0,-0.010000000009313226,13338.21,13338.219999999972,0.0,0.021089296729038014,1,18,0,0,0,1,0,0
10.469873797684606,35236.77,23356.0,58592.77,1255037.05,1219800.28,70473.54,70473.54000000004,-35236.77,-35236.77000000002,1.5086171169242624,0,10,1,0,0,0,0,0
11.943140679950895,153757.84,230.0,0.0,385379.37,539137.21,153527.84,0.0,230.0,153757.83999999997,665.618354978355,0,21,0,1,0,0,0,0
11.420011392207247,91126.18,10919098.58,11010224.76,340153.98,394408.41,182252.3599999994,36871.75,-91126.1799999997,54254.42999999999,0.008345576421604536,0,20,1,0,0,0,0,0
9.387682049729742,11939.39,0.0,0.0,0.0,0.0,11939.39,11939.39,0.0,0.0,11939.39,1,9,0,0,0,1,0,0
12.644863142697545,310165.07,0.0,0.0,368469.21,678634.28,310165.07,0.0,0.0,310165.07,310165.07,0,14,0,1,0,0,0,0
11.973813863944219,158547.19,1591344.23,1749891.42,665044.65,506497.46,317094.3799999999,317094.38000000006,-158547.18999999994,-158547.19,0.09963092043830113,0,23,1,0,0,0,0,0
11.904710763021836,147961.0,60107.0,0.0,0.0,264432.71,87854.0,-116471.71000000002,60107.0,264432.71,2.461585812204698,0,17,0,1,0,0,0,0
9.464463851176697,12892.31,5378.0,0.0,0.0,0.0,7514.3099999999995,12892.31,5378.0,0.0,2.396785647889942,1,11,0,0,0,1,0,0
8.153565562049653,3474.75,47726.0,44251.25,130608.41,0.0,0.0,134083.16,3474.75,-130608.41,0.0728047017411528,0,15,0,0,0,0,1,0
10.489282234757454,35927.36,7142560.77,7178488.13,407579.19,371651.82,71854.72000000067,71854.72999999998,-35927.360000000335,-35927.369999999995,0.005030038403154055,0,15,1,0,0,0,0,0
12.19190515896261,197185.48,0.0,0.0,235969.0,433154.48,197185.48,0.0,0.0,197185.47999999998,197185.48,0,15,0,1,0,0,0,0
6.379020234672579,588.35,0.0,0.0,0.0,0.0,588.35,588.35,0.0,0.0,588.35,1,17,0,0,0,1,0,0
10.123290731011835,24915.63,320346.53,295430.91,0.0,0.0,0.009999999951105565,24915.63,24915.620000000054,0.0,0.0777768756325357,1,13,0,0,0,1,0,0
13.265248645810331,576797.72,0.0,0.0,1221449.53,1798247.25,576797.72,0.0,0.0,576797.72,576797.72,0,19,0,0,0,0,1,0
9.774744676643403,17583.0,179.0,0.0,0.0,0.0,17404.0,17583.0,179.0,0.0,97.68333333333334,1,13,0,0,0,1,0,0
7.184477511197576,1317.8,0.0,0.0,0.0,0.0,1317.8,1317.8,0.0,0.0,1317.8,1,18,0,0,0,1,0,0
12.497165793642836,267576.84,0.0,0.0,8124491.72,8392068.57,267576.84,-0.009999999776482582,0.0,267576.85000000056,267576.84,0,15,0,1,0,0,0,0
9.277515726112007,10693.83,0.0,0.0,0.0,0.0,10693.83,10693.83,0.0,0.0,10693.83,1,9,0,0,0,1,0,0
12.260487769433205,211183.57,127086.47,338270.04,683998.87,472815.29,422367.14,422367.14999999997,-211183.56999999998,-211183.58000000002,1.6617182638068095,0,19,1,0,0,0,0,0
9.59558984751323,14698.81,19128148.09,19142846.9,1748035.3,1733336.49,29397.619999997318,29397.62000000011,-14698.809999998659,-14698.810000000056,0.0007684386989478447,0,15,1,0,0,0,0,0
12.502214916862513,268931.29,164105.79,433037.08,1695075.91,1426144.62,537862.58,537862.5799999998,-268931.29000000004,-268931.2899999998,1.6387578478623581,0,9,1,0,0,0,0,0
11.099146240180112,66113.69,149779.0,215892.69,599085.8,532972.11,132227.38,132227.38,-66113.69,-66113.69000000006,0.4414053278141274,0,14,1,0,0,0,0,0
8.244746469367227,3806.57,0.0,0.0,0.0,0.0,3806.57,3806.57,0.0,0.0,3806.57,1,10,0,0,0,1,0,0
12.560967460979931,285205.13,4190777.88,4475983.01,2360788.7,2075583.56,570410.2599999998,570410.27,-285205.1299999999,-285205.14000000013,0.06805539928654027,0,9,1,0,0,0,0,0
13.261800519211407,574812.27,221099.95,0.0,1145225.57,1720037.84,353712.32,0.0,221099.95,574812.27,2.599772954390291,0,17,0,0,0,0,1,0
9.750264109358735,17157.76,0.0,0.0,0.0,0.0,17157.76,17157.76,0.0,0.0,17157.76,1,15,0,0,0,1,0,0
12.056776728913402,172261.84,0.0,0.0,1431463.68,1336121.7,172261.84,267603.82000000007,0.0,-95341.97999999998,172261.84,0,19,0,1,0,0,0,0
8.655517579265714,5740.74,1191114.02,1185373.27,723637.69,793291.32,-0.010000000009313226,-63912.890000000014,5740.75,69653.63,0.004819635302726683,0,11,0,0,1,0,0,0
12.702816332601985,328671.25,12938.0,341609.25,59249.08,0.0,657342.5,387920.33,-328671.25,-59249.08,25.401595950227993,0,10,1,0,0,0,0,0
10.614720691680883,40729.02,31447.84,0.0,4050122.95,4090851.98,9281.179999999997,-0.009999999776482582,31447.84,40729.029999999795,1.2950881495152125,0,9,0,1,0,0,0,0
11.264054919402342,77967.09,1246.0,0.0,71480436.77,71558403.86,76721.09,0.0,1246.0,77967.09000000358,62.523728949478745,0,18,0,1,0,0,0,0
12.313566843268559,222695.88,19967.0,0.0,330909.65,304881.75,202728.88,248723.78000000003,19967.0,-26027.900000000023,11.152638221153847,0,16,0,0,0,0,1,0
11.011521319368184,60566.96,0.0,0.0,485161.34,545728.31,60566.96,-0.010000000009313226,0.0,60566.97000000003,60566.96,0,15,0,0,0,0,1,0
10.093802493608457,24191.61,0.0,0.0,0.0,0.0,24191.61,24191.61,0.0,0.0,24191.61,1,12,0,0,0,1,0,0
11.38313085330374,87826.58,0.0,0.0,421967.71,509794.29,87826.58,5.820766091346741e-11,0.0,87826.57999999996,87826.58,0,14,0,1,0,0,0,0
12.99102783499226,438460.74,19859.0,0.0,59351.14,497811.88,418601.74,0.0,19859.0,438460.74,22.07758006042296,0,16,0,1,0,0,0,0
9.301852438982234,10957.3,205914.0,194956.7,0.0,0.0,0.0,10957.3,10957.299999999988,0.0,0.053212733409416506,1,12,0,0,0,1,0,0
11.85169634340323,140321.18,98289.52,0.0,5716670.85,5856992.04,42031.65999999999,-0.010000000707805157,98289.52,140321.1900000004,1.4276166206059342,0,18,0,1,0,0,0,0
9.064979283598081,8646.1,0.0,0.0,0.0,0.0,8646.1,8646.1,0.0,0.0,8646.1,1,16,0,0,0,1,0,0
11.187918470550265,72251.23,11137.0,0.0,58787.09,131038.32,61114.229999999996,-1.4551915228366852e-11,11137.0,72251.23000000001,6.486912372059615,0,20,0,1,0,0,0,0
12.687150478797465,323562.44,0.0,0.0,2924454.53,3248016.97,323562.44,-4.656612873077393e-10,0.0,323562.4400000004,323562.44,0,9,0,0,0,0,1,0
10.044832588982437,23035.44,12543.0,0.0,0.0,0.0,10492.439999999999,23035.44,12543.0,0.0,1.8363711734693877,1,20,0,0,0,1,0,0
11.053036113533663,63134.35,5833709.56,5896843.91,101949.45,38815.1,126268.70000000019,126268.69999999998,-63134.35000000056,-63134.35,0.010822331576217249,0,15,1,0,0,0,0,0
10.422133120680758,33594.02,41451.0,7856.98,0.0,0.0,0.0,33594.02,33594.020000000004,0.0,0.8104318247611695,1,13,0,0,0,1,0,0
15.057311444644752,3461841.24,0.0,0.0,4290358.28,7752199.52,3461841.24,9.313225746154785e-10,0.0,3461841.2399999993,3461841.24,0,12,0,0,0,0,1,0
9.00847140331582,8171.02,44494.01,36322.99,0.0,0.0,-7.275957614183426e-12,8171.02,8171.020000000004,0.0,0.1836390192967706,1,21,0,0,0,1,0,0
12.093006461766626,178617.31,605.0,179222.31,807935.79,1150815.11,357234.62,-164262.01,-178617.31,342879.32000000007,294.7480363036304,0,18,1,0,0,0,0,0
15.608963442554836,6010168.1,794283.0,0.0,0.0,6010168.1,5215885.1,0.0,794283.0,6010168.1,7.566774730449058,0,12,0,0,0,0,1,0
9.860655205276938,19160.44,0.0,0.0,0.0,0.0,19160.44,19160.44,0.0,0.0,19160.44,1,19,0,0,0,1,0,0
10.543604141006726,37933.04,16899.0,0.0,0.0,0.0,21034.04,37933.04,16899.0,0.0,2.244558579881657,1,15,0,0,0,1,0,0
12.719849589861983,334317.56,2621903.39,2956220.95,3345511.72,3011194.16,668635.1200000001,668635.1200000001,-334317.56000000006,-334317.56000000006,0.12750943980836768,0,9,1,0,0,0,0,0
11.52552021704957,101266.44,8626122.48,8727388.92,16419898.47,16318632.03,202532.87999999896,202532.88000000082,-101266.43999999948,-101266.44000000134,0.01173950735052543,0,13,1,0,0,0,0,0
11.757028386060703,127646.57,39602.0,167248.57,0.0,0.0,255293.14,127646.57,-127646.57,0.0,3.2231540539858092,1,14,1,0,0,0,0,0
9.24354398014595,10336.61,123011.0,112674.39,0.0,0.0,0.0,10336.61,10336.61,0.0,0.0840292816960947,1,10,0,0,0,1,0,0
12.354269694761147,231947.28,43261.0,0.0,255672.95,487620.23,188686.28,0.0,43261.0,231947.27999999997,5.36145531875549,0,11,0,1,0,0,0,0
10.158900404128197,25818.89,36099.0,61917.89,11686209.95,11660391.06,51637.78,51637.77999999933,-25818.89,-25818.889999998733,0.7152047091412742,0,18,1,0,0,0,0,0
8.816820633011172,6745.78,18603.97,11858.2,0.0,0.0,0.00999999999839929,6745.78,6745.77,0.0,0.36257946129448204,1,15,0,0,0,1,0,0
10.142087830798577,25388.42,3912131.76,3937520.17,276372.9,250984.49,50776.830000000075,50776.830000000016,-25388.41000000015,-25388.410000000033,0.006489662175984028,0,12,1,0,0,0,0,0
7.847563298876917,2558.49,0.0,0.0,0.0,0.0,2558.49,2558.49,0.0,0.0,2558.49,1,0,0,0,0,1,0,0
10.058952083169011,23363.01,1816.0,0.0,0.0,0.0,21547.01,23363.01,1816.0,0.0,12.85801320858558,1,18,0,0,0,1,0,0
12.820548843837607,369736.6,0.0,0.0,2958804.65,3328541.25,369736.6,0.0,0.0,369736.6000000001,369736.6,0,21,0,0,0,0,1,0
9.27561299859238,10673.5,4508.0,0.0,0.0,0.0,6165.5,10673.5,4508.0,0.0,2.36715457972943,1,20,0,0,0,1,0,0
10.641897014933491,41851.09,12289.0,54140.09,0.0,0.0,83702.18,41851.09,-41851.09,0.0,3.4052961757526443,1,14,1,0,0,0,0,0
12.156716841416626,190367.48,0.0,0.0,4211539.75,4401907.23,190367.48,0.0,0.0,190367.48000000045,190367.48,0,19,0,1,0,0,0,0
12.10187567491342,180208.56,0.0,0.0,544575.01,724783.57,180208.56,1.1641532182693481e-10,0.0,180208.55999999994,180208.56,0,11,0,1,0,0,0,0
8.397663881910825,4435.69,214150.0,209714.31,0.0,0.0,0.0,4435.69,4435.690000000002,0.0,0.02071290818161017,1,23,0,0,0,1,0,0
12.370183132827648,235667.9,10798.0,0.0,0.0,235667.9,224869.9,0.0,10798.0,235667.9,21.82312251134364,0,14,0,1,0,0,0,0
12.25166962165878,209329.5,21318.0,0.0,0.0,209329.5,188011.5,0.0,21318.0,209329.5,9.81891739762653,0,19,0,1,0,0,0,0
8.265125336523626,3884.96,0.0,0.0,0.0,0.0,3884.96,3884.96,0.0,0.0,3884.96,1,17,0,0,0,1,0,0
10.267225395378984,28772.94,0.0,0.0,1354988.66,1383761.6,28772.94,-2.3283064365386963e-10,0.0,28772.940000000177,28772.94,0,12,0,1,0,0,0,0
11.806092567105582,134065.68,2856850.94,2990916.62,887012.53,752946.85,268131.36000000034,268131.36,-134065.68000000017,-134065.68000000005,0.04692776623208551,0,16,1,0,0,0,0,0
11.496615782234286,98381.26,54340.0,152721.26,0.0,0.0,196762.52000000002,98381.26,-98381.26000000001,0.0,1.8104425755874938,1,10,1,0,0,0,0,0
9.983618102505263,21667.57,1042.0,0.0,0.0,0.0,20625.57,21667.57,1042.0,0.0,20.774276126558007,1,20,0,0,0,1,0,0
6.184829071933068,484.33,21595.0,21110.67,0.0,0.0,0.0,484.33,484.33000000000175,0.0,0.022426838303389516,1,22,0,0,0,1,0,0
13.16748512591923,523076.61,221558.0,0.0,0.0,523076.61,301518.61,0.0,221558.0,523076.61,2.360890823663223,0,14,0,0,0,0,1,0
9.667963933447252,15802.14,15087.0,0.0,0.0,0.0,715.1399999999994,15802.14,15087.0,0.0,1.0473316542948037,1,19,0,0,0,1,0,0
9.99678798688156,21954.83,10328.0,0.0,0.0,0.0,11626.830000000002,21954.83,10328.0,0.0,2.125552328395779,1,9,0,0,0,1,0,0
15.436800575889652,5059612.1,0.0,0.0,7067222.89,12126834.99,5059612.1,-1.862645149230957e-09,0.0,5059612.100000001,5059612.1,0,19,0,0,0,0,1,0
13.28201914496305,586552.49,0.0,0.0,634373.16,1220925.65,586552.49,0.0,0.0,586552.4899999999,586552.49,0,15,0,1,0,0,0,0
10.145053170768296,25463.82,20779.0,0.0,0.0,0.0,4684.82,25463.82,20779.0,0.0,1.225400384985563,1,9,0,0,0,1,0,0
11.123845533673647,67767.01,21960.0,89727.01,765111.36,921957.59,135534.02,-89079.21999999997,-67767.01,156846.22999999998,3.0857888985018893,0,20,1,0,0,0,0,0
10.937441668464254,56242.27,0.0,0.0,711173.18,767415.45,56242.27,1.1641532182693481e-10,0.0,56242.2699999999,56242.27,0,20,0,1,0,0,0,0
9.238447635808495,10284.06,0.0,0.0,0.0,0.0,10284.06,10284.06,0.0,0.0,10284.06,1,7,0,0,0,1,0,0
6.5142088602675,673.66,0.0,0.0,0.0,0.0,673.66,673.66,0.0,0.0,673.66,1,9,0,0,0,1,0,0
12.345715537340835,229971.62,12600.41,0.0,10765211.77,10995183.39,217371.21,-1.862645149230957e-09,12600.41,229971.62000000104,18.249673647631496,0,21,0,1,0,0,0,0
13.010204829619308,446950.26,447.0,447397.26,157395.61,0.0,893900.52,604345.87,-446950.26,-157395.61,997.6568303571429,0,16,1,0,0,0,0,0
11.643904164744917,113993.35,26542.0,140535.35,392971.33,278977.98,227986.7,227986.70000000007,-113993.35,-113993.35000000003,4.294667143879742,0,12,1,0,0,0,0,0
9.622832069019363,15104.77,0.0,0.0,0.0,0.0,15104.77,15104.77,0.0,0.0,15104.77,1,10,0,0,0,1,0,0
9.959479814462945,21150.79,0.0,0.0,0.0,0.0,21150.79,21150.79,0.0,0.0,21150.79,1,19,0,0,0,1,0,0
10.75602644042775,46910.89,10254.0,0.0,196536.21,243447.1,36656.89,-2.9103830456733704e-11,10254.0,46910.890000000014,4.574440760604583,0,13,0,1,0,0,0,0
11.513850936589229,100091.59,20375337.36,20475428.95,277274.82,177183.23,200183.1799999997,200183.18000000002,-100091.58999999985,-100091.59,0.004912389096639277,0,13,1,0,0,0,0,0
13.0056368009983,444913.23,0.0,0.0,865288.1,1310201.33,444913.23,0.0,0.0,444913.2300000001,444913.23,0,13,0,1,0,0,0,0
11.095583809043568,65878.58,5994235.64,6060114.22,1384904.86,1319026.29,131757.16000000015,131757.15000000014,-65878.58000000007,-65878.57000000007,0.010990320195300132,0,19,1,0,0,0,0,0
8.622448301519093,5553.97,15534.0,9980.03,0.0,0.0,0.0,5553.97,5553.969999999999,0.0,0.3575133569359511,1,21,0,0,0,1,0,0
10.35956053685313,31556.31,103877.0,135433.31,26029.0,0.0,63112.619999999995,57585.31,-31556.309999999998,-26029.0,0.303782417836308,0,9,1,0,0,0,0,0
11.122018077178613,67643.28,4861083.61,4928726.9,9993274.85,9925631.57,135286.5700000003,135286.55999999866,-67643.29000000004,-67643.27999999933,0.013915264889824659,0,18,1,0,0,0,0,0
8.206782775932874,3664.73,0.0,0.0,4505994.86,4509659.6,3664.73,-0.009999998845160007,0.0,3664.739999999292,3664.73,0,15,0,0,1,0,0,0
12.386626515886638,239575.13,2022.0,0.0,1638049.74,1877624.88,237553.13,-0.009999999776482582,2022.0,239575.1399999999,118.4256697973307,0,10,0,1,0,0,0,0
11.462974006759817,95126.56,36587.0,0.0,0.0,95126.56,58539.56,0.0,36587.0,95126.56,2.599938777741336,0,18,0,1,0,0,0,0
12.784698253575996,356716.08,0.0,0.0,515751.76,872467.83,356716.08,0.010000000125728548,0.0,356716.06999999995,356716.08,0,16,0,0,0,0,1,0
6.377814791356464,587.64,131700.75,131113.12,0.0,0.0,0.010000000009313226,587.64,587.6300000000047,0.0,0.004461899709001588,1,16,0,0,0,1,0,0
12.983511203064703,435177.34,0.0,0.0,1849884.09,2285061.44,435177.34,-0.009999999776482582,0.0,435177.34999999986,435177.34,0,9,0,1,0,0,0,0
12.261442307729594,211385.25,0.0,0.0,2881450.23,3092835.48,211385.25,0.0,0.0,211385.25,211385.25,0,20,0,1,0,0,0,0
11.650925943835558,114796.61,0.0,0.0,224032.72,338829.33,114796.61,0.0,0.0,114796.61000000002,114796.61,0,19,0,0,0,0,1,0
13.631282625189794,831745.2,208.0,0.0,0.0,831745.2,831537.2,0.0,208.0,831745.2,3979.6421052631576,0,9,0,0,0,0,1,0
12.307102346734533,221260.9,126322.34,0.0,268361.62,349937.07,94938.56,139685.45,126322.34,81575.45000000001,1.7515440931185005,0,19,0,1,0,0,0,0
8.860872253515923,7049.63,6477798.92,6484848.55,10359.0,3309.37,14099.259999999776,14099.260000000002,-7049.629999999888,-7049.63,0.0010882753538334047,0,13,1,0,0,0,0,0
9.177218860817364,9673.21,55663.08,45989.87,0.0,0.0,0.0,9673.21,9673.21,0.0,0.17377831448934392,1,15,0,0,0,1,0,0
11.261488914947051,77767.28,0.0,0.0,1181243.09,1259010.37,77767.28,0.0,0.0,77767.28000000003,77767.28,0,14,0,1,0,0,0,0
6.522622069845891,679.36,0.0,0.0,0.0,0.0,679.36,679.36,0.0,0.0,679.36,1,16,0,0,0,1,0,0
12.034958114765635,168544.01,0.0,0.0,2401894.61,2570438.61,168544.01,0.01000000024214387,0.0,168544.0,168544.01,0,20,0,1,0,0,0,0
9.504392611760805,13417.54,0.0,0.0,0.0,0.0,13417.54,13417.54,0.0,0.0,13417.54,1,18,0,0,0,1,0,0
9.327556135653126,11242.62,131.0,0.0,0.0,0.0,11111.62,11242.62,131.0,0.0,85.17136363636364,1,22,0,0,0,1,0,0
8.956224595008006,7755.02,0.0,0.0,0.0,0.0,7755.02,7755.02,0.0,0.0,7755.02,1,20,0,0,0,1,0,0
13.048303447173499,464307.02,5234.0,469541.02,4066204.34,3601897.32,928614.04,928614.0399999996,-464307.02,-464307.02,88.69284049665711,0,17,1,0,0,0,0,0
10.508498086864783,36624.43,129.0,36753.43,436279.11,399654.68,73248.86,73248.85999999999,-36624.43,-36624.42999999999,281.72638461538463,0,16,1,0,0,0,0,0
10.028168520438896,22654.74,0.0,0.0,0.0,0.0,22654.74,22654.74,0.0,0.0,22654.74,1,10,0,0,0,1,0,0
6.8998037491945166,991.08,15621.0,14629.92,0.0,0.0,0.0,991.08,991.0799999999999,0.0,0.06344130072974011,1,15,0,0,0,1,0,0
9.675406205348544,15920.19,259292.0,243371.81,0.0,0.0,0.0,15920.19,15920.190000000002,0.0,0.06139845657229467,1,17,0,0,0,1,0,0
9.758439236879164,17298.61,0.0,0.0,0.0,0.0,17298.61,17298.61,0.0,0.0,17298.61,1,20,0,0,0,1,0,0
12.612752049416047,300363.51,0.0,0.0,2394771.71,2384443.35,300363.51,310691.86999999965,0.0,-10328.35999999987,300363.51,0,10,0,1,0,0,0,0
12.610419895734607,299663.83,0.0,0.0,4508063.55,4807727.37,299663.83,0.009999999776482582,0.0,299663.8200000003,299663.83,0,17,0,1,0,0,0,0
8.106840156835291,3316.08,17144.0,13827.92,0.0,0.0,0.0,3316.08,3316.08,0.0,0.19341382327209097,1,22,0,0,0,1,0,0
9.039597127085534,8429.38,41001.0,32571.62,0.0,0.0,0.0,8429.38,8429.380000000001,0.0,0.2055846056289937,1,19,0,0,0,1,0,0
7.450538766686054,1719.79,5669.0,3949.21,0.0,0.0,0.0,1719.79,1719.79,0.0,0.30331393298059967,1,18,0,0,0,1,0,0
12.948714789449289,420295.12,4010.0,0.0,64006.56,484301.69,416285.12,-0.010000000009313226,4010.0,420295.13,104.78561954624782,0,20,0,1,0,0,0,0
12.396742218803844,242010.91,0.0,0.0,2164846.6,2406857.52,242010.91,-0.009999999776482582,0.0,242010.91999999993,242010.91,0,9,0,1,0,0,0,0
12.538110242226377,278760.05,0.0,0.0,1740637.34,2019397.39,278760.05,2.3283064365386963e-10,0.0,278760.0499999998,278760.05,0,10,0,1,0,0,0,0
13.555553400089781,771083.62,9357.0,0.0,177404.97,948488.59,761726.62,0.0,9357.0,771083.62,82.39833511434067,0,14,0,0,0,0,1,0
13.042927733763463,461817.73,0.0,0.0,1030166.28,1491984.02,461817.73,-0.010000000009313226,0.0,461817.74,461817.73,0,17,0,1,0,0,0,0
6.5660674648516535,709.57,0.0,0.0,0.0,0.0,709.57,709.57,0.0,0.0,709.57,1,12,0,0,0,1,0,0
11.553141355846774,104102.55,30434.0,134536.55,715054.35,610951.8,208205.09999999998,208205.09999999998,-104102.54999999999,-104102.54999999993,3.4204879250862494,0,18,1,0,0,0,0,0
10.327714550482641,30567.17,240640.14,210072.98,0.0,0.0,0.010000000009313226,30567.17,30567.160000000003,0.0,0.12702387463756196,1,18,0,0,0,1,0,0
12.006590138337124,163829.91,1312683.42,1476513.33,306831.43,143001.52,327659.82000000007,327659.81999999995,-163829.91000000015,-163829.91,0.12480525212602128,0,19,1,0,0,0,0,0
13.064476159227477,471877.19,3000.0,0.0,621165.24,1093042.42,468877.19,0.010000000009313226,3000.0,471877.17999999993,157.23998333888704,0,14,0,1,0,0,0,0
12.09362703419855,178728.19,0.0,0.0,1013194.71,1191922.9,178728.19,0.0,0.0,178728.18999999994,178728.19,0,10,0,1,0,0,0,0
11.298366708628908,80688.74,0.0,0.0,764752.36,845441.1,80688.74,0.0,0.0,80688.73999999999,80688.74,0,16,0,1,0,0,0,0
12.403897732449622,243748.84,10420.31,0.0,2748752.0,2992500.83,233328.53,0.009999999776482582,10420.31,243748.83000000007,23.389462553172297,0,23,0,1,0,0,0,0
11.547315973753564,103497.87,21796.0,125293.87,12658316.6,12554818.73,206995.74,206995.73999999836,-103497.87,-103497.86999999918,4.748262146166904,0,20,1,0,0,0,0,0
12.5263559383432,275502.59,0.0,275502.59,2945256.46,2669753.86,551005.18,551005.19,-275502.59,-275502.6000000001,275502.59,0,11,1,0,0,0,0,0
11.800058136528973,133259.1,0.0,0.0,1143733.77,1276992.87,133259.1,0.0,0.0,133259.1000000001,133259.1,0,18,0,1,0,0,0,0
10.99837390852999,59775.86,0.0,0.0,137785.42,197561.28,59775.86,2.9103830456733704e-11,0.0,59775.859999999986,59775.86,0,15,0,0,0,0,1,0
9.475176195009567,13031.17,0.0,0.0,0.0,0.0,13031.17,13031.17,0.0,0.0,13031.17,1,17,0,0,0,1,0,0
12.232174265003966,205288.05,8796839.19,9002127.23,1772018.57,1566730.52,410576.0900000017,410576.1000000001,-205288.04000000097,-205288.05000000005,0.02333656694518171,0,13,1,0,0,0,0,0
11.84414844833687,139266.03,2323.0,0.0,0.0,139266.03,136943.03,0.0,2323.0,139266.03,59.925141996557656,0,20,0,1,0,0,0,0
9.98942852351226,21793.84,0.0,0.0,0.0,0.0,21793.84,21793.84,0.0,0.0,21793.84,1,21,0,0,0,1,0,0
11.891873139848476,146073.66,215561.8,361635.46,196574.53,50500.87,292147.32,292147.32,-146073.66000000003,-146073.66,0.677638535034802,0,13,1,0,0,0,0,0
10.957156867099679,57362.12,5362187.18,5419549.3,6282025.58,6224663.46,114724.24000000022,114724.24000000022,-57362.12000000011,-57362.12000000011,0.010697520876635853,0,12,1,0,0,0,0,0
11.59741485609196,108815.13,202706.61,93891.48,0.0,108815.13,0.0,0.0,108815.12999999999,108815.13,0.5368083122286332,0,19,0,1,0,0,0,0
13.302879822630928,598916.91,85721.0,684637.91,0.0,0.0,1197833.82,598916.91,-598916.91,0.0,6.986735143837055,1,14,1,0,0,0,0,0
10.411215884642639,33229.25,45260.0,12030.75,0.0,0.0,0.0,33229.25,33229.25,0.0,0.7341695941318133,1,20,0,0,0,1,0,0
12.685655651933272,323079.13,533776.47,210697.34,36311.44,359390.57,0.0,0.0,323079.13,323079.13,0.6052693269350615,0,11,0,1,0,0,0,0
11.87434045710949,143534.9,0.0,0.0,1500767.91,1644302.81,143534.9,-2.3283064365386963e-10,0.0,143534.90000000014,143534.9,0,17,0,1,0,0,0,0
11.139345867692386,68825.62,14085.0,0.0,1359484.16,1428309.79,54740.619999999995,-0.01000000024214387,14085.0,68825.63000000012,4.886101093284111,0,19,0,1,0,0,0,0
11.014683665065055,60758.8,35762.0,0.0,0.0,60758.8,24996.800000000003,0.0,35762.0,60758.8,1.6989290607611218,0,13,0,1,0,0,0,0
8.376237737088958,4341.64,29494.0,25152.36,0.0,0.0,0.0,4341.64,4341.639999999999,0.0,0.14719918630276319,1,13,0,0,0,1,0,0
12.389974785876904,240378.64,0.0,0.0,1586310.1,1826688.74,240378.64,2.3283064365386963e-10,0.0,240378.6399999999,240378.64,0,16,0,0,0,0,1,0
8.34610826654827,4212.75,709.0,0.0,0.0,0.0,3503.75,4212.75,709.0,0.0,5.933450704225352,1,9,0,0,0,1,0,0
13.954309645639238,1148892.25,2026.0,0.0,0.0,1148892.25,1146866.25,0.0,2026.0,1148892.25,566.794400592008,0,12,0,0,0,0,1,0
9.073052217263655,8716.19,30559.02,21842.82,0.0,0.0,-0.00999999999839929,8716.19,8716.2,0.0,0.28521545470192755,1,19,0,0,0,1,0,0
12.10691269987753,181118.57,6660902.28,6842020.85,839517.74,658399.17,362237.13999999966,362237.14,-181118.56999999937,-181118.56999999995,0.027191292589974374,0,12,1,0,0,0,0,0
10.527980018713277,37344.96,111461.8,74116.84,0.0,0.0,-1.4551915228366852e-11,37344.96,37344.96000000001,0.0,0.3350441582303692,1,12,0,0,0,1,0,0
10.182363212111023,26431.86,9579316.51,9605748.37,690690.91,664259.05,52863.71999999881,52863.71999999997,-26431.859999999404,-26431.859999999986,0.002759263378879275,0,20,1,0,0,0,0,0
12.147330201305675,188588.92,0.0,0.0,733595.15,922184.07,188588.92,1.1641532182693481e-10,0.0,188588.91999999993,188588.92,0,15,0,1,0,0,0,0
4.709259894512472,109.97,245581.45,245471.48,0.0,0.0,0.0,109.97,109.97000000000116,0.0,0.00044779258452711093,1,20,0,0,0,1,0,0
12.73391528508253,339053.21,0.0,0.0,4521522.51,4860575.72,339053.21,0.0,0.0,339053.20999999996,339053.21,0,14,0,1,0,0,0,0
5.900965276300669,364.39,20896.0,20531.61,0.0,0.0,0.0,364.39,364.3899999999994,0.0,0.017437431210221562,1,22,0,0,0,1,0,0
11.685710358672042,118860.04,0.0,0.0,134107.52,252967.55,118860.04,0.010000000009313226,0.0,118860.03,118860.04,0,12,0,1,0,0,0,0
12.402723134416494,243462.7,2999841.78,3243304.47,451715.8,208253.11,486925.3900000006,486925.39,-243462.6900000004,-243462.69,0.08115848657908667,0,19,1,0,0,0,0,0
11.810140107758077,134609.42,0.0,0.0,1773567.55,1908176.97,134609.42,0.0,0.0,134609.41999999993,134609.42,0,15,0,1,0,0,0,0
11.01530806069055,60796.75,559083.0,498286.25,315788.56,376585.31,0.0,0.0,60796.75,60796.75,0.10874349829363746,0,19,0,0,0,0,1,0
9.466108313075255,12913.53,0.0,0.0,654014.49,666928.02,12913.53,0.0,0.0,12913.530000000028,12913.53,0,17,0,1,0,0,0,0
13.678536296892483,871991.67,0.0,0.0,1185640.11,2057631.78,871991.67,2.3283064365386963e-10,0.0,871991.6699999999,871991.67,0,20,0,0,0,0,1,0
9.557329963951739,14147.02,0.0,0.0,0.0,0.0,14147.02,14147.02,0.0,0.0,14147.02,1,9,0,0,0,1,0,0
11.489359147870898,97669.92,524.0,0.0,0.0,97669.92,97145.92,0.0,524.0,97669.92,186.03794285714287,0,12,0,1,0,0,0,0
5.16175280709181,173.47,31860.0,31686.53,0.0,0.0,0.0,173.47,173.47000000000116,0.0,0.005444587426634443,1,9,0,0,0,1,0,0
7.210146144805514,1352.09,33988.0,32635.91,4829163.36,4830515.45,0.0,0.0,1352.0900000000001,1352.089999999851,0.03978022301332784,0,13,0,0,1,0,0,0
13.078994099644442,478777.86,339583.9,0.0,3671193.75,4149971.62,139193.95999999996,-0.01000000024214387,339583.9,478777.8700000001,1.4098914881079812,0,18,0,0,0,0,1,0
12.037772980908816,169019.11,27114.0,196133.11,1658256.42,1489237.31,338038.22,338038.21999999974,-169019.11,-169019.10999999987,6.233417296699243,0,20,1,0,0,0,0,0
11.446921337022157,93611.7,413.0,0.0,33106.28,126717.97,93198.7,0.00999999999476131,413.0,93611.69,226.11521739130433,0,18,0,1,0,0,0,0
12.589050022675645,293327.97,72778.0,366105.97,2185393.36,1892065.39,586655.94,586655.9400000002,-293327.97,-293327.97,4.030392970499732,0,23,1,0,0,0,0,0
12.39467104499909,241510.18,99451.0,340961.18,4065697.93,3824187.74,483020.36,483020.3700000001,-241510.18,-241510.18999999994,2.4284094839721675,0,19,1,0,0,0,0,0
9.61263646405307,14951.54,61025.1,46073.56,0.0,0.0,0.0,14951.54,14951.54,0.0,0.24500238422576573,1,12,0,0,0,1,0,0
8.744174170377699,6273.03,0.0,0.0,0.0,0.0,6273.03,6273.03,0.0,0.0,6273.03,1,20,0,0,0,1,0,0
10.701309563725642,44412.98,3811673.22,3856086.2,977889.41,933476.43,88825.95999999996,88825.95999999996,-44412.97999999998,-44412.97999999998,0.01165182999296304,0,20,1,0,0,0,0,0
8.403896825586955,4463.43,0.0,0.0,0.0,0.0,4463.43,4463.43,0.0,0.0,4463.43,1,15,0,0,0,1,0,0
13.379913920637776,646877.6,87.0,646964.6,0.0,0.0,1293755.2,646877.6,-646877.6,0.0,7350.881818181818,1,17,1,0,0,0,0,0
12.635106320091339,307153.55,10722.0,317875.55,767010.54,459856.99,614307.1,614307.1000000001,-307153.55,-307153.55000000005,28.644367247971648,0,14,1,0,0,0,0,0
13.206695904477387,543994.31,16115.0,560109.31,50373.0,0.0,1087988.62,594367.31,-543994.31,-50373.0,33.754921196326634,0,14,1,0,0,0,0,0
12.312768264540749,222518.11,0.0,0.0,1089493.94,1312012.04,222518.11,0.009999999776482582,0.0,222518.1000000001,222518.11,0,20,0,1,0,0,0,0
12.70537336194781,329512.75,0.0,0.0,408792.78,738305.53,329512.75,0.0,0.0,329512.75,329512.75,0,14,0,1,0,0,0,0
11.71443230167793,122323.46,0.0,0.0,151941.45,274264.91,122323.46,5.820766091346741e-11,0.0,122323.45999999996,122323.46,0,16,0,1,0,0,0,0
10.326248553935166,30522.39,196.0,30718.39,899344.37,868821.97,61044.78,61044.79000000004,-30522.39,-30522.400000000023,154.93598984771575,0,20,1,0,0,0,0,0
7.88623552523646,2659.41,0.0,0.0,0.0,0.0,2659.41,2659.41,0.0,0.0,2659.41,1,22,0,0,0,1,0,0
14.350421349375502,1707294.93,0.0,0.0,1713379.92,3420674.85,1707294.93,-4.656612873077393e-10,0.0,1707294.9300000002,1707294.93,0,22,0,0,0,0,1,0
12.397830126965712,242274.34,23777181.31,24019455.65,966184.41,723910.07,484548.6799999997,484548.68000000005,-242274.33999999985,-242274.34000000008,0.010189362929606103,0,17,1,0,0,0,0,0
12.331029311286878,226618.87,14759991.99,14986610.86,296901.64,70282.77,453237.73999999836,453237.74,-226618.86999999918,-226618.87,0.01535358927023447,0,17,1,0,0,0,0,0
8.54428098205664,5136.29,126928.81,121792.53,0.0,0.0,0.00999999999476131,5136.29,5136.279999999999,0.0,0.04046559275555522,1,14,0,0,0,1,0,0
10.75268182787696,46754.25,454.0,47208.25,108951.15,62196.9,93508.5,93508.5,-46754.25,-46754.24999999999,102.75659340659341,0,15,1,0,0,0,0,0
11.356295748201857,85501.06,0.0,0.0,218834.09,304335.15,85501.06,0.0,0.0,85501.06000000003,85501.06,0,13,0,1,0,0,0,0
8.331417676570766,4151.3,0.0,0.0,0.0,0.0,4151.3,4151.3,0.0,0.0,4151.3,1,14,0,0,0,1,0,0
11.406924188513486,89941.35,12232.0,0.0,803326.21,893267.56,77709.35,-1.1641532182693481e-10,12232.0,89941.3500000001,7.352354287582768,0,13,0,1,0,0,0,0
10.155642960427864,25734.92,9001.0,0.0,0.0,0.0,16733.92,25734.92,9001.0,0.0,2.8588002666074206,1,9,0,0,0,1,0,0
13.661949725809336,857647.59,0.0,0.0,5422883.41,6280531.0,857647.59,0.0,0.0,857647.5899999999,857647.59,0,0,0,0,0,0,1,0
12.120257589027382,183551.79,5318394.52,5501946.31,1958375.01,1774823.22,367103.5800000001,367103.57999999984,-183551.79000000004,-183551.79000000004,0.0345126249655084,0,12,1,0,0,0,0,0
8.023014895423021,3049.36,1273.0,0.0,0.0,0.0,1776.3600000000001,3049.36,1273.0,0.0,2.393532182103611,1,13,0,0,0,1,0,0
8.166599717793373,3520.35,34726.0,31205.65,0.0,0.0,0.0,3520.35,3520.3499999999985,0.0,0.1013721311947476,1,22,0,0,0,1,0,0
9.610204490452478,14915.22,57126.0,42210.78,0.0,0.0,0.0,14915.22,14915.220000000001,0.0,0.26108880214259456,1,15,0,0,0,1,0,0
10.75588296970443,46904.16,0.0,0.0,134507.14,181411.3,46904.16,2.9103830456733704e-11,0.0,46904.159999999974,46904.16,0,15,0,1,0,0,0,0
12.16089649792857,191164.82,16658.0,207822.82,0.0,0.0,382329.64,191164.82,-191164.82,0.0,11.475167777177502,1,11,1,0,0,0,0,0
11.715063456154587,122400.69,10355.0,0.0,0.0,122400.69,112045.69,0.0,10355.0,122400.69,11.819301853997683,0,20,0,1,0,0,0,0
12.769347986269292,351282.19,533060.0,181777.81,99908.0,979107.82,0.0,-527917.6299999999,351282.19,879199.82,0.6589906033268238,0,15,0,1,0,0,0,0
4.358374106008653,77.13,695088.81,695165.94,584037.78,583960.65,154.2599999998929,154.2600000000093,-77.12999999988824,-77.13000000000466,0.00011096407815272099,0,18,1,0,0,0,0,0
11.408287799104642,90064.08,21152.0,111216.08,139026.57,48962.49,180128.16,180128.16000000003,-90064.08,-90064.08000000002,4.25774500070912,0,11,1,0,0,0,0,0
13.093719099258117,485880.04,12596233.65,13082113.69,1577902.48,1092022.44,971760.0799999982,971760.0800000001,-485880.0399999991,-485880.04000000004,0.03857343511777148,0,14,1,0,0,0,0,0
10.4207089794784,33546.21,14067.0,0.0,0.0,0.0,19479.21,33546.21,14067.0,0.0,2.3845756326414556,1,16,0,0,0,1,0,0
8.958181158393206,7770.21,0.0,0.0,0.0,0.0,7770.21,7770.21,0.0,0.0,7770.21,1,17,0,0,0,1,0,0
13.07436622371895,476567.25,0.0,0.0,603024.99,1079592.24,476567.25,0.0,0.0,476567.25,476567.25,0,10,0,1,0,0,0,0
4.620945105103454,100.59,0.0,0.0,0.0,0.0,100.59,100.59,0.0,0.0,100.59,1,16,0,0,0,1,0,0
9.734454511028916,16888.62,11010.0,0.0,0.0,16888.62,5878.619999999999,0.0,11010.0,16888.62,1.5337952956134773,0,11,0,1,0,0,0,0
9.737593522022612,16941.72,1022.0,0.0,0.0,0.0,15919.720000000001,16941.72,1022.0,0.0,16.560821114369503,1,12,0,0,0,1,0,0
9.029967714842961,8348.59,0.0,0.0,462001.99,470350.58,8348.59,0.0,0.0,8348.590000000026,8348.59,0,19,0,1,0,0,0,0
9.461877775396285,12859.01,0.0,0.0,0.0,0.0,12859.01,12859.01,0.0,0.0,12859.01,1,20,0,0,0,1,0,0
9.606837386677997,14865.08,1699118.08,1713983.16,213370.4,198505.32,29730.159999999916,29730.159999999974,-14865.079999999842,-14865.079999999987,0.008748698178352514,0,10,1,0,0,0,0,0
11.882739008263956,144745.47,11004.0,155749.47,361387.6,216642.13,289490.94,289490.93999999994,-144745.47,-144745.46999999997,13.152700590640618,0,19,1,0,0,0,0,0
10.995961708016393,59631.84,2377879.92,2437511.77,665167.77,605535.92,119263.68999999994,119263.68999999994,-59631.85000000009,-59631.84999999998,0.02507772340424852,0,11,1,0,0,0,0,0
6.089883525948758,440.37,11964.0,11523.63,0.0,0.0,0.0,440.37,440.3700000000008,0.0,0.03680484747179273,1,11,0,0,0,1,0,0
11.992088889906256,161471.3,0.0,0.0,4574203.38,4735674.67,161471.3,0.009999999776482582,0.0,161471.29000000004,161471.3,0,18,0,1,0,0,0,0
11.750307644184948,126791.56,31808.0,0.0,0.0,126791.56,94983.56,0.0,31808.0,126791.56,3.986027853752083,0,17,0,1,0,0,0,0
9.588628166512889,14596.83,79227.0,64630.17,0.0,0.0,0.0,14596.83,14596.830000000002,0.0,0.1842382743474529,1,19,0,0,0,1,0,0
12.939447964312624,416418.3,15332.0,0.0,336335.4,752753.7,401086.3,0.0,15332.0,416418.29999999993,27.15830561533946,0,15,0,1,0,0,0,0
7.4923535329667414,1793.27,1177.0,0.0,0.0,0.0,616.27,1793.27,1177.0,0.0,1.5223005093378608,1,13,0,0,0,1,0,0
9.409394488751559,12201.48,14821.0,2619.52,0.0,0.0,0.0,12201.48,12201.48,0.0,0.8232006476858723,1,18,0,0,0,1,0,0
13.207339710095253,544344.65,445772.97,990117.62,2693774.84,2149430.19,1088689.3,1088689.2999999998,-544344.65,-544344.6499999999,1.2211225567971142,0,1,1,0,0,0,0,0
12.315069282479266,223030.72,880155.83,1103186.55,791025.11,567994.39,446061.44000000006,446061.43999999994,-223030.7200000001,-223030.71999999997,0.2533988402953142,0,20,1,0,0,0,0,0
12.415141328970654,246504.93,0.0,0.0,944289.62,1190794.54,246504.93,0.010000000009313226,0.0,246504.92000000004,246504.93,0,19,0,0,0,0,1,0
11.263929732150396,77957.33,3909841.71,3987799.04,167622.9,89665.56,155914.66000000015,155914.66999999998,-77957.33000000007,-77957.34,0.019938738149392204,0,18,1,0,0,0,0,0
9.390419416217357,11972.12,18927.0,6954.88,0.0,0.0,0.0,11972.12,11972.119999999999,0.0,0.6325084530853762,1,18,0,0,0,1,0,0
9.35582763252424,11565.03,0.0,0.0,0.0,0.0,11565.03,11565.03,0.0,0.0,11565.03,1,16,0,0,0,1,0,0
10.275661956845811,29016.72,24905.0,0.0,0.0,0.0,4111.720000000001,29016.72,24905.0,0.0,1.1650493856901951,1,9,0,0,0,1,0,0
11.797983723230145,132982.95,83159.0,0.0,0.0,229374.47,49823.95000000001,-96391.51999999999,83159.0,229374.47,1.599121572871573,0,20,0,1,0,0,0,0
9.118737013413183,9123.67,68200.44,59076.77,527957.24,564608.53,0.0,-27527.619999999995,9123.670000000006,36651.29000000004,0.13377532791096491,0,20,0,1,0,0,0,0
11.131001575145023,68253.7,0.0,0.0,12905707.68,12973961.38,68253.7,-1.862645149230957e-09,0.0,68253.70000000112,68253.7,0,9,0,1,0,0,0,0
11.011095921525618,60541.2,0.0,0.0,1350985.6,1411526.79,60541.2,0.010000000009313226,0.0,60541.189999999944,60541.2,0,12,0,1,0,0,0,0
5.750888682083473,313.47,0.0,0.0,0.0,0.0,313.47,313.47,0.0,0.0,313.47,1,19,0,0,0,1,0,0
12.328023826830192,225938.79,1384.0,227322.79,707685.76,481746.97,451877.58,451877.5800000001,-225938.79,-225938.79000000004,163.13270036101085,0,21,1,0,0,0,0,0
12.222427817567553,203296.93,0.0,0.0,9530953.16,9734250.08,203296.93,0.009999999776482582,0.0,203296.91999999993,203296.93,0,2,0,1,0,0,0,0
11.289696535011366,79992.17,690.0,0.0,125604.44,205596.61,79302.17,0.0,690.0,79992.16999999998,115.76290882778582,0,9,0,1,0,0,0,0
11.920703828771485,150346.39,236984.0,387330.39,7814828.61,7664482.23,300692.78,300692.76999999955,-150346.39,-150346.3799999999,0.6344131063147457,0,14,1,0,0,0,0,0
9.438882126736932,12566.66,19968.0,7401.34,0.0,0.0,0.0,12566.66,12566.66,0.0,0.6293084280634984,1,13,0,0,0,1,0,0
12.331241053176203,226666.86,782147.03,1008813.88,489922.28,263255.42,453333.70999999996,453333.72000000003,-226666.84999999998,-226666.86000000004,0.289800461429277,0,16,1,0,0,0,0,0
10.808426698257312,49434.63,165.0,0.0,0.0,0.0,49269.63,49434.63,165.0,0.0,297.79897590361446,1,12,0,0,0,1,0,0
10.489851261071422,35947.81,0.0,0.0,189095.01,225042.82,35947.81,0.0,0.0,35947.81,35947.81,0,14,0,1,0,0,0,0
7.804386013387995,2450.33,65922.0,63471.67,0.0,0.0,0.0,2450.33,2450.3300000000017,0.0,0.037169576627277275,1,9,0,0,0,1,0,0
11.629581376772215,112372.27,67807.0,0.0,11764596.02,11876968.29,44565.270000000004,0.0,67807.0,112372.26999999955,1.6572125707881076,0,19,0,1,0,0,0,0
12.381695356742197,238396.65,124291.0,0.0,255456.07,493852.72,114105.65,0.0,124291.0,238396.64999999997,1.918036961349081,0,20,0,1,0,0,0,0
9.581570769469113,14494.17,89669.14,75174.96,0.0,0.0,-0.00999999999476131,14494.17,14494.179999999993,0.0,0.16163875733884212,1,14,0,0,0,1,0,0
10.77511015297885,47814.74,797.0,0.0,1248990.41,1296805.16,47017.74,-0.010000000009313226,797.0,47814.75,59.91822055137845,0,19,0,1,0,0,0,0
8.404595438912756,4466.55,397.0,0.0,0.0,0.0,4069.55,4466.55,397.0,0.0,11.22248743718593,1,22,0,0,0,1,0,0
11.046540879079881,62725.6,10068082.43,10130808.03,241534.36,505108.41,125451.19999999925,-200848.45,-62725.59999999963,263574.05,0.0062301430491821025,0,10,1,0,0,0,0,0
12.043853377011915,170049.95,944096.22,1114146.17,375951.75,205901.8,340099.8999999999,340099.89999999997,-170049.94999999995,-170049.95,0.18011910891973607,0,22,1,0,0,0,0,0
12.559448844587749,284772.34,6671123.73,6955896.07,1613370.88,1328598.54,569544.6799999997,569544.6799999999,-284772.33999999985,-284772.33999999985,0.04268730559322041,0,9,1,0,0,0,0,0
9.571246651176057,14345.29,5016.0,0.0,5213369.28,5227714.57,9329.29,0.0,5016.0,14345.290000000037,2.859336256727128,0,19,0,1,0,0,0,0
8.993532954900482,8049.85,13860.0,5810.15,0.0,0.0,0.0,8049.85,8049.85,0.0,0.5807553567563668,1,20,0,0,0,1,0,0
12.165435581825827,192034.51,1483122.15,1675156.66,1270106.55,1403927.21,384069.02,58213.85000000009,-192034.51,133820.65999999992,0.12947981426896346,0,16,1,0,0,0,0,0
9.534199829429282,13823.53,0.0,0.0,0.0,0.0,13823.53,13823.53,0.0,0.0,13823.53,1,18,0,0,0,1,0,0
12.486840066787275,264828.12,0.0,0.0,1696718.95,1961547.07,264828.12,-2.3283064365386963e-10,0.0,264828.1200000001,264828.12,0,9,0,1,0,0,0,0
8.650082878191595,5709.62,511572.0,505862.38,0.0,0.0,0.0,5709.62,5709.619999999995,0.0,0.0111609095867061,1,23,0,0,0,1,0,0
12.847485302796462,379831.37,176.0,0.0,3496794.53,3535780.84,379655.37,340845.06000000006,176.0,38986.310000000056,2145.939943502825,0,18,0,1,0,0,0,0
10.675083786962304,43263.33,0.0,0.0,349984.12,393247.44,43263.33,0.010000000009313226,0.0,43263.32000000001,43263.33,0,9,0,1,0,0,0,0
12.35678248387469,232530.85,179633.01,0.0,11207571.59,11440102.44,52897.84,0.0,179633.01,232530.84999999963,1.294470072788555,0,13,0,1,0,0,0,0
10.109579345442517,24576.32,41023.0,16446.68,0.0,0.0,0.0,24576.32,24576.32,0.0,0.5990717628705148,1,11,0,0,0,1,0,0
13.70701246971387,897179.61,0.0,0.0,5381018.14,6278197.75,897179.61,0.0,0.0,897179.6100000003,897179.61,0,19,0,0,0,0,1,0
12.666390424257234,316914.49,18422833.35,18739747.84,1805690.21,1488775.72,633828.9799999967,633828.9800000002,-316914.48999999836,-316914.49,0.017202265622064825,0,16,1,0,0,0,0,0
10.606572440107184,40398.49,12162886.03,12203284.52,50393.53,9995.03,80796.98000000045,80796.98999999999,-40398.49000000022,-40398.5,0.003321455662652817,0,20,1,0,0,0,0,0
11.301640571010207,80953.34,9568.0,0.0,853319.89,934273.23,71385.34,0.0,9568.0,80953.33999999997,8.459958198348835,0,20,0,1,0,0,0,0
11.462439213257166,95075.7,3176031.69,3271107.39,637287.87,542212.17,190151.40000000037,190151.3999999999,-95075.70000000019,-95075.69999999995,0.02993536568416114,0,20,1,0,0,0,0,0
9.186098907603148,9759.5,4472.79,0.0,89112.67,98872.17,5286.71,0.0,4472.79,9759.5,2.181483708444071,0,19,0,1,0,0,0,0
13.232094975944896,557988.25,0.0,0.0,1934381.04,2492369.29,557988.25,0.0,0.0,557988.25,557988.25,0,16,0,0,0,0,1,0
8.183285663117173,3579.6,20273.0,16693.4,0.0,0.0,0.0,3579.6,3579.5999999999985,0.0,0.17656111275525302,1,8,0,0,0,1,0,0
10.246138163633828,28172.53,0.0,0.0,0.0,0.0,28172.53,28172.53,0.0,0.0,28172.53,1,13,0,0,0,1,0,0
6.649606118469112,771.48,10313.0,9541.52,0.0,0.0,0.0,771.48,771.4799999999996,0.0,0.07479930191972077,1,9,0,0,0,1,0,0
12.134899148205953,186259.06,50234.0,0.0,0.0,186259.06,136025.06,0.0,50234.0,186259.06,3.707754752662486,0,19,0,1,0,0,0,0
9.557178694596573,14144.88,0.0,0.0,0.0,0.0,14144.88,14144.88,0.0,0.0,14144.88,1,14,0,0,0,1,0,0
10.959764723323339,57511.91,160652.0,103140.09,329389.42,386901.33,0.0,-5.820766091346741e-11,57511.91,57511.91000000003,0.35798839735330185,0,18,0,1,0,0,0,0
11.587866040413614,107781.01,51383.0,159164.01,36282.56,0.0,215562.02000000002,144063.57,-107781.01000000001,-36282.56,2.0975597462245057,0,19,1,0,0,0,0,0
9.513388775308428,13538.8,11648.0,0.0,0.0,0.0,1890.7999999999993,13538.8,11648.0,0.0,1.1622285174693106,1,12,0,0,0,1,0,0
8.908931178904401,7396.75,72653.75,65257.0,0.0,0.0,0.0,7396.75,7396.75,0.0,0.10180683300128347,1,0,0,0,0,1,0,0
10.035332586556923,22817.63,293.0,0.0,0.0,0.0,22524.63,22817.63,293.0,0.0,77.61098639455783,1,11,0,0,0,1,0,0
12.297474150955148,219140.77,0.0,0.0,394605.5,673820.26,219140.77,-60073.98999999999,0.0,279214.76,219140.77,0,13,0,1,0,0,0,0
8.51287990254579,4977.48,0.0,0.0,735658.38,740635.86,4977.48,0.0,0.0,4977.479999999981,4977.48,0,15,0,1,0,0,0,0
11.582136086081343,107165.19,500.0,107665.19,0.0,0.0,214330.38,107165.19,-107165.19,0.0,213.9025748502994,1,13,1,0,0,0,0,0
8.6517170913424,5718.96,5518.82,0.0,0.0,0.0,200.14000000000033,5718.96,5518.82,0.0,1.0360772633890236,1,16,0,0,0,1,0,0
10.418329798862667,33466.49,759757.09,793223.58,494307.79,460841.3,66932.97999999998,66932.98000000004,-33466.48999999999,-33466.48999999999,0.04404887613635019,0,16,1,0,0,0,0,0
10.588556945439063,39677.19,1487629.5,1527306.69,121743.41,82066.21,79354.37999999989,79354.39,-39677.189999999944,-39677.2,0.02667140126530076,0,12,1,0,0,0,0,0
13.090652355799326,484392.25,0.0,0.0,5988360.99,6472753.24,484392.25,0.0,0.0,484392.25,484392.25,0,18,0,1,0,0,0,0
12.377424757350528,237380.72,18920.0,0.0,2140209.25,2432528.59,218460.72,-54938.619999999646,18920.0,292319.33999999985,12.545886581047514,0,12,0,1,0,0,0,0
10.820218787374605,50021.03,37738.0,0.0,0.0,50021.03,12283.029999999999,0.0,37738.0,50021.03,1.3254466202072126,0,10,0,1,0,0,0,0
12.429722668565926,250125.65,1893942.17,2144067.83,306248.15,56122.5,500251.31000000006,500251.30000000005,-250125.66000000015,-250125.65000000002,0.13206607989193256,0,20,1,0,0,0,0,0
11.222643214984874,74804.24,74804.24,0.0,0.0,74804.24,0.0,0.0,74804.24,74804.24,0.999986631952521,0,22,0,1,0,0,0,1
10.771028699417505,47619.98,1266039.48,1313659.46,112626.77,65006.8,95239.95999999996,95239.95,-47619.97999999998,-47619.97,0.03761331549209233,0,18,1,0,0,0,0,0
12.422759839351098,248390.11,48638.0,297028.11,1887527.25,1639137.14,496780.22,496780.22,-248390.11,-248390.1100000001,5.106809556117518,0,19,1,0,0,0,0,0
12.500435116845864,268453.07,11736.0,280189.07,0.0,0.0,536906.14,268453.07,-268453.07,0.0,22.872375394052995,1,13,1,0,0,0,0,0
12.991726055770622,438766.99,0.0,0.0,11680618.67,12119385.66,438766.99,0.0,0.0,438766.9900000002,438766.99,0,16,0,1,0,0,0,0
8.904673538906904,7365.32,141446.0,134080.68,0.0,0.0,0.0,7365.32,7365.320000000007,0.0,0.052071235162286934,1,23,0,0,0,1,0,0
12.425626561806647,249103.2,32619.82,0.0,431621.37,680724.57,216483.38,1.1641532182693481e-10,32619.82,249103.19999999995,7.636325512356833,0,19,0,1,0,0,0,0
13.036138621856004,458693.01,44783.0,503476.01,213136.51,0.0,917386.02,671829.52,-458693.01,-213136.51,10.242341237942123,0,14,1,0,0,0,0,0
7.4675253407310285,1749.27,0.0,0.0,0.0,0.0,1749.27,1749.27,0.0,0.0,1749.27,1,11,0,0,0,1,0,0
13.68379454511174,876588.9,0.0,0.0,4176129.98,5069451.6,876588.9,-16732.71999999974,0.0,893321.6199999996,876588.9,0,12,0,0,0,0,1,0
11.094884410094222,65832.52,2672138.52,2737971.04,144036.29,78203.77,131665.04000000004,131665.03999999998,-65832.52000000002,-65832.52,0.024636632745882972,0,22,1,0,0,0,0,0
8.18399758078814,3582.15,225.0,0.0,0.0,0.0,3357.15,3582.15,225.0,0.0,15.850221238938053,1,14,0,0,0,1,0,0
9.78450185647355,17755.41,0.0,0.0,0.0,0.0,17755.41,17755.41,0.0,0.0,17755.41,1,20,0,0,0,1,0,0
9.30808848669164,11025.85,41675.0,30649.15,0.0,0.0,0.0,11025.85,11025.849999999999,0.0,0.2645611383050197,1,13,0,0,0,1,0,0
12.621745081168001,303076.88,0.0,0.0,1740342.51,2043419.4,303076.88,-0.009999999776482582,0.0,303076.8899999999,303076.88,0,14,0,1,0,0,0,0
10.565262738013468,38763.6,0.0,0.0,977905.61,1016669.21,38763.6,0.0,0.0,38763.59999999998,38763.6,0,19,0,1,0,0,0,0
10.641466119252929,41833.06,61495.0,19661.94,0.0,0.0,0.0,41833.06,41833.06,0.0,0.6802566020554182,1,13,0,0,0,1,0,0
6.776381556911414,875.89,21673028.92,21673904.81,1101.0,0.0,1751.7799999974668,1976.8899999999999,-875.8899999968708,-1101.0,4.04138232279061e-05,0,19,1,0,0,0,0,0
12.158761307358363,190757.08,33294.0,0.0,1793986.9,1984743.98,157463.08,0.0,33294.0,190757.08000000007,5.729301096260699,0,17,0,1,0,0,0,0
11.989364840303695,161032.04,0.0,0.0,3585577.75,3899422.96,161032.04,-152813.16999999993,0.0,313845.20999999996,161032.04,0,15,0,1,0,0,0,0
8.839085367936514,6897.68,0.0,0.0,0.0,0.0,6897.68,6897.68,0.0,0.0,6897.68,1,14,0,0,0,1,0,0
9.045067064424211,8475.62,14254.0,5778.38,0.0,0.0,0.0,8475.62,8475.619999999999,0.0,0.5945717292178183,1,13,0,0,0,1,0,0
12.132673975608292,185845.06,0.0,0.0,831810.68,1017655.74,185845.06,0.0,0.0,185845.05999999994,185845.06,0,20,0,1,0,0,0,0
10.413103645114099,33292.04,121611.0,88318.96,0.0,0.0,0.0,33292.04,33292.03999999999,0.0,0.27375620826892083,1,12,0,0,0,1,0,0
8.35162019122396,4236.04,107601.0,103364.96,0.0,0.0,0.0,4236.04,4236.039999999994,0.0,0.039367669745915504,1,23,0,0,0,1,0,0
9.146375552906772,9379.38,0.0,0.0,0.0,0.0,9379.38,9379.38,0.0,0.0,9379.38,1,19,0,0,0,1,0,0
12.9060698857682,402748.43,0.0,0.0,3288797.07,3691545.5,402748.43,0.0,0.0,402748.43000000017,402748.43,0,12,0,1,0,0,0,0
10.470533667096397,35260.03,0.0,0.0,0.0,0.0,35260.03,35260.03,0.0,0.0,35260.03,1,9,0,0,0,1,0,0
12.558611793844332,284534.07,69615.0,0.0,524807.05,809341.12,214919.07,1.1641532182693481e-10,69615.0,284534.06999999995,4.08719360491841,0,9,0,1,0,0,0,0
12.134694467173672,186220.94,0.0,0.0,849331.0,1035551.94,186220.94,0.0,0.0,186220.93999999994,186220.94,0,20,0,1,0,0,0,0
8.226889017592692,3739.18,1910.8,0.0,0.0,0.0,1828.3799999999999,3739.18,1910.8,0.0,1.9558426613662516,1,23,0,0,0,1,0,0
8.43744843934952,4615.76,191.0,0.0,0.0,0.0,4424.76,4615.76,191.0,0.0,24.04041666666667,1,19,0,0,0,1,0,0
11.51249657300922,99956.12,413475.31,513431.42,167869.88,67913.77,199912.23000000004,199912.22999999998,-99956.10999999999,-99956.11,0.2417457000136235,0,9,1,0,0,0,0,0
11.289753913264011,79996.76,49579.24,129576.0,1379582.42,1299585.66,159993.52000000002,159993.52000000002,-79996.76000000001,-79996.76000000001,1.6134806931148375,0,23,1,0,0,0,0,0
12.351738170894633,231360.84,201190.0,0.0,10832.87,242193.71,30170.839999999997,0.0,201190.0,231360.84,1.149956210764895,0,18,0,1,0,0,0,0
8.090432942767915,3262.1,0.0,0.0,0.0,0.0,3262.1,3262.1,0.0,0.0,3262.1,1,14,0,0,0,1,0,0
11.811583085134988,134803.8,29782.0,0.0,7442661.33,7732155.64,105021.79999999999,-154690.50999999978,29782.0,289494.3099999996,4.526199509787462,0,15,0,1,0,0,0,0
10.558400533178556,38498.5,2439897.9,2478396.4,288503.75,250005.25,76997.0,76997.0,-38498.5,-38498.5,0.015778727553014595,0,22,1,0,0,0,0,0
8.58670992566313,5358.95,0.0,0.0,0.0,0.0,5358.95,5358.95,0.0,0.0,5358.95,1,23,0,0,0,1,0,0
12.855889845450232,383037.14,48645.0,431682.14,103452.85,0.0,766074.28,486489.99,-383037.14,-103452.85,7.873969905028163,0,15,1,0,0,0,0,0
9.847378999164473,18907.73,0.0,0.0,0.0,0.0,18907.73,18907.73,0.0,0.0,18907.73,1,15,0,0,0,1,0,0
11.475041442048374,96281.46,121195.0,24913.54,541051.75,637333.21,0.0,0.0,96281.45999999999,96281.45999999996,0.7944277038846167,0,23,0,1,0,0,0,0
6.854259561039386,946.91,1345.0,398.09,0.0,0.0,0.0,946.91,946.9100000000001,0.0,0.7034992570579495,1,16,0,0,0,1,0,0
11.916286227161477,149683.68,0.0,0.0,3206511.08,3356194.76,149683.68,4.656612873077393e-10,0.0,149683.6799999997,149683.68,0,10,0,1,0,0,0,0
9.549415646324594,14035.49,0.0,0.0,0.0,0.0,14035.49,14035.49,0.0,0.0,14035.49,1,18,0,0,0,1,0,0
7.335021017049154,1532.06,20822.0,19289.94,0.0,0.0,0.0,1532.06,1532.0600000000013,0.0,0.07357537338519905,1,20,0,0,0,1,0,0
9.889991387637096,19730.89,552683.92,532953.03,0.0,0.0,0.0,19730.89,19730.890000000014,0.0,0.03570006939939667,1,11,0,0,0,1,0,0
7.92406146710117,2761.97,27015.0,24253.03,0.0,0.0,0.0,2761.97,2761.970000000001,0.0,0.10223460171750073,1,21,0,0,0,1,0,0
7.543580502917977,1887.58,0.0,0.0,0.0,0.0,1887.58,1887.58,0.0,0.0,1887.58,1,22,0,0,0,1,0,0
12.203195259823547,199424.35,0.0,0.0,5252981.03,5452405.38,199424.35,0.0,0.0,199424.34999999963,199424.35,0,17,0,1,0,0,0,0
11.384773065303545,87970.93,252322.0,164351.07,1472694.55,1560665.48,0.0,0.0,87970.93,87970.92999999993,0.34864411884766744,0,12,0,1,0,0,0,0
11.721911023223297,123241.72,0.0,0.0,175376.68,298618.4,123241.72,0.0,0.0,123241.72000000003,123241.72,0,23,0,1,0,0,0,0
7.016286761805336,1113.64,0.0,0.0,0.0,0.0,1113.64,1113.64,0.0,0.0,1113.64,1,17,0,0,0,1,0,0
11.13977264632931,68855.0,0.0,0.0,175056.29,243911.29,68855.0,0.0,0.0,68855.0,68855.0,0,13,0,1,0,0,0,0
9.50465192080797,13421.02,0.0,0.0,0.0,0.0,13421.02,13421.02,0.0,0.0,13421.02,1,21,0,0,0,1,0,0
9.508029456843019,13466.43,219478.85,206012.42,0.0,0.0,0.0,13466.43,13466.429999999993,0.0,0.06135611082292976,1,14,0,0,0,1,0,0
14.897463988511356,2950436.4,234209.44,0.0,3371022.83,6321459.23,2716226.96,0.0,234209.44,2950436.4000000004,12.597373541503956,0,15,0,0,0,0,1,0
9.472766942194937,12999.81,43194.78,30194.97,0.0,0.0,0.0,12999.81,12999.809999999998,0.0,0.3009509262247377,1,13,0,0,0,1,0,0
11.764810241682653,128643.78,2941839.41,3070483.18,2956977.56,2828333.79,257287.5499999998,257287.5499999998,-128643.77000000002,-128643.77000000002,0.04372901383865347,0,0,1,0,0,0,0,0
10.391056934137659,32566.07,10984.0,0.0,0.0,32566.07,21582.07,0.0,10984.0,32566.07,2.964594446973145,0,13,0,1,0,0,0,0
12.806909397529775,364727.82,10020.0,0.0,3119.87,367847.69,354707.82,0.0,10020.0,364727.82,36.396349665702026,0,14,0,1,0,0,0,0
7.4712606355855655,1755.82,10577.0,8821.18,0.0,0.0,0.0,1755.82,1755.8199999999997,0.0,0.16598789941387784,1,15,0,0,0,1,0,0
12.187096634492619,196239.58,14177.0,210416.58,0.0,0.0,392479.16,196239.58,-196239.58,0.0,13.84113274086613,1,13,1,0,0,0,0,0
12.210121388298587,200810.39,20241.0,221051.39,3178618.96,2977808.58,401620.78,401620.77,-200810.39,-200810.3799999999,9.920481671771565,0,9,1,0,0,0,0,0
11.055537127264879,63292.45,21717.0,85009.45,195626.36,132333.92,126584.9,126584.88999999998,-63292.45,-63292.43999999997,2.9142853853946034,0,19,1,0,0,0,0,0
10.076177877559386,23768.96,0.0,0.0,0.0,0.0,23768.96,23768.96,0.0,0.0,23768.96,1,14,0,0,0,1,0,0
9.862162306406022,19189.34,0.0,0.0,0.0,0.0,19189.34,19189.34,0.0,0.0,19189.34,1,17,0,0,0,1,0,0
12.900353683031314,400452.8,0.0,0.0,6191179.78,6277642.84,400452.8,313989.7400000002,0.0,86463.05999999959,400452.8,0,19,0,1,0,0,0,0
10.189442509382024,26619.65,80604.0,53984.35,0.0,0.0,0.0,26619.65,26619.65,0.0,0.3302481235655357,1,12,0,0,0,1,0,0
10.884857909124905,53361.2,0.0,0.0,140523.81,193885.01,53361.2,0.0,0.0,53361.20000000001,53361.2,0,0,0,1,0,0,0,0
9.621733872388777,15088.19,181145.0,166056.81,0.0,0.0,0.0,15088.19,15088.190000000002,0.0,0.08329297914389498,1,17,0,0,0,1,0,0
9.51051385094268,13499.93,45983.36,32483.44,0.0,0.0,0.00999999999476131,13499.93,13499.920000000002,0.0,0.2935765551591889,1,18,0,0,0,1,0,0
12.505457682866515,269804.79,46693.0,0.0,12262.59,282067.39,223111.78999999998,-0.010000000009313226,46693.0,269804.8,5.778146871118344,0,15,0,1,0,0,0,0
13.125071108190324,501354.7,22129.0,0.0,51874.99,939908.1,479225.7,-386678.4099999999,22129.0,888033.11,22.65497966561229,0,19,0,0,0,0,1,0
11.698007125836693,120330.67,0.0,0.0,3401214.41,3521545.08,120330.67,0.0,0.0,120330.66999999993,120330.67,0,2,0,1,0,0,0,0
11.201787917690815,73260.31,9301.0,82561.31,0.0,0.0,146520.62,73260.31,-73260.31,0.0,7.875758976564179,1,19,1,0,0,0,0,0
12.900648005755858,400570.68,55829.0,0.0,0.0,400570.68,344741.68,0.0,55829.0,400570.68,7.174828586781301,0,16,0,1,0,0,0,0
11.387028512844116,88169.57,0.0,0.0,259477.76,347647.32,88169.57,0.010000000009313226,0.0,88169.56,88169.57,0,17,0,1,0,0,0,0
7.246417971944086,1402.07,0.0,0.0,0.0,0.0,1402.07,1402.07,0.0,0.0,1402.07,1,12,0,0,0,1,0,0
7.404887575616125,1643.0,36946.7,35303.69,0.0,0.0,-0.00999999999476131,1643.0,1643.0099999999948,0.0,0.04446826189451576,1,11,0,0,0,1,0,0
9.273094489512177,10646.65,112894.32,102247.67,0.0,0.0,-1.4551915228366852e-11,10646.65,10646.650000000009,0.0,0.09430550354080221,1,21,0,0,0,1,0,0
12.463300897080677,258667.06,45512.0,304179.06,2445647.05,2186979.99,517334.12,517334.11999999965,-258667.06,-258667.0599999996,5.683366510667282,0,20,1,0,0,0,0,0
12.990231553497866,438111.74,120115.26,558227.0,1137336.43,791480.91,876223.48,783967.2599999999,-438111.74,-345855.5199999999,3.6473974464406402,0,17,1,0,0,0,0,0
12.635851465186482,307382.51,317.0,0.0,0.0,307382.51,307065.51,0.0,317.0,307382.51,966.6116666666667,0,20,0,1,0,0,0,0
12.80040829118992,362364.37,128612.0,0.0,0.0,362364.37,233752.37,0.0,128612.0,362364.37,2.817478559710138,0,16,0,1,0,0,0,0
12.648470113327386,311285.85,21138.0,332423.85,4792.29,0.0,622571.7,316078.13999999996,-311285.85,-4792.29,14.725665830928614,0,15,1,0,0,0,0,0
11.247957594059107,76722.06,191.0,0.0,6494.89,83216.95,76531.06,0.0,191.0,76722.06,399.5940625,0,19,0,1,0,0,0,0
12.496065994922409,267282.72,3328802.28,3596084.99,271061.15,3778.43,534565.4300000002,534565.44,-267282.7100000004,-267282.72000000003,0.08029393674473909,0,13,1,0,0,0,0,0
12.590860239740461,293859.44,0.0,0.0,485916.13,779775.57,293859.44,1.1641532182693481e-10,0.0,293859.43999999994,293859.44,0,14,0,1,0,0,0,0
12.555933742852474,283773.09,7235332.61,7519105.7,436028.03,152254.94,567546.1799999997,567546.1800000002,-283773.08999999985,-283773.09,0.03922045689887685,0,10,1,0,0,0,0,0
9.314728314838376,11099.31,1120.0,0.0,0.0,0.0,9979.31,11099.31,1120.0,0.0,9.901257805530776,1,21,0,0,0,1,0,0
11.732075372293584,124500.79,45572.48,170073.27,200939.79,76439.0,249001.58,249001.58000000002,-124500.78999999998,-124500.79000000001,2.731869280116418,0,11,1,0,0,0,0,0
10.161121801945182,25876.31,34085.0,8208.69,0.0,0.0,0.0,25876.31,25876.309999999998,0.0,0.7591477439417943,1,10,0,0,0,1,0,0
9.599254600122554,14752.78,407642.07,392889.29,0.0,0.0,0.0,14752.78,14752.780000000028,0.0,0.0361904349312255,1,17,0,0,0,1,0,0
9.43792922826553,12554.69,113114.0,100559.31,0.0,0.0,0.0,12554.69,12554.690000000002,0.0,0.1109904963974716,1,16,0,0,0,1,0,0
10.503805373511002,36452.96,5697448.64,5733901.61,323804.25,287351.29,72905.93000000063,72905.92000000004,-36452.97000000067,-36452.96000000002,0.006398118860775047,0,10,1,0,0,0,0,0
8.476206600017326,4798.21,10330.0,5531.79,0.0,0.0,0.0,4798.21,4798.21,0.0,0.46444777853063596,1,1,0,0,0,1,0,0
10.045024440502104,23039.86,0.0,0.0,0.0,0.0,23039.86,23039.86,0.0,0.0,23039.86,1,13,0,0,0,1,0,0
12.450022829762121,255255.15,10637.0,0.0,0.0,255255.15,244618.15,0.0,10637.0,255255.15,23.99465595036661,0,21,0,1,0,0,0,0
8.860162845458794,7044.63,73588.33,66543.7,0.0,0.0,0.0,7044.63,7044.630000000005,0.0,0.09572895961955354,1,11,0,0,0,1,0,0
9.227197489042606,10169.0,415812.19,405643.19,0.0,0.0,0.0,10169.0,10169.0,0.0,0.02445569367340175,1,11,0,0,0,1,0,0
9.986088676976376,21721.17,298378.41,276657.24,0.0,0.0,0.0,21721.17,21721.169999999984,0.0,0.0727971477656585,1,10,0,0,0,1,0,0
13.670396099900604,864922.29,0.0,0.0,2164183.94,3029106.23,864922.29,0.0,0.0,864922.29,864922.29,0,11,0,0,0,0,1,0
13.136350421045414,507041.66,49697.0,556738.66,150769.33,0.0,1014083.3200000001,657810.99,-507041.66000000003,-150769.33,10.202456034448065,0,15,1,0,0,0,0,0
9.034038659506221,8382.65,0.0,0.0,0.0,0.0,8382.65,8382.65,0.0,0.0,8382.65,1,17,0,0,0,1,0,0
11.970490871750373,158021.21,994.0,159015.21,0.0,0.0,316042.42,158021.21,-158021.21,0.0,158.8152864321608,1,16,1,0,0,0,0,0
9.232652592704888,10224.63,234383.0,224158.37,0.0,0.0,0.0,10224.63,10224.630000000005,0.0,0.043623412860946134,1,22,0,0,0,1,0,0
6.018787842756872,410.08,163237.57,162827.49,0.0,0.0,-2.9103830456733704e-11,410.08,410.0800000000163,0.0,0.002512151386770908,1,17,0,0,0,1,0,0
9.024972981336155,8306.99,86798.61,78491.62,0.0,0.0,0.0,8306.99,8306.990000000005,0.0,0.09570307977190219,1,21,0,0,0,1,0,0
9.324252815434665,11205.54,869.0,0.0,0.0,0.0,10336.54,11205.54,869.0,0.0,12.879931034482759,1,20,0,0,0,1,0,0
11.967373544056223,157529.37,12483.0,170012.37,51209.65,0.0,315058.74,208739.02,-157529.37,-51209.65,12.6185012816405,0,13,1,0,0,0,0,0
12.850027507317364,380798.21,2306390.94,2687189.15,475751.41,94953.2,761596.4199999999,761596.42,-380798.20999999996,-380798.20999999996,0.1651055934578058,0,20,1,0,0,0,0,0
7.907978987764084,2717.89,36888.0,34170.11,0.0,0.0,0.0,2717.89,2717.8899999999994,0.0,0.07367751904361733,1,16,0,0,0,1,0,0
10.576547325253763,39203.52,0.0,0.0,1272314.29,1311517.81,39203.52,0.0,0.0,39203.52000000002,39203.52,0,18,0,1,0,0,0,0
13.000584052209298,442670.86,0.0,0.0,4107685.71,4550356.57,442670.86,0.0,0.0,442670.86000000034,442670.86,0,9,0,1,0,0,0,0
12.336915803086434,227956.8,4322170.23,4550127.03,591476.45,363519.65,455913.5999999996,455913.6,-227956.7999999998,-227956.79999999993,0.05274127003987299,0,21,1,0,0,0,0,0
12.116660060674304,182892.64,50838.0,233730.64,3572340.15,3389447.51,365785.28,365785.28000000026,-182892.64,-182892.64000000013,3.5974869686657884,0,16,1,0,0,0,0,0
7.775229646343634,2379.89,552.43,0.0,220246.27,222626.16,1827.46,0.0,552.43,2379.890000000014,4.300254774768264,0,20,0,0,1,0,0,0
12.254526848509059,209928.46,0.0,0.0,380390.4,590318.87,209928.46,-0.010000000009313226,0.0,209928.46999999997,209928.46,0,18,0,1,0,0,0,0
9.699065161590552,16301.36,0.0,0.0,0.0,0.0,16301.36,16301.36,0.0,0.0,16301.36,1,14,0,0,0,1,0,0
12.366205894052749,234732.45,0.0,0.0,257126.05,491858.5,234732.45,0.0,0.0,234732.45,234732.45,0,12,0,1,0,0,0,0
12.764863922221029,349710.54,10293.0,0.0,1135448.79,1485159.33,339417.54,0.0,10293.0,349710.54000000004,33.972269283077516,0,10,0,1,0,0,0,0
12.159431722586287,190885.01,0.0,0.0,1290165.77,1481050.78,190885.01,0.0,0.0,190885.01,190885.01,0,12,0,1,0,0,0,0
8.843514076981075,6928.3,1091.0,0.0,0.0,0.0,5837.3,6928.3,1091.0,0.0,6.34459706959707,1,10,0,0,0,1,0,0
7.780975657336832,2393.61,0.0,0.0,0.0,0.0,2393.61,2393.61,0.0,0.0,2393.61,1,12,0,0,0,1,0,0
11.575952751017066,106504.59,226829.55,333334.15,195850.73,89346.13,213009.19,213009.19,-106504.60000000003,-106504.6,0.46953371139822214,0,22,1,0,0,0,0,0
13.467358774196807,705990.71,0.0,0.0,5436771.6,6142762.31,705990.71,0.0,0.0,705990.71,705990.71,0,18,0,0,0,0,1,0
9.898707646967255,19903.63,169232.0,149328.37,0.0,0.0,0.0,19903.63,19903.630000000005,0.0,0.11761080876661172,1,13,0,0,0,1,0,0
8.814566650306887,6730.59,0.0,0.0,0.0,0.0,6730.59,6730.59,0.0,0.0,6730.59,1,23,0,0,0,1,0,0
12.648963234531177,311439.39,6992177.39,7303616.78,10127792.36,9816352.96,622878.7800000003,622878.7899999991,-311439.3900000006,-311439.3999999985,0.04454111045642244,0,18,1,0,0,0,0,0
11.249995840717007,76878.6,0.0,0.0,102198.15,179076.75,76878.6,0.0,0.0,76878.6,76878.6,0,9,0,1,0,0,0,0
9.198638167488108,9882.66,72428.26,62545.6,0.0,0.0,0.0,9882.66,9882.659999999996,0.0,0.1364456850725798,1,16,0,0,0,1,0,0
12.785646958973164,357054.66,51679.0,0.0,0.0,357054.66,305375.66,0.0,51679.0,357054.66,6.908952399380804,0,17,0,1,0,0,0,0
8.36131101341083,4277.3,0.0,0.0,0.0,0.0,4277.3,4277.3,0.0,0.0,4277.3,1,15,0,0,0,1,0,0
9.617872675296606,15030.04,160.0,0.0,174673.82,189703.86,14870.04,2.9103830456733704e-11,160.0,15030.039999999979,93.35428571428572,0,20,0,1,0,0,0,0
11.306579663178512,81354.17,202981.0,284335.17,275402.05,194047.88,162708.33999999997,162708.33999999997,-81354.16999999998,-81354.16999999998,0.4007949966006838,0,10,1,0,0,0,0,0
12.385077959664782,239204.42,0.0,0.0,3336200.15,3575404.56,239204.42,0.009999999776482582,0.0,239204.41000000015,239204.42,0,17,0,1,0,0,0,0
7.9443042030062,2818.47,102700.04,99881.57,0.0,0.0,1.4551915228366852e-11,2818.47,2818.4699999999866,0.0,0.027443441663297666,1,9,0,0,0,1,0,0
12.484394068482558,264181.14,0.0,0.0,417643.22,681824.36,264181.14,0.0,0.0,264181.14,264181.14,0,18,0,1,0,0,0,0
12.519024432309763,273490.12,0.0,0.0,5944397.98,6217888.11,273490.12,-0.009999999776482582,0.0,273490.1299999999,273490.12,0,16,0,0,0,0,1,0
12.590679253104152,293806.26,5669.0,0.0,981439.15,1275245.41,288137.26,2.3283064365386963e-10,5669.0,293806.2599999999,51.817682539682544,0,20,0,1,0,0,0,0
11.638213688336647,113346.51,10721.0,124067.51,296353.66,183007.15,226693.02,226693.02,-113346.51,-113346.50999999998,10.571396194739787,0,11,1,0,0,0,0,0
10.21592613797563,27334.08,27671.19,337.11,0.0,0.0,3.637978807091713e-12,27334.08,27334.079999999998,0.0,0.9877815958910373,1,22,0,0,0,1,0,0
12.450756998913677,255442.62,6014.0,0.0,0.0,255442.62,249428.62,0.0,6014.0,255442.62,42.46760099750623,0,18,0,1,0,0,0,0
10.915629227066926,55028.75,6276121.57,6331150.33,1264469.89,1209441.14,110057.50999999978,110057.5,-55028.75999999978,-55028.75,0.008767953363919086,0,18,1,0,0,0,0,0
12.218522276272342,202504.49,90278.0,0.0,81287.7,283792.19,112226.48999999999,0.0,90278.0,202504.49,2.2430962903886837,0,17,0,1,0,0,0,0
11.722791823156832,123350.32,114898.0,238248.32,51157.01,1487.84,246700.64,173019.49000000002,-123350.32,-49669.170000000006,1.07355433902819,0,18,1,0,0,0,0,0
14.43406848287987,1856248.26,0.0,0.0,2760479.5,4616727.77,1856248.26,-0.009999999776482582,0.0,1856248.2699999996,1856248.26,0,11,0,0,0,0,1,0
11.059467871961914,63541.73,0.0,0.0,234326.88,297868.61,63541.73,0.0,0.0,63541.72999999998,63541.73,0,15,0,1,0,0,0,0
10.95154750031301,57041.25,221.0,0.0,19963.0,77004.25,56820.25,0.0,221.0,57041.25,256.94256756756755,0,19,0,1,0,0,0,0
11.068927615002254,64145.68,86482.0,22336.32,678861.58,743007.26,0.0,0.0,64145.68,64145.68000000005,0.741714325358741,0,19,0,1,0,0,0,0
9.159422796471137,9502.57,7941.0,0.0,0.0,0.0,1561.5699999999997,9502.57,7941.0,0.0,1.1964958448753462,1,9,0,0,0,1,0,0
11.097136953425974,65980.98,0.0,0.0,97484.84,163465.82,65980.98,0.0,0.0,65980.98000000001,65980.98,0,15,0,1,0,0,0,0
14.06948532883812,1289138.28,22064.0,0.0,733354.24,2022492.51,1267074.28,0.010000000009313226,22064.0,1289138.27,58.424576478586,0,19,0,0,0,0,1,0
12.57561229317132,289412.66,0.0,0.0,1054037.23,1343449.89,289412.66,0.0,0.0,289412.6599999999,289412.66,0,10,0,1,0,0,0,0
10.242536822894527,28071.25,0.0,0.0,9472297.83,9500369.08,28071.25,0.0,0.0,28071.25,28071.25,0,15,0,1,0,0,0,0
8.30742232583407,4052.85,139565.79,135512.94,0.0,0.0,0.0,4052.85,4052.850000000006,0.0,0.02903878494303695,1,21,0,0,0,1,0,0
11.799130046469609,133135.48,194.0,0.0,1131423.54,1264559.02,132941.48,0.0,194.0,133135.47999999998,682.7460512820513,0,17,0,1,0,0,0,0
9.746786957770633,17098.2,40889.0,23790.8,0.0,0.0,0.0,17098.2,17098.2,0.0,0.4181511371973588,1,9,0,0,0,1,0,0
12.598449305708987,296098.05,275815.76,571913.81,904556.66,597794.96,592196.1000000001,602859.75,-296098.05000000005,-306761.70000000007,1.073531753472849,0,18,1,0,0,0,0,0
9.016559001633075,8237.38,366517.1,358279.72,0.0,0.0,0.0,8237.38,8237.380000000005,0.0,0.022474688153190796,1,20,0,0,0,1,0,0
11.622309953578366,111558.12,18963.0,130521.12,6023924.5,5912366.38,223116.24,223116.24000000022,-111558.12,-111558.12000000011,5.882626028264079,0,9,1,0,0,0,0,0
13.965214832882525,1161489.71,457194.64,0.0,1211516.11,2373005.81,704295.07,0.01000000024214387,457194.64,1161489.7,2.540465412137351,0,10,0,0,0,0,1,0
11.924383314016453,150900.61,21470.0,0.0,3817173.33,3968073.94,129430.60999999999,0.0,21470.0,150900.60999999987,7.0281128033161,0,19,0,1,0,0,0,0
9.074188405789078,8726.1,9927.9,1201.8,0.0,0.0,0.0,8726.1,8726.1,0.0,0.8788586852521428,1,13,0,0,0,1,0,0
9.191200365098597,9809.42,339781.39,329971.96,0.0,0.0,-0.010000000009313226,9809.42,9809.429999999993,0.0,0.028869712759392856,1,13,0,0,0,1,0,0
12.267731461794892,212718.88,5053.0,217771.88,0.0,0.0,425437.76,212718.88,-212718.88,0.0,42.08921250494658,1,19,1,0,0,0,0,0
11.097710733365826,66018.85,49999.0,0.0,0.0,0.0,16019.850000000006,66018.85,49999.0,0.0,1.3203770000000001,1,13,0,0,0,1,0,0
8.444487005531666,4648.37,47364.82,42716.45,99200.79,103849.16,0.0,-1.4551915228366852e-11,4648.370000000003,4648.37000000001,0.09813764440265153,0,18,0,1,0,0,0,0
11.963705371822002,156952.58,61802.0,0.0,0.0,156952.58,95150.57999999999,0.0,61802.0,156952.58,2.539562480785722,0,19,0,0,0,0,1,0
8.987289316384112,7999.74,396.0,0.0,0.0,0.0,7603.74,7999.74,396.0,0.0,20.150478589420654,1,21,0,0,0,1,0,0
11.743413578832707,125920.45,10534.0,136454.45,413009.11,454428.6,251840.90000000002,84500.95999999996,-125920.45000000001,41419.48999999999,11.952581869957285,0,17,1,0,0,0,0,0
11.919479713083364,150162.46,0.0,0.0,5759811.27,5909973.73,150162.46,-9.313225746154785e-10,0.0,150162.4600000009,150162.46,0,14,0,1,0,0,0,0
12.778143319783393,354385.47,0.0,0.0,395373.36,749758.84,354385.47,-0.010000000009313226,0.0,354385.48,354385.47,0,11,0,1,0,0,0,0
9.894163720391655,19813.39,262837.0,243023.62,0.0,0.0,0.010000000009313226,19813.39,19813.380000000005,0.0,0.07538251698765018,1,15,0,0,0,1,0,0
7.520402564040783,1844.31,0.0,0.0,0.0,0.0,1844.31,1844.31,0.0,0.0,1844.31,1,18,0,0,0,1,0,0
13.262278229827281,575086.93,79432.0,0.0,2111911.34,2686998.28,495654.93000000005,-0.009999999776482582,79432.0,575086.94,7.2398994120831395,0,19,0,0,0,0,1,0
11.682089168974725,118430.4,230.0,0.0,482210.8,600641.2,118200.4,0.0,230.0,118430.39999999997,512.6857142857143,0,19,0,1,0,0,0,0
12.509042979669365,270773.86,15748.0,0.0,293914.5,564688.36,255025.86,0.0,15748.0,270773.86,17.19308273541177,0,12,0,1,0,0,0,0
12.419763379410888,247646.93,156108.0,0.0,918150.7,1265424.11,91538.93,-99626.48000000021,156108.0,347273.41000000015,1.586371893997143,0,14,0,1,0,0,0,0
11.060910583641562,63633.47,0.0,0.0,159941.04,223574.51,63633.47,0.0,0.0,63633.47,63633.47,0,20,0,1,0,0,0,0
12.045836754973385,170387.56,4994.0,0.0,2399073.46,2569461.02,165393.56,0.0,4994.0,170387.56000000006,34.11162362362362,0,19,0,1,0,0,0,0
10.21238779404959,27237.53,199763.0,172525.47,0.0,0.0,0.0,27237.53,27237.53,0.0,0.13634854127870888,1,17,0,0,0,1,0,0
10.073325681226665,23701.26,152401.0,128699.74,0.0,0.0,0.0,23701.26,23701.259999999995,0.0,0.15551803782102597,1,15,0,0,0,1,0,0
8.3410453380367,4191.47,23261.0,19069.53,0.0,0.0,0.0,4191.47,4191.470000000001,0.0,0.18018528071532974,1,17,0,0,0,1,0,0
8.931595576157253,7566.33,140235.58,132669.25,0.0,0.0,0.0,7566.33,7566.329999999987,0.0,0.05395403966639803,1,23,0,0,0,1,0,0
8.48681851644103,4849.41,240012.02,235162.61,0.0,0.0,0.0,4849.41,4849.4100000000035,0.0,0.02020477889074518,1,18,0,0,0,1,0,0
12.02376376865583,166667.78,2756435.53,2923103.31,478028.2,311360.42,333335.56000000006,333335.56,-166667.78000000026,-166667.78000000003,0.06046494384545107,0,19,1,0,0,0,0,0
7.9726108330742695,2899.42,0.0,0.0,0.0,0.0,2899.42,2899.42,0.0,0.0,2899.42,1,18,0,0,0,1,0,0
11.210537387350964,73904.12,338.0,0.0,33589.83,107493.95,73566.12,0.0,338.0,73904.12,218.00625368731562,0,14,0,1,0,0,0,0
11.765458250752122,128727.17,8952059.19,9080786.36,765545.21,636818.03,257454.33999999985,257454.34999999998,-128727.16999999993,-128727.17999999993,0.014379613995870599,0,12,1,0,0,0,0,0
11.008180151926284,60364.93,100450.0,40085.07,185569.97,245934.9,0.0,0.0,60364.93,60364.92999999999,0.6009390648176723,0,17,0,1,0,0,0,0
9.765047560998804,17413.31,7052958.95,7070372.26,136775.02,119361.71,34826.61999999918,34826.61999999998,-17413.30999999959,-17413.309999999983,0.002468936464044433,0,20,1,0,0,0,0,0
12.66873429452922,317658.17,62873.0,0.0,0.0,317658.17,254785.16999999998,0.0,62873.0,317658.17,5.052297770143461,0,13,0,0,0,0,1,0
12.263870074600838,211899.07,57214.0,269113.07,560949.22,2002419.48,423798.14,-1229571.19,-211899.07,1441470.26,3.703557983046404,0,10,1,0,0,0,0,0
13.10796410366484,492850.95,29692.0,522542.95,33021.94,0.0,985701.9,525872.89,-492850.95,-33021.94,16.59822011922002,0,14,1,0,0,0,0,0
12.653787560349459,312945.51,23934.0,336879.51,192437.18,0.0,625891.02,505382.69,-312945.51,-192437.18,13.0748071861291,0,14,1,0,0,0,0,0
12.848201546514106,380103.52,0.0,0.0,2421083.14,2801186.66,380103.52,0.0,0.0,380103.52,380103.52,0,13,0,1,0,0,0,0
8.535422031939811,5090.98,7203682.25,7208773.23,2150375.03,2145284.05,10181.960000000894,10181.959999999963,-5090.980000000447,-5090.979999999981,0.0007067190246045313,0,20,1,0,0,0,0,0
10.227211372310174,27644.31,663830.5,636186.19,0.0,0.0,0.0,27644.31,27644.310000000056,0.0,0.04164356466964885,1,11,0,0,0,1,0,0
10.07664264200894,23780.01,348.0,0.0,0.0,0.0,23432.01,23780.01,348.0,0.0,68.13756446991404,1,15,0,0,0,1,0,0
14.156969902549879,1406998.39,0.0,0.0,1940116.98,3347115.37,1406998.39,0.0,0.0,1406998.3900000001,1406998.39,0,15,0,0,0,0,1,0
13.264927338282574,576612.42,15568.0,592180.42,293906.27,0.0,1153224.84,870518.6900000001,-576612.42,-293906.27,37.035931659066094,0,11,1,0,0,0,0,0
10.348992909681156,31224.58,0.0,0.0,991188.19,1022412.76,31224.58,0.009999999892897904,0.0,31224.570000000065,31224.58,0,20,0,1,0,0,0,0
10.272845229528643,28935.1,20006.0,0.0,28483.21,57418.31,8929.099999999999,0.0,20006.0,28935.1,1.4462488129154796,0,19,0,1,0,0,0,0
12.019203765314977,165909.5,20902789.93,21068699.43,4555362.35,4389452.85,331819.0,331819.0,-165909.5,-165909.5,0.007937193676940249,0,11,1,0,0,0,0,0
7.566652571342209,1931.66,122917.0,120985.34,2460575.04,2462506.7,0.0,0.0,1931.6600000000035,1931.660000000149,0.015715029531883043,0,11,0,0,1,0,0,0
12.326963735068125,225699.4,3413026.52,3638725.92,2285799.63,2060100.23,451398.7999999998,451398.7999999998,-225699.3999999999,-225699.3999999999,0.06612879582055055,0,1,1,0,0,0,0,0
11.05763545753881,63425.4,24495.0,87920.4,100273.0,0.0,126850.79999999999,163698.4,-63425.399999999994,-100273.0,2.5892145656433705,0,12,1,0,0,0,0,0
10.254977527726346,28422.67,212023.0,183600.33,0.0,0.0,0.0,28422.67,28422.670000000013,0.0,0.1340540221861676,1,13,0,0,0,1,0,0
12.581378398100757,291086.27,4472.0,0.0,0.0,291086.27,286614.27,0.0,4472.0,291086.27,65.07629555108429,0,11,0,1,0,0,0,0
13.97453633801327,1172367.17,0.0,0.0,4662582.92,5834950.09,1172367.17,0.0,0.0,1172367.17,1172367.17,0,10,0,0,0,0,1,0
10.279912720437226,29140.33,10387.0,39527.33,704514.69,675374.36,58280.66,58280.659999999916,-29140.33,-29140.329999999958,2.805191567192915,0,19,1,0,0,0,0,0
11.306442969222422,81343.05,50052.0,131395.05,132359.39,51016.34,162686.09999999998,162686.1,-81343.04999999999,-81343.05000000002,1.625138353345454,0,20,1,0,0,0,0,0
12.040773973773288,169527.1,0.0,0.0,188939.72,358466.82,169527.1,0.0,0.0,169527.1,169527.1,0,18,0,1,0,0,0,0
11.41914750072389,91047.49,18064819.23,18155866.72,1615187.56,2013027.2,182094.97999999672,-306792.1499999999,-91047.48999999836,397839.6399999999,0.005040044065802475,0,16,1,0,0,0,0,0
12.094850539825485,178947.0,103394.36,282341.36,2251457.8,2072510.8,357894.0,357893.99999999977,-178947.0,-178946.99999999977,1.730706290881912,0,17,1,0,0,0,0,0
12.722258756179805,335123.96,12399.75,0.0,3996327.1,4331451.07,322724.21,-0.009999999776482582,12399.75,335123.9700000002,27.02449126060924,0,16,0,1,0,0,0,0
7.527535751046098,1857.52,60679.0,58821.48,0.0,0.0,0.0,1857.52,1857.5199999999968,0.0,0.030611733684904417,1,8,0,0,0,1,0,0
11.556516709575568,104454.53,0.0,0.0,240641.84,345096.38,104454.53,-0.010000000009313226,0.0,104454.54000000001,104454.53,0,10,0,0,0,0,1,0
9.658642722627555,15655.52,0.0,0.0,0.0,0.0,15655.52,15655.52,0.0,0.0,15655.52,1,16,0,0,0,1,0,0
11.169740407699463,70949.69,0.0,0.0,1145472.82,1216422.51,70949.69,0.0,0.0,70949.68999999994,70949.69,0,18,0,1,0,0,0,0
12.952875302078624,422047.41,28518.0,450565.41,30851.0,0.0,844094.82,452898.41,-422047.41,-30851.0,14.798815175847679,0,10,1,0,0,0,0,0
8.34644520176973,4214.17,0.0,0.0,0.0,0.0,4214.17,4214.17,0.0,0.0,4214.17,1,11,0,0,0,1,0,0
8.69977471441605,6000.56,489383.0,483382.44,0.0,0.0,0.0,6000.56,6000.559999999998,0.0,0.012261455217170975,1,15,0,0,0,1,0,0
9.991352814861887,21835.82,875.0,0.0,0.0,0.0,20960.82,21835.82,875.0,0.0,24.92673515981735,1,9,0,0,0,1,0,0
11.316800234323692,82189.93,10137500.1,10219690.02,350997.05,268807.13,164379.84999999963,164379.84999999998,-82189.91999999993,-82189.91999999998,0.008107513793512683,0,10,1,0,0,0,0,0
12.623666666752603,303659.83,0.0,0.0,2829175.93,3132835.76,303659.83,4.656612873077393e-10,0.0,303659.8299999996,303659.83,0,13,0,1,0,0,0,0
10.840824843584654,51062.48,0.0,0.0,0.0,0.0,51062.48,51062.48,0.0,0.0,51062.48,1,14,0,0,0,1,0,0
12.040491679839715,169479.25,0.0,0.0,1184183.65,1353662.9,169479.25,0.0,0.0,169479.25,169479.25,0,16,0,1,0,0,0,0
5.945813201688893,381.15,0.0,0.0,0.0,0.0,381.15,381.15,0.0,0.0,381.15,1,13,0,0,0,1,0,0
12.472711453413517,261112.76,5472.76,266585.52,2093511.85,1832399.09,522225.52,522225.52000000025,-261112.76,-261112.76,47.70263219432346,0,9,1,0,0,0,0,0
12.26255382454282,211620.34,13228324.12,13439944.46,369465.51,157845.17,423240.68000000156,423240.67999999993,-211620.3400000017,-211620.34,0.015997515791326425,0,13,1,0,0,0,0,0
11.145797217994739,69271.08,436313.28,367042.2,534755.1,604026.18,0.0,-1.1641532182693481e-10,69271.08000000002,69271.08000000007,0.1587641825520815,0,21,0,1,0,0,0,0
9.664094566354262,15741.11,269493.95,253752.83,0.0,0.0,-0.010000000009313226,15741.11,15741.120000000024,0.0,0.05840966593251562,1,16,0,0,0,1,0,0
11.932903022877804,152191.74,275.0,152466.74,0.0,324008.42,304383.48,-171816.68,-152191.74,324008.42,551.4193478260869,0,16,1,0,0,0,0,0
11.806394311700242,134106.14,50678.0,184784.14,0.0,0.0,268212.28,134106.14,-134106.14,0.0,2.6461875727618938,1,14,1,0,0,0,0,0
9.351422312335767,11514.19,84365.29,72851.1,0.0,0.0,1.4551915228366852e-11,11514.19,11514.189999999988,0.0,0.13647856270555456,1,20,0,0,0,1,0,0
11.648488604698054,114517.15,20278.0,0.0,40940.0,141994.78,94239.15,13462.369999999995,20278.0,101054.78,5.647080723901572,0,16,0,0,0,0,1,0
11.70229222923912,120847.41,9167.0,0.0,0.0,120847.41,111680.41,0.0,9167.0,120847.41,13.181436518324608,0,19,0,1,0,0,0,0
12.892568454681468,397347.28,256699.0,0.0,0.0,397347.28,140648.28000000003,0.0,256699.0,397347.28,1.5479052590572655,0,11,0,0,0,0,1,0
10.303479376179244,29835.25,0.0,0.0,2197479.85,2227315.09,29835.25,0.01000000024214387,0.0,29835.239999999758,29835.25,0,13,0,1,0,0,0,0
12.543809796096038,280353.4,30625.0,0.0,1389528.35,1669881.75,249728.40000000002,0.0,30625.0,280353.3999999999,9.154097825377132,0,17,0,1,0,0,0,0
9.526518789257581,13717.75,616817.83,603100.08,0.0,0.0,0.0,13717.75,13717.75,0.0,0.022239512370269242,1,11,0,0,0,1,0,0
10.408521939414454,33139.85,115382.0,82242.15,0.0,0.0,0.0,33139.85,33139.850000000006,0.0,0.28721605435809433,1,16,0,0,0,1,0,0
12.05844099557829,172548.77,0.0,0.0,3369755.85,3542304.62,172548.77,0.0,0.0,172548.77000000002,172548.77,0,19,0,1,0,0,0,0
12.511418220746474,271417.78,5804081.12,6075498.9,1298395.24,1026977.47,542835.5600000005,542835.55,-271417.78000000026,-271417.77,0.04676325634069423,0,13,1,0,0,0,0,0
10.243720921508858,28104.51,5057054.55,5085159.06,705280.97,677176.47,56209.01999999955,56209.01000000001,-28104.509999999776,-28104.5,0.005557484928161408,0,17,1,0,0,0,0,0
11.205838190238483,73557.64,28312.0,0.0,0.0,73557.64,45245.64,0.0,28312.0,73557.64,2.5980164588704837,0,11,0,1,0,0,0,0
6.0622724371184935,428.35,70043.27,69614.92,0.0,0.0,0.0,428.35,428.3500000000058,0.0,0.006115418149121977,1,19,0,0,0,1,0,0
12.122325589388645,183931.77,0.0,0.0,201055.26,384987.03,183931.77,0.0,0.0,183931.77000000002,183931.77,0,12,0,1,0,0,0,0
14.392442747842487,1780566.6,0.0,0.0,3323996.58,5276015.94,1780566.6,-171452.7600000007,0.0,1952019.3600000003,1780566.6,0,15,0,0,0,0,1,0
12.004649672733926,163512.31,103618.0,0.0,2526200.56,2689712.87,59894.31,0.0,103618.0,163512.31000000006,1.5780147463303063,0,17,0,1,0,0,0,0
8.646781821557989,5690.8,9974.0,4283.2,0.0,0.0,0.0,5690.8,5690.8,0.0,0.5705062656641604,1,20,0,0,0,1,0,0
11.602129494672324,109329.37,22130.0,0.0,179235.12,288564.48,87199.37,0.010000000009313226,22130.0,109329.35999999999,4.94010076363472,0,19,0,1,0,0,0,0
13.356193416264638,631713.87,0.0,0.0,1330794.18,1962508.05,631713.87,-2.3283064365386963e-10,0.0,631713.8700000001,631713.87,0,19,0,0,0,0,1,0
9.147043746034111,9385.65,0.0,0.0,954533.67,963919.32,9385.65,1.1641532182693481e-10,0.0,9385.649999999907,9385.65,0,14,0,1,0,0,0,0
9.458609612821114,12817.05,0.0,0.0,0.0,0.0,12817.05,12817.05,0.0,0.0,12817.05,1,12,0,0,0,1,0,0
11.426205572767508,91692.39,13061990.58,13153682.98,295429.66,203737.26,183384.79000000097,183384.78999999998,-91692.40000000037,-91692.39999999997,0.007019786334910499,0,19,1,0,0,0,0,0
10.320809094520405,30356.81,0.0,0.0,0.0,0.0,30356.81,30356.81,0.0,0.0,30356.81,1,9,0,0,0,1,0,0
11.268659651024013,78326.94,21529.0,0.0,0.0,78326.94,56797.94,0.0,21529.0,78326.94,3.6380371574547143,0,19,0,1,0,0,0,0
13.618275867115917,820996.93,349959.01,0.0,6013280.02,6834276.95,471037.92000000004,-9.313225746154785e-10,349959.01,820996.9300000006,2.3459735585217296,0,15,0,0,0,0,1,0
10.302200918846674,29797.13,21561.0,0.0,0.0,0.0,8236.130000000001,29797.13,21561.0,0.0,1.3819279287635655,1,14,0,0,0,1,0,0
8.937602082910004,7611.92,6914.64,0.0,0.0,0.0,697.2799999999997,7611.92,6914.64,0.0,1.100681932547096,1,18,0,0,0,1,0,0
8.893821143500245,7285.81,105113.0,97827.19,0.0,0.0,0.0,7285.81,7285.809999999998,0.0,0.06931341210495272,1,9,0,0,0,1,0,0
12.385207421594721,239235.39,30067.0,269302.39,480482.78,241247.39,478470.78,478470.78,-239235.39,-239235.39,7.956478315817481,0,17,1,0,0,0,0,0
9.880740284036362,19549.19,103652.0,84102.81,0.0,0.0,0.0,19549.19,19549.190000000002,0.0,0.1886022594618583,1,18,0,0,0,1,0,0
9.043488539585919,8462.25,0.0,0.0,0.0,0.0,8462.25,8462.25,0.0,0.0,8462.25,1,10,0,0,0,1,0,0
13.04816297020939,464241.8,34140.0,0.0,347588.38,811830.17,430101.8,0.009999999892897904,34140.0,464241.79000000004,13.597779795553732,0,14,0,0,0,0,1,0
12.67273256580653,318930.8,0.0,0.0,533982.25,852913.05,318930.8,0.0,0.0,318930.80000000005,318930.8,0,20,0,1,0,0,0,0
10.419296240191192,33498.85,23904107.1,23937605.95,50492.0,0.0,66997.69999999925,83990.85,-33498.849999997765,-50492.0,0.0014013846431693469,0,14,1,0,0,0,0,0
11.915860575331426,149619.98,1246.0,150865.98,408097.71,258477.73,299239.96,299239.9600000001,-149619.98,-149619.98,119.98394546912591,0,19,1,0,0,0,0,0
11.847787119585979,139773.7,21209.0,160982.7,51128.84,0.0,279547.4,190902.54,-139773.7,-51128.84,6.589990570485621,0,20,1,0,0,0,0,0
9.565216499013442,14259.04,190098.45,175839.4,0.0,0.0,-0.010000000009313226,14259.04,14259.050000000017,0.0,0.07500831801459709,1,12,0,0,0,1,0,0
11.231984486867248,75506.29,26038.0,101544.29,325991.05,250484.76,151012.58,151012.57999999996,-75506.29,-75506.28999999998,2.8997384692192476,0,20,1,0,0,0,0,0
11.461710588560539,95006.45,281.0,0.0,1761668.96,1856675.41,94725.45,0.0,281.0,95006.44999999995,336.902304964539,0,16,0,1,0,0,0,0
10.794661071690033,48758.78,0.0,0.0,399228.72,447987.5,48758.78,0.0,0.0,48758.78000000003,48758.78,0,11,0,1,0,0,0,0
10.672021619233416,43131.05,1348323.23,1391454.28,293384.23,250253.18,86262.1000000001,86262.09999999998,-43131.05000000005,-43131.04999999999,0.03198863377245694,0,10,1,0,0,0,0,0
10.579429315129934,39316.67,3494434.01,3533750.68,4295706.31,4256389.64,78633.34000000032,78633.33999999985,-39316.67000000039,-39316.669999999925,0.01125122369924974,0,10,1,0,0,0,0,0
12.206825462092665,200149.62,3773365.41,3973515.03,804902.99,604753.37,400299.23999999976,400299.24,-200149.61999999965,-200149.62,0.05304272054512723,0,17,1,0,0,0,0,0
10.179299831895188,26351.01,14655.0,0.0,0.0,0.0,11696.009999999998,26351.01,14655.0,0.0,1.7979673853711788,1,14,0,0,0,1,0,0
4.28496492183075,71.6,0.0,0.0,0.0,0.0,71.6,71.6,0.0,0.0,71.6,1,15,0,0,0,1,0,0
11.657410756487193,115543.47,0.0,0.0,842268.45,957811.93,115543.47,-0.010000000125728548,0.0,115543.4800000001,115543.47,0,17,0,1,0,0,0,0
15.516257523633527,5478036.77,10907.0,0.0,39507.52,5517544.29,5467129.77,-9.313225746154785e-10,10907.0,5478036.7700000005,502.2035909424275,0,15,0,0,0,0,1,0
11.646310509386375,114267.99,0.0,0.0,551075.95,665343.93,114267.99,0.009999999892897904,0.0,114267.9800000001,114267.99,0,18,0,1,0,0,0,0
13.0126093800803,448026.27,4203714.91,4651741.18,526594.31,78568.04,896052.5399999991,896052.54,-448026.26999999955,-448026.2700000001,0.10657862700336475,0,11,1,0,0,0,0,0
12.750998491235602,344895.1,7427599.42,7772494.52,1390424.1,1045529.0,689790.1999999993,689790.2000000002,-344895.0999999996,-344895.1000000001,0.04643425608508972,0,19,1,0,0,0,0,0
13.546202157697921,763906.63,59908.0,0.0,0.0,763906.63,703998.63,0.0,59908.0,763906.63,12.751116359812382,0,10,0,0,0,0,1,0
12.97521510009734,431581.99,0.0,0.0,1273798.84,1705380.83,431581.99,0.0,0.0,431581.99,431581.99,0,19,0,1,0,0,0,0
12.76547924015763,349925.79,0.0,0.0,472723.84,822649.64,349925.79,-0.010000000009313226,0.0,349925.8,349925.79,0,23,0,1,0,0,0,0
8.935365223520751,7594.91,106108.0,98513.09,0.0,0.0,0.0,7594.91,7594.9100000000035,0.0,0.07157649209774854,1,22,0,0,0,1,0,0
9.881822552099177,19570.36,11621.0,0.0,0.0,0.0,7949.360000000001,19570.36,11621.0,0.0,1.6839063844432973,1,12,0,0,0,1,0,0
11.273600065918934,78714.87,0.0,0.0,940635.52,1019350.39,78714.87,0.0,0.0,78714.87,78714.87,0,19,0,1,0,0,0,0
10.619540384167657,40925.8,34424.0,0.0,0.0,0.0,6501.800000000003,40925.8,34424.0,0.0,1.1888395061728396,1,12,0,0,0,1,0,0
8.386378106285942,4385.9,40879.0,36493.1,0.0,0.0,0.0,4385.9,4385.9000000000015,0.0,0.1072871819960861,1,15,0,0,0,1,0,0
11.619439644901442,111238.37,10735.0,0.0,142200.13,109178.33,100503.37,144260.16999999998,10735.0,-33021.8,10.361249068554397,0,10,0,1,0,0,0,0
11.986905614867359,160636.51,12446.0,173082.51,284736.82,124100.32,321273.02,321273.01,-160636.51,-160636.5,12.905640716638548,0,18,1,0,0,0,0,0
11.515972318593981,100304.15,443955.11,544259.26,2878764.89,2778460.74,200608.30000000005,200608.2999999998,-100304.15000000002,-100304.1499999999,0.2259325814887422,0,14,1,0,0,0,0,0
13.913804355079758,1103285.88,0.0,0.0,10675456.49,11778742.36,1103285.88,0.010000001639127731,0.0,1103285.8699999992,1103285.88,0,20,0,0,0,0,1,0
11.957245963099048,155942.02,24576.0,0.0,772035.99,927978.01,131366.02,0.0,24576.0,155942.02000000002,6.3450388574683645,0,19,0,1,0,0,0,0
12.516652513534348,272842.19,4180702.41,4453544.59,2174958.63,1902116.44,545684.3700000001,545684.3799999999,-272842.1799999997,-272842.18999999994,0.06526226886781236,0,12,1,0,0,0,0,0
10.546239456422521,38033.14,0.0,0.0,0.0,0.0,38033.14,38033.14,0.0,0.0,38033.14,1,13,0,0,0,1,0,0
11.706273753288253,121329.53,0.0,0.0,357802.56,465595.13,121329.53,13536.959999999963,0.0,107792.57,121329.53,0,11,0,1,0,0,0,0
8.415164895520123,4514.02,314108.6,309594.58,0.0,0.0,5.820766091346741e-11,4514.02,4514.01999999996,0.0,0.014370843807384431,1,9,0,0,0,1,0,0
12.961314190834491,425624.1,394911.83,0.0,2157387.1,2583011.2,30712.26999999996,0.0,394911.83,425624.1000000001,1.0777672125770135,0,10,0,1,0,0,0,0
11.1484709096041,69456.54,0.0,0.0,587998.99,657455.54,69456.54,-0.010000000009313226,0.0,69456.55000000005,69456.54,0,18,0,1,0,0,0,0
12.7162943269597,333131.08,0.0,0.0,1539981.82,1873112.89,333131.08,0.01000000024214387,0.0,333131.06999999983,333131.08,0,19,0,1,0,0,0,0
12.193398263817118,197480.12,4967663.64,5165143.76,731700.12,534220.0,394960.2400000002,394960.24,-197480.1200000001,-197480.12,0.03975311022605584,0,11,1,0,0,0,0,0
12.249263113002664,208826.35,167481.0,0.0,1369415.54,1578241.89,41345.350000000006,2.3283064365386963e-10,167481.0,208826.34999999986,1.2468584683727206,0,16,0,1,0,0,0,0
11.525820663362207,101296.87,185.0,0.0,246408.74,347705.61,101111.87,0.0,185.0,101296.87,544.6068279569893,0,12,0,1,0,0,0,0
9.28784941108214,10804.92,0.0,0.0,0.0,0.0,10804.92,10804.92,0.0,0.0,10804.92,1,10,0,0,0,1,0,0
12.95661254858876,423627.66,5973.0,0.0,0.0,423627.66,417654.66,0.0,5973.0,423627.66,70.91189487780382,0,9,0,1,0,0,0,0
9.090699486585246,8871.39,119206.55,110335.16,0.0,0.0,0.0,8871.39,8871.39,0.0,0.0744196990878514,1,15,0,0,0,1,0,0
12.793455478903317,359853.65,6270625.63,6630479.27,2086894.48,1727040.84,719707.29,719707.2899999998,-359853.63999999966,-359853.6399999999,0.057387191302123504,0,17,1,0,0,0,0,0
12.184822195644504,195793.75,15243.0,211036.75,103745.0,0.0,391587.5,299538.75,-195793.75,-103745.0,12.84398779847809,0,12,1,0,0,0,0,0
11.235047970175877,75737.96,0.0,0.0,237328.92,313066.88,75737.96,0.0,0.0,75737.95999999999,75737.96,0,17,0,1,0,0,0,0
12.62708883958733,304700.79,4110006.91,4414707.7,952986.41,648285.62,609401.5800000001,609401.58,-304700.79000000004,-304700.79000000004,0.07413630257465854,0,20,1,0,0,0,0,0
11.85780511716163,141181.0,10456.0,151637.0,273689.65,132508.66,282362.0,282361.99,-141181.0,-141180.99000000002,13.50109974179975,0,18,1,0,0,0,0,0
8.428744418231124,4575.75,21008.0,16432.25,0.0,0.0,0.0,4575.75,4575.75,0.0,0.21779951449378837,1,10,0,0,0,1,0,0
9.308326060322447,11028.47,5196.0,0.0,0.0,0.0,5832.469999999999,11028.47,5196.0,0.0,2.1220838945545504,1,16,0,0,0,1,0,0
12.475029744807928,261718.8,9577411.35,9839130.15,2722990.47,2461271.67,523437.6000000015,523437.6000000001,-261718.80000000075,-261718.80000000028,0.027326671384259652,0,10,1,0,0,0,0,0
10.217923039495854,27388.72,10342.0,0.0,33742.26,61130.97,17046.72,0.010000000002037268,10342.0,27388.71,2.648044087788843,0,19,0,1,0,0,0,0
14.06586953883953,1284485.44,12023.0,0.0,118718.05,1403203.48,1272462.44,0.010000000009313226,12023.0,1284485.43,106.8267997338656,0,9,0,0,0,0,1,0
12.502784451948486,269084.5,0.0,0.0,951642.68,1220727.19,269084.5,-0.009999999776482582,0.0,269084.5099999999,269084.5,0,11,0,1,0,0,0,0
12.404000373403083,243773.86,0.0,0.0,481135.89,724909.76,243773.86,-0.010000000009313226,0.0,243773.87,243773.86,0,18,0,1,0,0,0,0
12.613563700022357,300607.4,0.0,0.0,1163607.39,1464214.79,300607.4,0.0,0.0,300607.40000000014,300607.4,0,16,0,1,0,0,0,0
13.115529600248621,496593.76,30795.0,0.0,253305.36,749899.11,465798.76,0.010000000009313226,30795.0,496593.75,16.125268216651513,0,19,0,0,0,0,1,0
12.27824445882314,214967.0,0.0,0.0,8092896.7,8307863.7,214967.0,0.0,0.0,214967.0,214967.0,0,20,0,1,0,0,0,0
12.550476521938345,282228.69,0.0,0.0,475599.06,757827.75,282228.69,0.0,0.0,282228.69,282228.69,0,10,0,1,0,0,0,0
7.727817009064299,2269.64,25167.0,22897.36,0.0,0.0,0.0,2269.64,2269.6399999999994,0.0,0.09017959313413858,1,12,0,0,0,1,0,0
9.162071971664313,9527.78,0.0,0.0,0.0,0.0,9527.78,9527.78,0.0,0.0,9527.78,1,14,0,0,0,1,0,0
12.226772419289698,204182.1,22732.0,0.0,0.0,204182.1,181450.1,0.0,22732.0,204182.1,8.981748999252188,0,21,0,1,0,0,0,0
8.762392516060126,6388.38,0.0,0.0,0.0,0.0,6388.38,6388.38,0.0,0.0,6388.38,1,16,0,0,0,1,0,0
12.022052627166634,166382.83,11846.0,0.0,19289.87,185672.7,154536.83,-2.9103830456733704e-11,11846.0,166382.83000000002,14.044300666835484,0,14,0,0,0,0,1,0
12.10995825243301,181671.02,5175.0,186846.02,0.0,0.0,363342.04,181671.02,-181671.02,0.0,35.098728748068005,1,16,1,0,0,0,0,0
12.358554605246738,232943.29,0.0,0.0,1675488.78,1908432.07,232943.29,0.0,0.0,232943.29000000004,232943.29,0,12,0,1,0,0,0,0
9.92401295778107,20413.75,59439.0,39025.25,0.0,0.0,0.0,20413.75,20413.75,0.0,0.34343455585464333,1,13,0,0,0,1,0,0
6.806718734804365,902.9,321564.92,320662.01,0.0,0.0,-0.009999999951105565,902.9,902.9099999999744,0.0,0.00280782242098292,1,14,0,0,0,1,0,0
12.285819894175374,216601.66,0.0,0.0,2000762.78,2217364.44,216601.66,0.0,0.0,216601.65999999992,216601.66,0,11,0,1,0,0,0,0
12.490064304274284,265683.37,21323.0,0.0,111746.79,377430.17,244360.37,-0.010000000009313226,21323.0,265683.38,12.459358938285499,0,11,0,1,0,0,0,0
10.97619981248029,58464.95,0.0,0.0,1423053.13,1481518.08,58464.95,-2.3283064365386963e-10,0.0,58464.950000000186,58464.95,0,9,0,1,0,0,0,0
11.749536718285006,126693.85,0.0,0.0,405592.48,532286.33,126693.85,0.0,0.0,126693.84999999998,126693.85,0,20,0,0,0,0,1,0
11.22077355097765,74664.51,1545869.67,1620534.18,1599687.52,1525023.01,149329.02000000002,149329.02000000002,-74664.51000000001,-74664.51000000001,0.04829932506578962,0,10,1,0,0,0,0,0
11.629965469091482,112415.44,1947431.81,2059847.25,122447.6,10032.16,224830.8799999999,224830.88,-112415.43999999994,-112415.44,0.05772493891586432,0,12,1,0,0,0,0,0
11.828162537275325,137057.42,5185209.62,5322267.04,2475988.57,2338931.15,274114.83999999985,274114.83999999985,-137057.41999999993,-137057.41999999993,0.026432372770230885,0,16,1,0,0,0,0,0
11.981499385168881,159770.41,243.0,0.0,8641125.38,8800895.78,159527.41,0.010000001639127731,243.0,159770.3999999985,654.796762295082,0,17,0,1,0,0,0,0
12.566991680559802,286928.46,0.0,0.0,728867.73,1015796.2,286928.46,-0.010000000009313226,0.0,286928.47,286928.46,0,14,0,1,0,0,0,0
12.15187471571791,189447.92,21301.0,0.0,159340.07,348787.98,168146.92,0.010000000009313226,21301.0,189447.90999999997,8.893433480424374,0,23,0,1,0,0,0,0
12.075080027488502,175443.85,3156649.13,3332092.98,2918681.63,3420103.09,350887.7000000002,-325977.60999999987,-175443.8500000001,501421.45999999996,0.0555791243168276,0,1,1,0,0,0,0,0
9.786262486185915,17786.7,168081.32,150294.62,0.0,0.0,0.0,17786.7,17786.70000000001,0.0,0.10582136181842326,1,18,0,0,0,1,0,0
6.063738695978002,428.98,0.0,0.0,0.0,0.0,428.98,428.98,0.0,0.0,428.98,1,15,0,0,0,1,0,0
9.496231842256321,13308.48,302643.89,289335.4,0.0,0.0,-0.010000000009313226,13308.48,13308.48999999999,0.0,0.04397391279264619,1,18,0,0,0,1,0,0
12.127616495275214,184907.52,2000.0,0.0,0.0,184907.52,182907.52,0.0,2000.0,184907.52,92.40755622188905,0,18,0,1,0,0,0,0
9.721084592429014,16664.31,813.0,0.0,0.0,0.0,15851.310000000001,16664.31,813.0,0.0,20.47212530712531,1,20,0,0,0,1,0,0
11.546071030960727,103369.1,3579.0,106948.1,0.0,0.0,206738.2,103369.1,-103369.1,0.0,28.874050279329612,1,15,1,0,0,0,0,0
12.451184360027186,255551.81,1004914.61,1260466.42,811838.19,556286.38,511103.62,511103.62,-255551.80999999994,-255551.80999999994,0.25430176171708585,0,22,1,0,0,0,0,0
12.661810310583967,315466.3,12543.0,0.0,707100.68,1022566.98,302923.3,0.0,12543.0,315466.29999999993,25.148780293367345,0,17,0,1,0,0,0,0
10.899669103626275,54157.44,22614.02,0.0,153957.22,208114.65,31543.420000000002,0.010000000009313226,22614.02,54157.42999999999,2.39475534401473,0,18,0,1,0,0,0,0
9.783052879394367,17729.7,21340.0,3610.3,0.0,0.0,0.0,17729.7,17729.7,0.0,0.8307811255330116,1,22,0,0,0,1,0,0
9.716417941551757,16586.72,948839.0,932252.28,0.0,0.0,0.0,16586.72,16586.719999999972,0.0,0.017481050545929768,1,20,0,0,0,1,0,0
12.615190906077336,301096.95,0.0,0.0,2275873.85,2776380.43,301096.95,-199409.6299999999,0.0,500506.5800000001,301096.95,0,16,0,1,0,0,0,0
7.920882298293026,2753.2,12940.0,10186.8,0.0,0.0,0.0,2753.2,2753.2000000000007,0.0,0.21275017386600725,1,16,0,0,0,1,0,0
11.680386905114421,118228.97,2809.47,0.0,1228113.91,1346342.88,115419.5,0.0,2809.47,118228.96999999997,42.06733037534647,0,16,0,0,0,0,1,0
7.938709519176252,2802.74,183.0,0.0,0.0,0.0,2619.74,2802.74,183.0,0.0,15.232282608695652,1,19,0,0,0,1,0,0
13.042155314393685,461461.15,136.0,0.0,2052127.28,2513588.43,461325.15,0.0,136.0,461461.15000000014,3368.3295620437957,0,16,0,0,0,0,1,0
10.170575642152516,26122.11,25840.0,0.0,0.0,0.0,282.1100000000006,26122.11,25840.0,0.0,1.0108784489764329,1,15,0,0,0,1,0,0
12.253406845536091,209693.47,15801.0,0.0,471881.56,681575.03,193892.47,0.0,15801.0,209693.47000000003,13.270058853309708,0,20,0,1,0,0,0,0
12.298499718628237,219365.63,123126.0,342491.63,8574.81,0.0,438731.26,227940.44,-219365.63,-8574.81,1.7816208467679713,0,20,1,0,0,0,0,0
7.458607060674432,1733.73,27.0,0.0,0.0,0.0,1706.73,1733.73,27.0,0.0,61.91892857142857,1,16,0,0,0,1,0,0
10.376550559609342,32097.05,1830.0,0.0,0.0,0.0,30267.05,32097.05,1830.0,0.0,17.5297924631349,1,20,0,0,0,1,0,0
9.442034463011735,12606.34,24091.0,11484.66,0.0,0.0,0.0,12606.34,12606.34,0.0,0.5232583430184293,1,15,0,0,0,1,0,0
13.42322208543802,675508.22,55908.0,0.0,1807577.22,2483085.44,619600.22,0.0,55908.0,675508.22,12.082280491512995,0,14,0,0,0,0,1,0
12.23304095942989,205466.05,2821844.87,3027310.92,710220.75,504754.7,410932.0999999996,410932.10000000003,-205466.0499999998,-205466.05,0.072812640897357,0,20,1,0,0,0,0,0
10.353872806260283,31377.33,0.0,0.0,0.0,0.0,31377.33,31377.33,0.0,0.0,31377.33,1,12,0,0,0,1,0,0
12.536814135603318,278398.98,149990.0,428388.98,0.0,0.0,556797.96,278398.98,-278398.98,0.0,1.8561045662739764,1,18,1,0,0,0,0,0
13.387159958313472,651581.93,408822.06,0.0,7328807.36,7980389.3,242759.87000000005,-0.009999999776482582,408822.06,651581.9399999995,1.5937993566214197,0,12,0,0,0,0,1,0
9.797897010424245,17994.86,13351.0,0.0,0.0,0.0,4643.860000000001,17994.86,13351.0,0.0,1.3477276812462553,1,20,0,0,0,1,0,0
9.867534415038083,19292.71,11152.0,0.0,0.0,0.0,8140.709999999999,19292.71,11152.0,0.0,1.7298224692907738,1,21,0,0,0,1,0,0
9.279449370053515,10714.53,204737.88,194023.35,0.0,0.0,0.0,10714.53,10714.529999999999,0.0,0.05233265904355831,1,20,0,0,0,1,0,0
10.16736682264895,26038.42,15252.0,0.0,80760.95,106799.37,10786.419999999998,0.0,15252.0,26038.42,1.7071015537926963,0,12,0,1,0,0,0,0
9.237249063833392,10271.74,51282.0,41010.26,0.0,0.0,0.0,10271.74,10271.739999999998,0.0,0.20029522453834603,1,15,0,0,0,1,0,0
12.212254697210387,201239.24,32661.0,233900.24,54979.75,0.0,402478.48,256218.99,-201239.24,-54979.75,6.16126507868471,0,11,1,0,0,0,0,0
12.00782510075453,164032.36,70351.0,0.0,0.0,164032.36,93681.35999999999,0.0,70351.0,164032.36,2.3315948373891286,0,12,0,0,0,0,1,0
11.153812408391776,69828.54,0.0,0.0,470592.9,540421.44,69828.54,1.1641532182693481e-10,0.0,69828.53999999992,69828.54,0,23,0,1,0,0,0,0
8.306044908347724,4047.27,0.0,0.0,0.0,0.0,4047.27,4047.27,0.0,0.0,4047.27,1,14,0,0,0,1,0,0
10.151983011253236,25640.9,0.0,0.0,0.0,0.0,25640.9,25640.9,0.0,0.0,25640.9,1,14,0,0,0,1,0,0
9.319224372862855,11149.33,65575.0,54425.67,0.0,0.0,0.0,11149.33,11149.330000000002,0.0,0.17002150176893985,1,19,0,0,0,1,0,0
11.803057458912068,133659.39,0.0,0.0,2108339.87,2241999.26,133659.39,4.656612873077393e-10,0.0,133659.38999999966,133659.39,0,20,0,1,0,0,0,0
8.623256260225794,5558.46,153128.07,147569.61,0.0,0.0,-2.9103830456733704e-11,5558.46,5558.460000000021,0.0,0.036299182121330716,1,10,0,0,0,1,0,0
10.849294173109696,51496.79,9994.0,61490.79,1434549.46,1383052.68,102993.58,102993.57000000007,-51496.79,-51496.78000000003,5.152255127563782,0,18,1,0,0,0,0,0
11.230119750402713,75365.62,1454566.42,1529932.04,157685.11,82319.5,150731.24000000022,150731.22999999998,-75365.62000000011,-75365.60999999999,0.0518130813077059,0,20,1,0,0,0,0,0
12.573683884594564,288855.09,43689.0,0.0,0.0,288855.09,245166.09000000003,0.0,43689.0,288855.09,6.611469214923324,0,11,0,1,0,0,0,0
11.230292358345297,75378.63,0.0,0.0,167363.54,242742.18,75378.63,-0.009999999980209395,0.0,75378.63999999998,75378.63,0,22,0,1,0,0,0,0
7.65259792304879,2105.11,5016.0,2910.89,0.0,0.0,0.0,2105.11,2105.11,0.0,0.41959537572254335,1,18,0,0,0,1,0,0
11.000126228244133,59880.7,68428.59,128309.28,173717.67,0.0,119761.38999999998,233598.37,-59880.69,-173717.67,0.8750702729623252,0,14,1,0,0,0,0,0
10.225940910835153,27609.21,0.0,0.0,0.0,0.0,27609.21,27609.21,0.0,0.0,27609.21,1,10,0,0,0,1,0,0
9.122131915135922,9154.7,0.0,0.0,0.0,0.0,9154.7,9154.7,0.0,0.0,9154.7,1,18,0,0,0,1,0,0
9.555381504803716,14119.48,0.0,0.0,0.0,0.0,14119.48,14119.48,0.0,0.0,14119.48,1,17,0,0,0,1,0,0
12.269448162515515,213084.37,35933.0,0.0,0.0,30885.05,177151.37,182199.32,35933.0,30885.05,5.929881727611733,0,11,0,1,0,0,0,0
7.907831858080037,2717.49,0.0,0.0,0.0,0.0,2717.49,2717.49,0.0,0.0,2717.49,1,12,0,0,0,1,0,0
12.532676528295156,277249.45,4065.0,0.0,0.0,277249.45,273184.45,0.0,4065.0,277249.45,68.18727250368913,0,13,0,1,0,0,0,0
10.386724175726801,32425.27,2405518.76,2437944.03,61329.91,28904.65,64850.54000000004,64850.530000000006,-32425.27000000002,-32425.260000000002,0.013479527601136814,0,13,1,0,0,0,0,0
13.117298995041107,497473.21,0.0,0.0,1088578.06,1586051.27,497473.21,0.0,0.0,497473.20999999996,497473.21,0,14,0,0,0,0,1,0
12.490817207720198,265883.48,145.0,266028.48,84549.87,0.0,531766.96,350433.35,-265883.48,-84549.87,1821.119726027397,0,12,1,0,0,0,0,0
9.573224995882562,14373.7,1037.0,0.0,0.0,0.0,13336.7,14373.7,1037.0,0.0,13.847495183044316,1,10,0,0,0,1,0,0
10.528776842274821,37374.73,5226138.92,5263513.65,424093.81,386719.09,74749.4600000009,74749.44999999995,-37374.73000000045,-37374.71999999997,0.007151498155832002,0,12,1,0,0,0,0,0
10.904231375107676,54405.09,0.0,0.0,108285.45,162690.53,54405.09,0.009999999980209395,0.0,54405.08,54405.09,0,18,0,1,0,0,0,0
11.9245211426759,150921.41,821677.97,972599.37,169246.89,18325.48,301842.81000000006,301842.82000000007,-150921.40000000002,-150921.41,0.18367442214080276,0,10,1,0,0,0,0,0
12.766101862277841,350143.73,9480965.75,9831109.49,403538.23,53394.5,700287.4700000007,700287.46,-350143.7400000002,-350143.73,0.03693122644903274,0,16,1,0,0,0,0,0
9.728403541407781,16786.73,0.0,0.0,0.0,0.0,16786.73,16786.73,0.0,0.0,16786.73,1,20,0,0,0,1,0,0
12.647627062649004,311023.53,0.0,0.0,609577.58,920601.11,311023.53,0.0,0.0,311023.53,311023.53,0,10,0,1,0,0,0,0
10.85380553485221,51729.64,20236.0,0.0,0.0,51729.64,31493.64,0.0,20236.0,51729.64,2.5561911350496613,0,16,0,0,0,0,1,0
12.748915086976035,344177.29,0.0,0.0,694733.77,1038911.06,344177.29,0.0,0.0,344177.29000000004,344177.29,0,9,0,1,0,0,0,0
12.920706451332162,408686.65,10538.0,0.0,0.0,408686.65,398148.65,0.0,10538.0,408686.65,38.77850365309802,0,13,0,1,0,0,0,0
9.960229824245394,21166.66,254968.08,233801.42,0.0,0.0,2.9103830456733704e-11,21166.66,21166.659999999974,0.0,0.08301657597070201,1,19,0,0,0,1,0,0
8.298736141280097,4017.79,148039.4,144021.61,0.0,0.0,0.0,4017.79,4017.790000000008,0.0,0.02713982129202569,1,19,0,0,0,1,0,0
12.42602121833186,249201.53,375074.0,125872.47,14713582.32,14962783.85,0.0,0.0,249201.53,249201.52999999933,0.6644045324268479,0,17,0,1,0,0,0,0
8.89583645506118,7300.51,122243.0,114942.49,0.0,0.0,0.0,7300.51,7300.509999999995,0.0,0.05972080429305324,1,7,0,0,0,1,0,0
13.089565023878285,483865.84,0.0,0.0,2190818.08,2674683.92,483865.84,0.0,0.0,483865.83999999985,483865.84,0,20,0,1,0,0,0,0
10.101723878232237,24384.01,51792.0,27407.99,1979969.99,1970390.11,0.0,33963.8899999999,24384.01,-9579.879999999888,0.4707974050547371,0,18,0,1,0,0,0,0
9.466460567370882,12918.08,30749.0,17830.92,0.0,0.0,0.0,12918.08,12918.080000000002,0.0,0.420100162601626,1,11,0,0,0,1,0,0
9.370959798560024,11741.38,102856.0,91114.62,0.0,0.0,0.0,11741.38,11741.380000000005,0.0,0.11415246410064457,1,14,0,0,0,1,0,0
10.118853335273727,24805.31,0.0,0.0,0.0,0.0,24805.31,24805.31,0.0,0.0,24805.31,1,11,0,0,0,1,0,0
8.99359630024254,8050.36,5555.0,0.0,0.0,0.0,2495.3599999999997,8050.36,5555.0,0.0,1.4489488840892728,1,12,0,0,0,1,0,0
12.627032848850925,304683.73,218.07,0.0,563706.76,868390.49,304465.66,0.0,218.07,304683.73,1390.8053590176655,0,18,0,1,0,0,0,0
9.351573405678742,11515.93,131012.0,119496.07,0.0,0.0,0.0,11515.93,11515.929999999993,0.0,0.08789913978002183,1,0,0,0,0,1,0,0
11.716301397975437,122552.31,182792.19,60239.88,1205147.07,1327699.37,0.0,0.010000000009313226,122552.31,122552.30000000005,0.6704424273136215,0,11,0,1,0,0,0,0
13.067804314088471,473450.29,2465072.9,2938523.19,3404309.23,2930858.94,946900.5800000001,946900.5800000001,-473450.29000000004,-473450.29000000004,0.1920633251603532,0,18,1,0,0,0,0,0
11.562180092688337,105047.78,0.0,0.0,4617284.33,5022367.42,105047.78,-300035.3099999996,0.0,405083.08999999985,105047.78,0,18,0,1,0,0,0,0
11.083785045395391,65105.85,0.0,0.0,3172860.0,3237965.85,65105.85,0.0,0.0,65105.85000000009,65105.85,0,20,0,1,0,0,0,0
9.398196584268613,12065.6,5367.47,0.0,0.0,0.0,6698.13,12065.6,5367.47,0.0,2.2474932336401245,1,19,0,0,0,1,0,0
9.000289486433054,8104.43,0.0,0.0,0.0,0.0,8104.43,8104.43,0.0,0.0,8104.43,1,19,0,0,0,1,0,0
11.823556679831617,136427.6,12959.0,0.0,183547.87,319975.47,123468.6,0.0,12959.0,136427.59999999998,10.526820987654322,0,17,0,1,0,0,0,0
12.244250555537818,207782.21,465127.94,672910.15,267982.88,60200.67,415564.42,415564.42,-207782.21000000002,-207782.21000000002,0.446719591346004,0,18,1,0,0,0,0,0
11.45476421905047,94348.78,4599009.1,4693357.88,755769.67,661420.89,188697.56000000052,188697.56000000006,-94348.78000000026,-94348.78000000003,0.02051501909073868,0,16,1,0,0,0,0,0
11.120379938490204,67532.56,0.0,0.0,251353.14,318885.7,67532.56,0.0,0.0,67532.56,67532.56,0,12,0,1,0,0,0,0
11.52646360934201,101362.02,69809.0,171171.02,4076680.58,3975318.56,202724.03999999998,202724.04000000004,-101362.01999999999,-101362.02000000002,1.4519699183498067,0,20,1,0,0,0,0,0
9.754151347835167,17224.59,203773.76,186549.17,0.0,0.0,0.0,17224.59,17224.589999999997,0.0,0.08452759311310193,1,11,0,0,0,1,0,0
9.065451006807054,8650.18,252012.0,243361.82,0.0,0.0,0.0,8650.18,8650.179999999993,0.0,0.03432434041101055,1,10,0,0,0,1,0,0
13.120021938374137,498829.65,0.0,0.0,1384990.6,1883820.25,498829.65,0.0,0.0,498829.6499999999,498829.65,0,17,0,0,0,0,1,0
8.110715570890333,3328.96,4919.0,1590.04,0.0,0.0,0.0,3328.96,3328.96,0.0,0.6766178861788618,1,20,0,0,0,1,0,0
11.740542037392853,125559.38,20530066.56,20655625.94,1786355.52,1660796.14,251118.76000000164,251118.76,-125559.38000000268,-125559.38000000012,0.006115877584574301,0,16,1,0,0,0,0,0
10.928037534674493,55715.83,13280.0,0.0,0.0,0.0,42435.83,55715.83,13280.0,0.0,4.195153226413674,1,15,0,0,0,1,0,0
9.0769301148716,8750.06,69770.0,61019.94,0.0,0.0,0.0,8750.06,8750.059999999998,0.0,0.125411130699001,1,22,0,0,0,1,0,0
11.678316082222949,117984.39,0.0,0.0,2653044.58,2771028.97,117984.39,0.0,0.0,117984.39000000013,117984.39,0,20,0,1,0,0,0,0
11.409370318652009,90161.63,0.0,0.0,707499.57,797661.2,90161.63,0.0,0.0,90161.63,90161.63,0,20,0,1,0,0,0,0
11.080190182712203,64872.22,16550.0,81422.22,8997241.81,8932369.58,129744.44,129744.45000000112,-64872.22,-64872.23000000045,3.919534771312912,0,14,1,0,0,0,0,0
12.56248955117989,285639.57,7450757.55,7736397.12,1356615.76,1070976.19,571279.1400000006,571279.1400000001,-285639.5700000003,-285639.57000000007,0.038336978454361535,0,20,1,0,0,0,0,0
9.073238039700527,8717.81,0.0,0.0,0.0,0.0,8717.81,8717.81,0.0,0.0,8717.81,1,10,0,0,0,1,0,0
12.534479767803225,277749.85,53214.0,0.0,0.0,277749.85,224535.84999999998,0.0,53214.0,277749.85,5.219390209527388,0,19,0,1,0,0,0,0
11.565986780486906,105448.43,6173.0,0.0,324344.6,429793.03,99275.43,-5.820766091346741e-11,6173.0,105448.43000000005,17.079434726271458,0,18,0,0,0,0,1,0
10.81514536901197,49767.89,3632901.41,3682669.31,255270.34,205502.45,99535.79000000004,99535.77999999997,-49767.89999999991,-49767.889999999985,0.013699209167581244,0,12,1,0,0,0,0,0
13.925768166266645,1116564.67,30411.0,0.0,92972.14,1209536.81,1086153.67,-2.3283064365386963e-10,30411.0,1116564.6700000002,36.714608378271734,0,12,0,0,0,0,1,0
9.65095574068731,15535.63,11388.0,0.0,0.0,0.0,4147.629999999999,15535.63,11388.0,0.0,1.3640907893581524,1,20,0,0,0,1,0,0
8.88679482453518,7234.79,205854.0,198619.21,2340099.95,2347334.74,0.0,0.0,7234.790000000008,7234.790000000037,0.03514507784605669,0,11,0,1,0,0,0,0
8.118180223412585,3353.91,0.0,0.0,0.0,0.0,3353.91,3353.91,0.0,0.0,3353.91,1,19,0,0,0,1,0,0
9.088241662180321,8849.61,79341.0,70491.39,381507.39,682759.59,0.0,-292402.58999999997,8849.61,301252.19999999995,0.11153752111113913,0,16,0,1,0,0,0,0
13.640435898860643,839393.35,0.0,0.0,4482862.55,5322255.89,839393.35,0.009999999776482582,0.0,839393.3399999999,839393.35,0,15,0,0,0,0,1,0
11.975610377626486,158832.28,19989.0,0.0,0.0,158832.28,138843.28,0.0,19989.0,158832.28,7.945586793396698,0,16,0,1,0,0,0,0
10.324419759313024,30466.62,0.0,0.0,55049.86,85516.47,30466.62,0.00999999999476131,0.0,30466.61,30466.62,0,11,0,1,0,0,0,0
11.421826107198003,91291.7,150.0,91441.7,1073128.88,907043.37,182583.4,257377.20999999985,-91291.7,-166085.5099999999,604.5807947019867,0,9,1,0,0,0,0,0
9.37065146599792,11737.76,0.0,0.0,0.0,0.0,11737.76,11737.76,0.0,0.0,11737.76,1,19,0,0,0,1,0,0
12.452775171988618,255958.67,0.0,0.0,1214098.19,1470056.86,255958.67,-2.3283064365386963e-10,0.0,255958.67000000016,255958.67,0,10,0,1,0,0,0,0
12.096979394096532,179328.36,0.0,0.0,340583.65,519912.01,179328.36,0.0,0.0,179328.36,179328.36,0,10,0,1,0,0,0,0
11.821874459761789,136198.29,120917.86,257116.15,146036.67,9838.38,272396.58,272396.58,-136198.28999999998,-136198.29,1.1263610159738522,0,12,1,0,0,0,0,0
12.235057836686389,205880.87,61304.0,267184.87,441200.72,235319.86,411761.74,411761.73,-205880.87,-205880.86,3.358304705978305,0,11,1,0,0,0,0,0
9.21519457126421,10047.66,278.0,0.0,0.0,0.0,9769.66,10047.66,278.0,0.0,36.013118279569895,1,17,0,0,0,1,0,0
9.378147941928766,11826.09,3153754.54,3165580.63,340796.99,328970.9,23652.179999999702,23652.179999999993,-11826.089999999851,-11826.089999999967,0.003749843591237893,0,18,1,0,0,0,0,0
9.41511056210661,12271.43,18434.0,6162.57,0.0,0.0,0.0,12271.43,12271.43,0.0,0.6656593436398156,1,15,0,0,0,1,0,0
12.549759401948139,282026.37,8368.0,0.0,129788.01,512880.59,273658.37,-101066.21000000002,8368.0,383092.58,33.69893296690166,0,19,0,0,0,0,1,0
10.217300349341135,27371.67,117472.08,90100.41,506308.87,533680.53,0.0,0.010000000009313226,27371.67,27371.660000000033,0.233003765628687,0,19,0,1,0,0,0,0
12.498351212894985,267894.22,50324.0,0.0,133891.87,401786.09,217570.21999999997,-5.820766091346741e-11,50324.0,267894.22000000003,5.323283060109289,0,10,0,1,0,0,0,0
11.217756233565074,74439.56,273.0,74712.56,208494.04,134054.48,148879.12,148879.11999999997,-74439.56,-74439.56,271.67722627737226,0,10,1,0,0,0,0,0
9.403089868322388,12124.79,0.0,0.0,0.0,0.0,12124.79,12124.79,0.0,0.0,12124.79,1,18,0,0,0,1,0,0
13.117437103216409,497541.92,138167.14,0.0,934346.27,1431888.19,359374.77999999997,0.0,138167.14,497541.9199999999,3.6009887662959055,0,12,0,0,0,0,1,0
9.247157236660984,10374.03,21012.0,10637.97,0.0,0.0,0.0,10374.03,10374.03,0.0,0.49369580735735025,1,12,0,0,0,1,0,0
12.947897174372269,419951.62,75550.0,0.0,10127.18,430078.79,344401.62,0.010000000009313226,75550.0,419951.61,5.558518351841802,0,17,0,1,0,0,0,0
12.188714968904716,196557.42,39814.0,0.0,4197367.93,4393925.35,156743.42,0.0,39814.0,196557.41999999993,4.936768052241618,0,14,0,1,0,0,0,0
9.37680943939628,11810.27,0.0,0.0,687675.25,699485.52,11810.27,0.0,0.0,11810.270000000019,11810.27,0,9,0,0,0,0,1,0
10.22798986315124,27665.84,563145.07,535479.23,424129.86,451795.7,0.0,0.0,27665.839999999967,27665.840000000026,0.04912728947926424,0,15,0,1,0,0,0,0
10.07178666951711,23664.81,7475383.75,7499048.55,133868.63,110203.82,47329.609999999404,47329.619999999995,-23664.799999999814,-23664.809999999998,0.0031656979261167795,0,12,1,0,0,0,0,0
12.354485323035393,231997.3,0.0,0.0,1242481.34,1474478.64,231997.3,2.3283064365386963e-10,0.0,231997.2999999998,231997.3,0,18,0,1,0,0,0,0
12.963123817831486,426395.02,61988.0,0.0,0.0,426395.02,364407.02,0.0,61988.0,426395.02,6.8785594218329065,0,17,0,1,0,0,0,0
9.105599664197761,9004.58,0.0,0.0,462151.58,471156.16,9004.58,5.820766091346741e-11,0.0,9004.579999999958,9004.58,0,17,0,1,0,0,0,0
8.834156357649224,6863.76,0.0,0.0,0.0,0.0,6863.76,6863.76,0.0,0.0,6863.76,1,11,0,0,0,1,0,0
11.898299016046037,147015.34,0.0,0.0,513838.92,660854.26,147015.34,0.0,0.0,147015.34000000003,147015.34,0,21,0,1,0,0,0,0
12.140343015303733,187275.8,32393.0,0.0,232245.24,419521.04,154882.8,0.0,32393.0,187275.8,5.781187874297709,0,13,0,1,0,0,0,0
10.689094490667737,43873.76,102174.0,58300.24,672813.53,716687.29,0.0,0.0,43873.76,43873.76000000001,0.4293981893809641,0,19,0,1,0,0,0,0
11.865045139404915,142206.87,39945.38,0.0,1705408.43,1847615.3,102261.48999999999,-2.3283064365386963e-10,39945.38,142206.8700000001,3.5599438547372753,0,11,0,1,0,0,0,0
8.281837879142223,3950.45,0.0,0.0,0.0,0.0,3950.45,3950.45,0.0,0.0,3950.45,1,10,0,0,0,1,0,0
7.296135264032488,1473.59,3089247.91,3090721.51,1085764.12,1239607.02,2947.1899999994785,-152369.30999999982,-1473.5999999996275,153842.8999999999,0.00047700591403623734,0,18,1,0,0,0,0,0
11.321933952492873,82612.96,73024.0,0.0,157214.7,239827.66,9588.960000000006,2.9103830456733704e-11,73024.0,82612.95999999999,1.1312969530982542,0,19,0,1,0,0,0,0
9.791833384442288,17886.07,311791.79,293905.72,0.0,0.0,0.0,17886.07,17886.070000000007,0.0,0.057365245681274414,1,12,0,0,0,1,0,0
10.057915336823541,23338.8,0.0,0.0,0.0,0.0,23338.8,23338.8,0.0,0.0,23338.8,1,22,0,0,0,1,0,0
12.196960859000423,198184.92,14909265.69,15107450.61,1099849.12,901664.2,396369.83999999985,396369.8400000001,-198184.91999999993,-198184.92000000016,0.013292734251841331,0,17,1,0,0,0,0,0
10.364307578792749,31706.47,21293.0,0.0,0.0,0.0,10413.470000000001,31706.47,21293.0,0.0,1.488986099370715,1,19,0,0,0,1,0,0
11.943059445549572,153745.35,73939.55,0.0,348556.39,502301.74,79805.8,0.0,73939.55,153745.34999999998,2.0793103378322177,0,15,0,1,0,0,0,0
12.25365279220934,209745.05,22102.0,231847.05,673728.8,463983.75,419490.1,419490.1000000001,-209745.05,-209745.05000000005,9.489438085327784,0,16,1,0,0,0,0,0
7.530490724801709,1863.02,58711.0,56847.98,0.0,0.0,0.0,1863.02,1863.0199999999968,0.0,0.031731502929554435,1,14,0,0,0,1,0,0
11.601887172162199,109302.88,50494.0,0.0,0.0,109302.88,58808.880000000005,0.0,50494.0,109302.88,2.164627784929201,0,14,0,1,0,0,0,0
9.29297326069419,10860.43,15926.9,5066.47,0.0,0.0,1.8189894035458565e-12,10860.43,10860.43,0.0,0.6818494591251829,1,10,0,0,0,1,0,0
9.509255368248589,13482.95,14349.0,866.05,0.0,0.0,0.0,13482.95,13482.95,0.0,0.9395783972125437,1,20,0,0,0,1,0,0
12.459635677139978,257720.72,0.0,0.0,687766.52,945487.24,257720.72,0.0,0.0,257720.71999999997,257720.72,0,10,0,1,0,0,0,0
9.041460075348022,8445.1,193905.0,185459.9,0.0,0.0,0.0,8445.1,8445.100000000006,0.0,0.04355254607902798,1,17,0,0,0,1,0,0
8.21434874900255,3692.57,0.0,0.0,0.0,0.0,3692.57,3692.57,0.0,0.0,3692.57,1,11,0,0,0,1,0,0
11.253212063857779,77126.26,3783724.42,3860850.68,2623359.95,2546233.69,154252.52000000002,154252.52000000002,-77126.26000000024,-77126.26000000024,0.020383683126774035,0,20,1,0,0,0,0,0
9.129574903173737,9223.1,3569.0,0.0,0.0,0.0,5654.1,9223.1,3569.0,0.0,2.583501400560224,1,12,0,0,0,1,0,0
10.57365956360564,39090.47,3539313.91,3578404.38,371432.48,332342.01,78180.93999999994,78180.93999999994,-39090.46999999974,-39090.46999999997,0.011044643100152962,0,16,1,0,0,0,0,0
11.86404743967379,142065.06,3122635.38,3264700.45,662022.09,519957.02,284130.13000000035,284130.1299999999,-142065.0700000003,-142065.06999999995,0.04549522989929426,0,18,1,0,0,0,0,0
12.094906811573,178957.07,23776.98,202734.05,350243.92,171286.85,357914.14,357914.14,-178957.06999999998,-178957.06999999998,7.5261679082916215,0,17,1,0,0,0,0,0
13.483638241469981,717577.94,0.0,0.0,3070263.96,3787841.9,717577.94,0.0,0.0,717577.94,717577.94,0,12,0,0,0,0,1,0
7.928683465168257,2774.77,31977.0,29202.23,0.0,0.0,0.0,2774.77,2774.7700000000004,0.0,0.08677121771217712,1,13,0,0,0,1,0,0
12.485338084788033,264430.65,1058.0,0.0,0.0,264430.65,263372.65,0.0,1058.0,264430.65,249.69844192634562,0,19,0,1,0,0,0,0
14.278732719950938,1589185.36,0.0,0.0,2281569.04,3870754.4,1589185.36,4.656612873077393e-10,0.0,1589185.3599999999,1589185.36,0,20,0,0,0,0,1,0
13.315646634632895,606612.2,20175.0,0.0,353170.6,959782.8,586437.2,-1.1641532182693481e-10,20175.0,606612.2000000001,30.06602894528152,0,9,0,1,0,0,0,0
9.508359829079017,13470.88,150917.0,137446.12,0.0,0.0,0.0,13470.88,13470.880000000005,0.0,0.08925959792735128,1,22,0,0,0,1,0,0
11.817127355721693,135553.27,106172.0,241725.27,486647.07,351093.8,271106.54,271106.54,-135553.27,-135553.27000000002,1.2767207293756415,0,17,1,0,0,0,0,0
8.980620242300342,7946.56,49957.0,42010.44,0.0,0.0,0.0,7946.56,7946.559999999998,0.0,0.1590648144441331,1,11,0,0,0,1,0,0
12.020223674720015,166078.8,21911.0,0.0,183049.35,349128.15,144167.8,0.0,21911.0,166078.80000000002,7.5793537787513685,0,19,0,1,0,0,0,0
10.235306479284684,27869.01,1100.52,0.0,1427972.99,1455842.0,26768.489999999998,0.0,1100.52,27869.01000000001,25.30050294139008,0,13,0,1,0,0,0,0
10.926813996143323,55647.7,17029.0,0.0,37997.51,93645.21,38618.7,-1.4551915228366852e-11,17029.0,55647.700000000004,3.2676277157956544,0,18,0,1,0,0,0,0
5.9121778036215025,368.51,0.0,0.0,0.0,0.0,368.51,368.51,0.0,0.0,368.51,1,12,0,0,0,1,0,0
9.724493652944474,16721.22,0.0,0.0,1371627.67,1366219.33,16721.22,22129.559999999823,0.0,-5408.339999999851,16721.22,0,11,0,1,0,0,0,0
10.067451212907487,23562.43,1187.0,0.0,0.0,23562.43,22375.43,0.0,1187.0,23562.43,19.833695286195287,0,16,0,1,0,0,0,0
11.590572844596275,108073.15,0.0,0.0,338371.5,446444.65,108073.15,0.0,0.0,108073.15000000002,108073.15,0,10,0,1,0,0,0,0
8.86371617817658,7069.71,0.0,0.0,0.0,0.0,7069.71,7069.71,0.0,0.0,7069.71,1,10,0,0,0,1,0,0
12.79161657515837,359192.52,51504.0,0.0,921144.51,1280337.03,307688.52,0.0,51504.0,359192.52,6.973934957771091,0,17,0,1,0,0,0,0
8.673340163040718,5843.99,95432.96,89588.97,0.0,0.0,0.0,5843.99,5843.990000000005,0.0,0.061235958352770854,1,14,0,0,0,1,0,0
7.309071793563968,1492.79,70710.58,69217.78,0.0,0.0,-0.010000000009313226,1492.79,1492.800000000003,0.0,0.02111096937729294,1,12,0,0,0,1,0,0
9.575365357086325,14404.5,0.0,0.0,0.0,0.0,14404.5,14404.5,0.0,0.0,14404.5,1,9,0,0,0,1,0,0
11.879288626205451,144246.9,0.0,0.0,39379225.69,39523472.59,144246.9,-7.450580596923828e-09,0.0,144246.90000000596,144246.9,0,10,0,1,0,0,0,0
9.935958130857628,20659.07,0.0,0.0,0.0,0.0,20659.07,20659.07,0.0,0.0,20659.07,1,19,0,0,0,1,0,0
11.708614773902399,121613.9,0.0,0.0,4427132.21,4548746.12,121613.9,-0.009999999776482582,0.0,121613.91000000015,121613.9,0,17,0,1,0,0,0,0
11.88987113251332,145781.51,347801.08,493582.59,1886203.66,1740422.15,291563.0200000001,291563.02,-145781.51,-145781.51,0.41915077103621695,0,13,1,0,0,0,0,0
12.494754617915358,266932.44,0.0,0.0,3037159.42,3304091.85,266932.44,0.009999999776482582,0.0,266932.43000000017,266932.44,0,19,0,0,0,0,1,0
11.97717450578714,159080.91,2752655.47,2911736.38,1182527.63,1023446.72,318161.81999999983,318161.81999999983,-159080.90999999968,-159080.90999999992,0.05779177740984148,0,18,1,0,0,0,0,0
9.480567489191909,13101.62,50103.0,37001.38,0.0,0.0,0.0,13101.62,13101.620000000003,0.0,0.26148850391186335,1,11,0,0,0,1,0,0
11.101799162497885,66289.32,0.0,0.0,106612.42,172901.74,66289.32,0.0,0.0,66289.31999999999,66289.32,0,18,0,1,0,0,0,0
11.610815949287387,110283.2,14953937.51,15064220.71,2885272.51,2774989.31,220566.40000000037,220566.3999999999,-110283.20000000112,-110283.19999999972,0.007374859802068291,0,19,1,0,0,0,0,0
10.276023394766238,29027.21,53471.42,82498.63,113237.84,84210.63,58054.42,58054.419999999984,-29027.210000000006,-29027.209999999992,0.5428445168556052,0,15,1,0,0,0,0,0
10.071890611539526,23667.27,0.0,0.0,0.0,0.0,23667.27,23667.27,0.0,0.0,23667.27,1,12,0,0,0,1,0,0
12.146420035532154,188417.35,22249280.4,22437697.74,2097116.37,1908699.02,376834.69000000134,376834.7000000002,-188417.33999999985,-188417.3500000001,0.008468469008621556,0,9,1,0,0,0,0,0
10.4651823207508,35071.84,81.0,0.0,0.0,0.0,34990.84,35071.84,81.0,0.0,427.7053658536585,1,11,0,0,0,1,0,0
11.696474351620004,120146.37,4505.0,0.0,726906.8,847053.17,115641.37,0.0,4505.0,120146.37,26.663641810918772,0,15,0,1,0,0,0,0
12.471788517849117,260871.88,9316654.42,9577526.3,558255.28,297383.4,521743.76000000164,521743.76,-260871.88000000082,-260871.88,0.02800059337173597,0,17,1,0,0,0,0,0
12.548152487246801,281573.54,2074783.0,2356356.54,1546205.12,1264631.58,563147.0800000001,563147.0800000001,-281573.54000000004,-281573.54000000004,0.13571221871770747,0,17,1,0,0,0,0,0
8.034802761534001,3085.53,0.0,0.0,0.0,0.0,3085.53,3085.53,0.0,0.0,3085.53,1,11,0,0,0,1,0,0
9.055289954172745,8562.72,93969.34,85406.61,0.0,0.0,-0.00999999999476131,8562.72,8562.729999999996,0.0,0.0911215177044161,1,18,0,0,0,1,0,0
10.153477492959002,25679.25,50350.0,24670.75,0.0,0.0,0.0,25679.25,25679.25,0.0,0.5100047665388969,1,20,0,0,0,1,0,0
10.599453257322272,40111.9,382209.48,342097.58,539317.04,579428.94,5.820766091346741e-11,1.1641532182693481e-10,40111.899999999965,40111.89999999991,0.1049471484926316,0,16,0,1,0,0,0,0
10.652839956683389,42311.59,0.0,0.0,276118.46,318430.05,42311.59,5.820766091346741e-11,0.0,42311.58999999997,42311.59,0,14,0,1,0,0,0,0
10.965852955173904,57863.13,56065.28,0.0,1264188.33,1322051.46,1797.8499999999985,0.0,56065.28,57863.12999999989,1.0320486752465117,0,20,0,1,0,0,0,0
10.511668989643459,36740.75,154312.0,191052.75,2248.0,0.0,73481.5,38988.75,-36740.75,-2248.0,0.23809238366177835,0,15,1,0,0,0,0,0
12.693204772173667,325527.33,0.0,0.0,3746659.99,4215608.07,325527.33,-143420.75,0.0,468948.0800000001,325527.33,0,15,0,1,0,0,0,0
11.20888891750634,73782.39,103365.0,177147.39,5101627.46,5027845.07,147564.78000000003,147564.77999999933,-73782.39000000001,-73782.38999999966,0.713797476926649,0,13,1,0,0,0,0,0
12.462024858199605,258337.2,60247.0,0.0,97111.35,355448.55,198090.2,5.820766091346741e-11,60247.0,258337.19999999998,4.28789669366618,0,16,0,1,0,0,0,0
16.235130093599967,11241580.48,0.0,0.0,17110725.52,28352306.0,11241580.48,0.0,0.0,11241580.48,11241580.48,0,19,0,0,0,0,1,0
11.762700041621247,128372.6,261231.58,132858.97,1026777.14,1155149.74,-0.009999999980209395,0.0,128372.60999999999,128372.59999999998,0.4914111402184215,0,18,0,1,0,0,0,0
12.877619637648523,391451.57,0.0,0.0,1209166.99,1602711.92,391451.57,-2093.3599999998696,0.0,393544.92999999993,391451.57,0,17,0,1,0,0,0,0
10.653349131709183,42333.14,80015.0,37681.86,946851.82,989184.97,0.0,-0.010000000009313226,42333.14,42333.15000000002,0.5290584383123376,0,10,0,1,0,0,0,0
9.824787900892273,18485.35,0.0,0.0,0.0,0.0,18485.35,18485.35,0.0,0.0,18485.35,1,17,0,0,0,1,0,0
12.936448074834622,415170.96,59950.0,475120.96,0.0,0.0,830341.92,415170.96,-415170.96,0.0,6.925171556771364,1,17,1,0,0,0,0,0
12.81832252001804,368914.36,954718.91,1323633.28,2205141.43,1836227.07,737828.7300000001,737828.72,-368914.37,-368914.3600000001,0.3864110888815548,0,18,1,0,0,0,0,0
13.791668173827233,976438.6,0.0,0.0,7075694.58,8052133.18,976438.6,0.0,0.0,976438.5999999996,976438.6,0,20,0,0,0,0,1,0
11.049119232130533,62887.54,0.0,0.0,809278.12,872165.66,62887.54,0.0,0.0,62887.54000000004,62887.54,0,11,0,1,0,0,0,0
5.4651445023833425,235.31,555151.31,554916.0,0.0,0.0,0.0,235.31,235.31000000005588,0.0,0.00042386565949802135,1,14,0,0,0,1,0,0
8.319073905006762,4100.36,0.0,0.0,0.0,0.0,4100.36,4100.36,0.0,0.0,4100.36,1,20,0,0,0,1,0,0
9.654792191502384,15595.35,52108.0,67703.35,0.0,0.0,31190.70000000001,15595.35,-15595.350000000006,0.0,0.29928323322266787,1,10,1,0,0,0,0,0
11.012675224196363,60636.89,260893.0,321529.89,0.0,0.0,121273.78000000003,60636.89,-60636.890000000014,0.0,0.23241964169356136,1,22,1,0,0,0,0,0
9.313973997417035,11090.94,242857.07,231766.13,0.0,0.0,0.0,11090.94,11090.940000000002,0.0,0.04566840212474718,1,13,0,0,0,1,0,0
7.489194060861452,1787.61,8413.0,6625.39,0.0,0.0,0.0,1787.61,1787.6099999999997,0.0,0.2124566199191823,1,18,0,0,0,1,0,0
11.670410892625805,117055.37,0.0,0.0,839680.03,956735.39,117055.37,0.010000000009313226,0.0,117055.35999999999,117055.37,0,9,0,1,0,0,0,0
10.21992834997143,27443.7,0.0,0.0,0.0,0.0,27443.7,27443.7,0.0,0.0,27443.7,1,14,0,0,0,1,0,0
11.305745440832762,81286.33,1971248.13,2052534.46,3261010.37,3179724.04,162572.66000000015,162572.66000000015,-81286.33000000007,-81286.33000000007,0.04123594971478821,0,18,1,0,0,0,0,0
9.774849880390459,17584.85,0.0,0.0,0.0,0.0,17584.85,17584.85,0.0,0.0,17584.85,1,19,0,0,0,1,0,0
12.03006795525835,167721.81,8863492.36,9031214.17,6600422.99,6432701.18,335443.62000000104,335443.6200000001,-167721.81000000052,-167721.81000000052,0.018922765910437823,0,23,1,0,0,0,0,0
12.205948837866321,199974.24,21345.0,0.0,524330.65,724304.88,178629.24,0.010000000009313226,21345.0,199974.22999999998,9.368230113370187,0,16,0,1,0,0,0,0
8.209798087654436,3675.8,27324.0,23648.2,0.0,0.0,0.0,3675.8,3675.7999999999993,0.0,0.13452150045745656,1,0,0,0,0,1,0,0
12.693602354369348,325656.78,18837310.77,19162967.55,2060051.83,1734395.04,651313.5600000024,651313.5700000003,-325656.7800000012,-325656.79000000004,0.017287858478757877,0,18,1,0,0,0,0,0
11.593871426125949,108430.23,214324.0,105893.77,355748.15,464178.38,0.0,0.0,108430.23,108430.22999999998,0.5059149889186982,0,12,0,1,0,0,0,0
12.987688336777946,436998.94,0.0,0.0,613444.88,1050443.82,436998.94,0.0,0.0,436998.94000000006,436998.94,0,16,0,1,0,0,0,0
9.511986738245177,13519.83,40241.0,26721.17,0.0,0.0,0.0,13519.83,13519.830000000002,0.0,0.3359631728045326,1,16,0,0,0,1,0,0
13.128976363333697,503316.45,500888.0,1004204.45,0.0,0.0,1006632.8999999999,503316.45,-503316.44999999995,0.0,1.0048462833082779,1,18,1,0,0,0,0,0
11.411118184643767,90319.36,227.0,0.0,517611.48,607930.84,90092.36,0.0,227.0,90319.35999999999,396.1375438596491,0,14,0,1,0,0,0,0
8.441891892146234,4636.32,0.0,0.0,0.0,0.0,4636.32,4636.32,0.0,0.0,4636.32,1,13,0,0,0,1,0,0
9.650226874396207,15524.31,0.0,0.0,0.0,0.0,15524.31,15524.31,0.0,0.0,15524.31,1,22,0,0,0,1,0,0
11.047895048774672,62810.6,0.0,0.0,139965.5,202776.1,62810.6,0.0,0.0,62810.600000000006,62810.6,0,15,0,1,0,0,0,0
11.227390286291898,75160.19,7154.0,0.0,0.0,75160.19,68006.19,0.0,7154.0,75160.19,10.504568832983928,0,12,0,1,0,0,0,0
9.389508629008695,11961.22,15525.0,3563.78,0.0,0.0,0.0,11961.22,11961.22,0.0,0.7703993301558676,1,11,0,0,0,1,0,0
10.460222910298503,34898.33,0.0,0.0,0.0,0.0,34898.33,34898.33,0.0,0.0,34898.33,1,11,0,0,0,1,0,0
9.20209648432029,9916.9,759.96,0.0,0.0,0.0,9156.939999999999,9916.9,759.96,0.0,13.032091042893187,1,16,0,0,0,1,0,0
12.469736411433656,260337.09,150726.47,0.0,0.0,363769.58,109610.62,-103432.49000000002,150726.47,363769.58,1.7272040060116447,0,14,0,1,0,0,0,0
6.4513704908943925,632.57,46076.0,45443.43,0.0,0.0,0.0,632.57,632.5699999999997,0.0,0.013728541354688891,1,13,0,0,0,1,0,0
9.90902519147205,20110.06,0.0,0.0,0.0,0.0,20110.06,20110.06,0.0,0.0,20110.06,1,23,0,0,0,1,0,0
12.057665672326985,172415.04,5220174.7,5392589.74,200560.31,28145.27,344830.0800000001,344830.07999999996,-172415.04000000004,-172415.04,0.03302858944000678,0,19,1,0,0,0,0,0
9.32687551823125,11234.97,49429.44,38194.46,0.0,0.0,-0.010000000002037268,11234.97,11234.980000000003,0.0,0.22728848863170142,1,17,0,0,0,1,0,0
7.777742352766799,2385.88,61317.87,58931.99,0.0,0.0,-7.275957614183426e-12,2385.88,2385.8800000000047,0.0,0.038909392818230346,1,21,0,0,0,1,0,0
12.61891818446532,302221.32,0.0,0.0,10586801.22,10889022.54,302221.32,1.862645149230957e-09,0.0,302221.31999999844,302221.32,0,14,0,1,0,0,0,0
7.73313613549645,2281.75,52193.0,49911.25,1257479.57,1259761.32,0.0,0.0,2281.75,2281.75,0.04371671073303445,0,15,0,1,0,0,0,0
10.131511973005416,25121.32,88988.0,63866.68,0.0,0.0,0.0,25121.32,25121.32,0.0,0.2822969131016193,1,14,0,0,0,1,0,0
12.407740843321415,244687.4,889796.0,1134483.4,323550.45,78863.05,489374.7999999998,489374.8,-244687.3999999999,-244687.40000000002,0.2749923859037511,0,12,1,0,0,0,0,0
12.702600501619234,328600.32,179.0,0.0,51739.7,380340.02,328421.32,0.0,179.0,328600.32,1825.5573333333334,0,15,0,1,0,0,0,0
9.366560052801105,11689.83,0.0,0.0,0.0,0.0,11689.83,11689.83,0.0,0.0,11689.83,1,13,0,0,0,1,0,0
8.181974968191456,3574.91,30382.0,26807.09,0.0,0.0,0.0,3574.91,3574.91,0.0,0.11766152124543329,1,21,0,0,0,1,0,0
10.058526551976376,23353.07,40303.0,16949.93,0.0,0.0,0.0,23353.07,23353.07,0.0,0.5794231341802303,1,12,0,0,0,1,0,0
10.529014668877876,37383.62,107893.0,70509.38,0.0,0.0,0.0,37383.62,37383.619999999995,0.0,0.34648469794427866,1,11,0,0,0,1,0,0
11.821166349326763,136101.88,255535.86,119433.98,906732.38,1042834.26,0.0,0.0,136101.88,136101.88,0.5326115379205959,0,11,0,1,0,0,0,0
11.252776973862828,77092.71,6675327.08,6752419.78,9087209.29,9182871.46,154185.41000000015,-18569.460000000894,-77092.70000000019,95662.17000000179,0.01154890202789853,0,16,1,0,0,0,0,0
8.830072139540292,6835.78,0.0,0.0,0.0,0.0,6835.78,6835.78,0.0,0.0,6835.78,1,11,0,0,0,1,0,0
11.399943871419913,89315.71,80563.0,0.0,0.0,89315.71,8752.710000000006,0.0,80563.0,89315.71,1.1086305297651557,0,20,0,0,0,0,1,0
10.289108732495244,29409.55,21580.0,50989.55,0.0,0.0,58819.100000000006,29409.55,-29409.550000000003,0.0,1.362751957740605,1,17,1,0,0,0,0,0
8.981681639973862,7955.0,0.0,0.0,0.0,0.0,7955.0,7955.0,0.0,0.0,7955.0,1,18,0,0,0,1,0,0
9.612109324375611,14943.66,203127.0,188183.34,0.0,0.0,0.0,14943.66,14943.660000000003,0.0,0.07356770115395218,1,16,0,0,0,1,0,0
11.704154730067389,121072.7,11355.0,132427.7,0.0,0.0,242145.40000000002,121072.7,-121072.70000000001,0.0,10.66156216977809,1,17,1,0,0,0,0,0
12.269188890086753,213029.13,6371771.03,6584800.15,877530.28,664501.15,426058.25,426058.2600000001,-213029.1200000001,-213029.13,0.03343326299136286,0,9,1,0,0,0,0,0
10.492050305093189,36026.95,287838.78,251811.82,225775.07,261802.02,-0.010000000009313226,2.9103830456733704e-11,36026.96000000002,36026.94999999998,0.12516320711473583,0,15,0,1,0,0,0,0
9.622330148068658,15097.19,0.0,0.0,276488.33,291585.53,15097.19,-0.010000000009313226,0.0,15097.200000000012,15097.19,0,11,0,1,0,0,0,0
12.6072177357838,298705.79,4390.0,0.0,0.0,298705.79,294315.79,0.0,4390.0,298705.79,68.02682532452744,0,18,0,1,0,0,0,0
12.442059408586672,253230.51,0.0,0.0,519046.86,772277.37,253230.51,0.0,0.0,253230.51,253230.51,0,13,0,0,0,0,1,0
9.517844189188462,13599.26,95948.37,82349.11,0.0,0.0,0.0,13599.26,13599.259999999995,0.0,0.1417337081004284,1,19,0,0,0,1,0,0
12.19059706405383,196927.71,0.0,0.0,4140612.11,4337539.82,196927.71,0.0,0.0,196927.71000000043,196927.71,0,13,0,1,0,0,0,0
10.093224464168268,24177.63,0.0,0.0,0.0,0.0,24177.63,24177.63,0.0,0.0,24177.63,1,10,0,0,0,1,0,0
11.973552647409841,158505.78,21692.0,180197.78,0.0,0.0,317011.56,158505.78,-158505.78,0.0,7.3067708477389015,1,14,1,0,0,0,0,0
8.84626525704649,6947.39,86443.73,79496.33,0.0,0.0,-0.00999999999476131,6947.39,6947.399999999994,0.0,0.08036799929851132,1,15,0,0,0,1,0,0
6.422727348037287,614.68,221530.0,220915.32,0.0,0.0,0.0,614.68,614.679999999993,0.0,0.0027746906753456624,1,14,0,0,0,1,0,0
7.241330466061976,1394.95,10752.0,9357.05,0.0,0.0,0.0,1394.95,1394.9500000000007,0.0,0.12972658792895006,1,14,0,0,0,1,0,0
12.109252556386247,181542.86,50311.0,0.0,1799809.77,1981352.62,131231.86,0.009999999776482582,50311.0,181542.8500000001,3.6083411512164094,0,9,0,1,0,0,0,0
12.60684251490268,298593.73,10768.0,309361.73,0.0,0.0,597187.46,298593.73,-298593.73,0.0,27.7271547961742,1,19,1,0,0,0,0,0
12.399581886152149,242699.12,12.0,242711.12,0.0,0.0,485398.24,242699.12,-242699.12,0.0,18669.163076923076,1,14,1,0,0,0,0,0
12.14004843463526,187220.64,109.0,0.0,189265.37,376486.01,187111.64,0.0,109.0,187220.64,1702.0058181818183,0,9,0,1,0,0,0,0
7.811041821721038,2466.7,0.0,0.0,0.0,0.0,2466.7,2466.7,0.0,0.0,2466.7,1,11,0,0,0,1,0,0
13.181885782591365,530663.77,0.0,0.0,1887904.06,2418567.83,530663.77,0.0,0.0,530663.77,530663.77,0,10,0,1,0,0,0,0
13.923118437407274,1113609.99,56384.0,0.0,0.0,1113609.99,1057225.99,0.0,56384.0,1113609.99,19.75011066773078,0,16,0,0,0,0,1,0
11.839117036183822,138567.08,0.0,0.0,1925147.3,2063714.38,138567.08,2.3283064365386963e-10,0.0,138567.07999999984,138567.08,0,13,0,1,0,0,0,0
10.932743153544207,55978.63,145480.0,89501.37,0.0,0.0,0.0,55978.63,55978.630000000005,0.0,0.3847830988239014,1,17,0,0,0,1,0,0
11.699990088949365,120569.52,21426.0,141995.52,1719220.33,1598650.81,241139.03999999998,241139.04000000004,-120569.51999999999,-120569.52000000002,5.62699024595137,0,13,1,0,0,0,0,0
7.868426466537024,2612.45,386.0,0.0,0.0,0.0,2226.45,2612.45,386.0,0.0,6.750516795865632,1,22,0,0,0,1,0,0
11.068017723086223,64087.34,106823.0,42735.66,543090.42,607177.76,0.0,0.0,64087.34,64087.33999999997,0.5999339099827754,0,13,0,1,0,0,0,0
12.038503751102471,169142.67,2639.0,0.0,3035178.25,3204320.92,166503.67,0.0,2639.0,169142.66999999993,64.06919318181819,0,13,0,1,0,0,0,0
12.162184444583199,191411.19,149.0,191560.19,0.0,0.0,382822.38,191411.19,-191411.19,0.0,1276.0746,1,13,1,0,0,0,0,0
12.699322170644415,327524.82,0.0,0.0,2751124.75,3078649.57,327524.82,0.0,0.0,327524.81999999983,327524.82,0,13,0,0,0,0,1,0
12.888853000765168,395873.69,157966.0,0.0,799905.66,1195779.35,237907.69,0.0,157966.0,395873.69000000006,2.5060530996980384,0,20,0,0,0,0,1,0
7.523475910073761,1849.99,77011.0,75161.01,2240193.03,2720284.0,0.0,-478240.98,1849.9900000000052,480090.9700000002,0.02402210045187763,0,16,0,0,1,0,0,0
12.203208046481297,199426.9,0.0,0.0,2236774.99,2436201.9,199426.9,-0.009999999776482582,0.0,199426.90999999968,199426.9,0,20,0,1,0,0,0,0
10.376022350669395,32080.1,10350.0,0.0,0.0,0.0,21730.1,32080.1,10350.0,0.0,3.0992271278137378,1,13,0,0,0,1,0,0
13.179514302327346,529406.8,11911512.41,12440919.21,2927984.42,2398577.62,1058813.6000000015,1058813.5999999996,-529406.8000000007,-529406.7999999998,0.04444496528506196,0,10,1,0,0,0,0,0
6.052583164535549,424.21,0.0,0.0,65478.27,65902.48,424.21,0.0,0.0,424.2099999999991,424.21,0,15,0,1,0,0,0,0
8.313685586841109,4078.32,41231.0,37152.68,0.0,0.0,0.0,4078.32,4078.3199999999997,0.0,0.09891152502910361,1,23,0,0,0,1,0,0
12.471559184467957,260812.06,0.0,0.0,735363.36,996175.41,260812.06,0.009999999892897904,0.0,260812.05000000005,260812.06,0,18,0,1,0,0,0,0
10.590428514299438,39751.52,0.0,0.0,484597.81,524349.33,39751.52,0.0,0.0,39751.51999999996,39751.52,0,14,0,1,0,0,0,0
12.3963025156846,241904.52,6007461.09,6249365.62,4884071.14,4642166.62,483809.0499999998,483809.0399999991,-241904.53000000026,-241904.51999999955,0.040267340247169166,0,18,1,0,0,0,0,0
12.941611012784096,417320.01,1563.0,0.0,1627724.24,2045044.26,415757.01,-0.010000000009313226,1563.0,417320.02,266.8286508951407,0,17,0,1,0,0,0,0
11.009831871863687,60464.72,46160.28,0.0,167321.64,227786.36,14304.440000000002,2.9103830456733704e-11,46160.28,60464.71999999997,1.30985795887809,0,22,0,1,0,0,0,0
12.724484371919411,335870.65,79421.77,0.0,443142.54,779013.2,256448.88,-0.010000000009313226,79421.77,335870.66,4.228896196896684,0,10,0,0,0,0,1,0
12.80715694808954,364818.12,72417.0,437235.12,0.0,0.0,729636.24,364818.12,-364818.12,0.0,5.037671849540169,1,12,1,0,0,0,0,0
12.627217153541494,304739.89,0.0,0.0,3219292.92,3524032.81,304739.89,0.0,0.0,304739.89000000013,304739.89,0,14,0,1,0,0,0,0
12.306393116473691,221104.03,57475.0,278579.03,29891.29,0.0,442208.06000000006,250995.32,-221104.03000000003,-29891.29,3.8468931380054285,0,11,1,0,0,0,0,0
8.223069080184926,3724.92,81140.16,77415.25,0.0,0.0,0.00999999999476131,3724.92,3724.9100000000035,0.0,0.04590666438586779,1,18,0,0,0,1,0,0
11.821970637723101,136211.39,72194.0,208405.39,0.0,0.0,272422.78,136211.39,-136211.39,0.0,1.8867150079645407,1,9,1,0,0,0,0,0
8.621837850910168,5550.58,0.0,0.0,0.0,0.0,5550.58,5550.58,0.0,0.0,5550.58,1,12,0,0,0,1,0,0
8.474506960286233,4790.06,2202.0,0.0,0.0,0.0,2588.0600000000004,4790.06,2202.0,0.0,2.1743349977303676,1,15,0,0,0,1,0,0
10.59562847699017,39958.77,2280841.52,2320800.28,248773.55,208814.78,79917.5299999998,79917.54000000001,-39958.75999999978,-39958.76999999999,0.017519302472491612,0,11,1,0,0,0,0,0
9.456885556584009,12794.97,6030.0,0.0,0.0,0.0,6764.969999999999,12794.97,6030.0,0.0,2.1215337423312883,1,16,0,0,0,1,0,0
12.21565548312339,201924.78,2498691.58,2700616.37,243989.88,42065.09,403849.56999999983,403849.57000000007,-201924.79000000004,-201924.79,0.08081217418110714,0,15,1,0,0,0,0,0
12.370840364604229,235822.84,0.0,0.0,1543777.61,1779600.46,235822.84,-0.009999999776482582,0.0,235822.84999999986,235822.84,0,23,0,1,0,0,0,0
13.233323527802922,558674.19,34859.0,0.0,0.0,558674.19,523815.18999999994,0.0,34859.0,558674.19,16.02622461273666,0,14,0,1,0,0,0,0
6.317128585012592,552.98,5524.0,6076.98,4691787.48,4691234.5,1105.9599999999991,1105.960000000894,-552.9799999999996,-552.980000000447,0.1000868778280543,0,15,1,0,0,0,0,0
12.291101333289879,217748.66,1210.35,0.0,4812345.45,5030094.11,216538.31,0.0,1210.35,217748.66000000015,179.7570149007306,0,19,0,1,0,0,0,0
10.121072483304703,24860.42,42102.0,17241.58,29331.01,54191.43,0.0,-7.275957614183426e-12,24860.42,24860.420000000002,0.5904667125858014,0,9,0,1,0,0,0,0
9.156916388228732,9478.78,282469.4,272990.62,0.0,0.0,0.0,9478.78,9478.780000000028,0.0,0.03355671957132499,1,16,0,0,0,1,0,0
10.54265467469367,37897.04,40414.0,78311.04,0.0,0.0,75794.07999999999,37897.04,-37897.03999999999,0.0,0.9376973895830756,1,10,1,0,0,0,0,0
11.493263223819453,98051.98,20406.0,0.0,1006556.43,1104608.42,77645.98,-0.009999999776482582,20406.0,98051.98999999987,4.8048208947910025,0,19,0,1,0,0,0,0
9.743410932289267,17040.57,282814.0,265773.43,0.0,0.0,0.0,17040.57,17040.570000000007,0.0,0.06025341654438414,1,15,0,0,0,1,0,0
12.079384583811658,176200.69,17496042.66,17672243.35,3165551.09,2989350.4,352401.3800000027,352401.3799999999,-176200.69000000134,-176200.68999999994,0.010070887648893762,0,14,1,0,0,0,0,0
9.09129103489847,8876.64,0.0,0.0,0.0,0.0,8876.64,8876.64,0.0,0.0,8876.64,1,14,0,0,0,1,0,0
10.019695125580549,22463.58,0.0,0.0,0.0,0.0,22463.58,22463.58,0.0,0.0,22463.58,1,15,0,0,0,1,0,0
8.26322954276214,3877.6,266627.12,262749.52,0.0,0.0,0.0,3877.6,3877.5999999999767,0.0,0.014543102205423795,1,14,0,0,0,1,0,0
11.30685950789049,81376.94,72667.0,0.0,0.0,81376.94,8709.940000000002,0.0,72667.0,81376.94,1.119845599163318,0,17,0,1,0,0,0,0
12.721086775245386,334731.43,6364916.62,6699648.05,12465718.72,12130987.29,669462.8599999994,669462.8600000013,-334731.4299999997,-334731.43000000156,0.052590064787044324,0,22,1,0,0,0,0,0
10.705941950271413,44619.2,21060.0,0.0,0.0,44619.2,23559.199999999997,0.0,21060.0,44619.2,2.1185698684772802,0,20,0,1,0,0,0,0
11.087685925168385,65360.32,5406625.06,5471985.38,168300.08,102939.77,130720.6400000006,130720.62999999999,-65360.3200000003,-65360.30999999998,0.012088929264695625,0,12,1,0,0,0,0,0
10.850525700358942,51560.25,11340.0,0.0,4175673.74,4227234.0,40220.25,-0.009999999776482582,11340.0,51560.25999999978,4.546358345824883,0,18,0,1,0,0,0,0
12.518503804587395,273347.77,2824819.46,3098167.24,4206060.57,3932712.8,546695.5500000003,546695.54,-273347.78000000026,-273347.7700000005,0.0967664224578719,0,17,1,0,0,0,0,0
12.218772411043258,202555.15,1037.0,0.0,0.0,202555.15,201518.15,0.0,1037.0,202555.15,195.13983622350673,0,15,0,1,0,0,0,0
12.965159334137068,427263.84,21349.0,0.0,673824.83,1101088.68,405914.84,-0.010000000009313226,21349.0,427263.85,20.012357845433257,0,17,0,1,0,0,0,0
12.61180831703276,300080.18,0.0,0.0,3581197.18,3881277.36,300080.18,4.656612873077393e-10,0.0,300080.1799999997,300080.18,0,14,0,1,0,0,0,0
12.18952066415512,196715.85,0.0,0.0,208518.78,405234.63,196715.85,0.0,0.0,196715.85,196715.85,0,18,0,0,0,0,1,0
12.574663235349467,289138.12,0.0,0.0,371682.64,660820.76,289138.12,0.0,0.0,289138.12,289138.12,0,11,0,1,0,0,0,0
11.871180230333671,143082.01,41858.0,0.0,870869.73,1013951.74,101224.01000000001,0.0,41858.0,143082.01,3.418189875534533,0,10,0,1,0,0,0,0
9.883286886032852,19599.04,185240.0,165640.96,0.0,0.0,0.0,19599.04,19599.040000000008,0.0,0.10580292699780287,1,20,0,0,0,1,0,0
10.344155054746356,31073.88,2652.0,0.0,755475.51,786549.39,28421.88,0.0,2652.0,31073.880000000005,11.712732755371277,0,17,0,1,0,0,0,0
12.647083903332147,310854.64,7164.0,0.0,572482.73,883337.38,303690.64,-0.010000000009313226,7164.0,310854.65,43.38515561758549,0,13,0,1,0,0,0,0
9.842959113593972,18824.34,0.0,0.0,0.0,0.0,18824.34,18824.34,0.0,0.0,18824.34,1,18,0,0,0,1,0,0
10.038687801844361,22894.32,1916768.35,1939662.67,63794.3,40899.99,45788.6399999999,45788.63,-22894.319999999832,-22894.310000000005,0.011944222709946817,0,10,1,0,0,0,0,0
11.056538467179458,63355.86,49773.0,0.0,993211.63,1056567.49,13582.86,0.0,49773.0,63355.859999999986,1.2728705749989955,0,12,0,1,0,0,0,0
9.84192539762285,18804.89,406517.0,387712.11,0.0,0.0,0.0,18804.89,18804.890000000014,0.0,0.04625844366055132,1,17,0,0,0,1,0,0
11.854050645553137,140651.93,22374733.5,22515385.43,1139868.05,999216.12,281303.8599999994,281303.86,-140651.9299999997,-140651.93000000005,0.006286194368027026,0,10,1,0,0,0,0,0
8.386419136696322,4386.08,16921.0,12534.92,0.0,0.0,0.0,4386.08,4386.08,0.0,0.25919394870582674,1,19,0,0,0,1,0,0
9.777353304879211,17628.93,104064.0,86435.07,0.0,0.0,0.0,17628.93,17628.929999999993,0.0,0.16940306539182243,1,13,0,0,0,1,0,0
10.692498396063964,44023.36,242089.0,198065.64,0.0,44023.36,0.0,0.0,44023.359999999986,44023.36,0.18184708166384403,0,18,0,1,0,0,0,0
12.178367220224045,194533.97,0.0,0.0,216557.33,411091.3,194533.97,0.0,0.0,194533.97,194533.97,0,12,0,1,0,0,0,0
12.149534409928176,189005.07,60027.0,249032.07,754917.98,565912.91,378010.14,378010.14,-189005.07,-189005.06999999995,3.1486151462650764,0,20,1,0,0,0,0,0
8.893723702426286,7285.1,0.0,0.0,0.0,0.0,7285.1,7285.1,0.0,0.0,7285.1,1,18,0,0,0,1,0,0
12.109274589386615,181546.86,0.0,0.0,6774981.88,6956528.74,181546.86,0.0,0.0,181546.86000000034,181546.86,0,16,0,1,0,0,0,0
10.582138163743366,39423.32,0.0,0.0,0.0,0.0,39423.32,39423.32,0.0,0.0,39423.32,1,17,0,0,0,1,0,0
8.958118103161306,7769.72,297200.0,289430.28,0.0,0.0,0.0,7769.72,7769.719999999972,0.0,0.026142980676377266,1,14,0,0,0,1,0,0
7.897749901380028,2690.22,0.0,0.0,0.0,0.0,2690.22,2690.22,0.0,0.0,2690.22,1,13,0,0,0,1,0,0
12.049139615219897,170951.26,0.0,0.0,4489296.89,4660248.15,170951.26,-9.313225746154785e-10,0.0,170951.2600000007,170951.26,0,17,0,1,0,0,0,0
12.252532143424814,209510.13,6149740.61,6359250.74,1128570.0,919059.87,419020.2599999998,419020.2599999999,-209510.1299999999,-209510.13,0.034068119164440795,0,20,1,0,0,0,0,0
8.316877099741397,4091.36,0.0,0.0,0.0,0.0,4091.36,4091.36,0.0,0.0,4091.36,1,17,0,0,0,1,0,0
12.829096351426482,372910.48,6249999.69,6622910.16,1265613.76,892703.28,745820.9500000002,745820.96,-372910.46999999974,-372910.48,0.05966567021291,0,14,1,0,0,0,0,0
9.405152759192687,12149.83,0.0,0.0,952303.31,964453.14,12149.83,0.0,0.0,12149.829999999958,12149.83,0,11,0,1,0,0,0,0
11.23481675463806,75720.45,0.0,0.0,0.0,0.0,75720.45,75720.45,0.0,0.0,75720.45,1,19,0,0,0,1,0,0
7.790749793170396,2417.13,107298.0,104880.87,2069116.45,2071533.58,0.0,-2.3283064365386963e-10,2417.1300000000047,2417.130000000121,0.02252705057829057,0,19,0,1,0,0,0,0
6.295136841807387,540.93,300216.0,299675.07,1415939.28,1416480.21,0.0,0.0,540.929999999993,540.9299999999348,0.00180179670038672,0,18,0,1,0,0,0,0
7.399679389326861,1634.46,32800.0,31165.54,0.0,0.0,0.0,1634.46,1634.4599999999991,0.0,0.049829578366513215,1,21,0,0,0,1,0,0
15.446377153380524,5108298.63,14207.0,0.0,0.0,5108298.63,5094091.63,0.0,14207.0,5108298.63,359.53678420608105,0,17,0,0,0,0,1,0
7.647175171872761,2093.72,0.0,0.0,0.0,0.0,2093.72,2093.72,0.0,0.0,2093.72,1,20,0,0,0,1,0,0
11.580367360982963,106975.81,30881.0,137856.81,109742.49,2766.68,213951.62,213951.62,-106975.81,-106975.81000000001,3.4640181983032186,0,22,1,0,0,0,0,0
9.385643188270434,11915.07,0.0,0.0,414956.67,426871.74,11915.07,0.0,0.0,11915.070000000007,11915.07,0,23,0,1,0,0,0,0
10.092054979874328,24149.37,101136.0,125285.37,135205.93,111056.56,48298.73999999999,48298.73999999999,-24149.369999999995,-24149.369999999995,0.23877878521213797,0,16,1,0,0,0,0,0
12.193169912122611,197435.03,0.0,0.0,1875039.44,2072474.47,197435.03,0.0,0.0,197435.03000000003,197435.03,0,22,0,1,0,0,0,0
11.834405738757228,137915.78,0.0,0.0,457887.19,595802.97,137915.78,0.0,0.0,137915.77999999997,137915.78,0,17,0,1,0,0,0,0
12.50959974488678,270924.66,6108.0,0.0,0.0,270924.66,264816.66,0.0,6108.0,270924.66,44.34844655426419,0,18,0,1,0,0,0,0
11.576954450066356,106611.33,0.0,0.0,140896.75,247508.08,106611.33,2.9103830456733704e-11,0.0,106611.32999999999,106611.33,0,16,0,1,0,0,0,0
10.325272104511262,30492.6,104358.0,73865.4,0.0,0.0,0.0,30492.6,30492.600000000006,0.0,0.2921894613785107,1,10,0,0,0,1,0,0
11.35139769117414,85083.29,52020.0,0.0,816019.0,901102.29,33063.28999999999,0.0,52020.0,85083.29000000004,1.6355566021414427,0,20,0,1,0,0,0,0
13.227851260950521,555625.32,1992.0,557617.32,179228.83,0.0,1111250.64,734854.1499999999,-555625.32,-179228.83,278.78841946813844,0,18,1,0,0,0,0,0
10.609559349245481,40519.34,0.0,0.0,0.0,0.0,40519.34,40519.34,0.0,0.0,40519.34,1,10,0,0,0,1,0,0
9.618398781236944,15037.95,0.0,0.0,238066.43,253104.38,15037.95,0.0,0.0,15037.950000000012,15037.95,0,12,0,1,0,0,0,0
9.79228500539467,17894.15,0.0,0.0,0.0,0.0,17894.15,17894.15,0.0,0.0,17894.15,1,13,0,0,0,1,0,0
9.150294145356991,9416.21,16113.0,6696.79,0.0,0.0,0.0,9416.21,9416.21,0.0,0.5843496338587563,1,19,0,0,0,1,0,0
6.923549884880778,1014.92,87618.0,86603.08,0.0,0.0,0.0,1014.92,1014.9199999999983,0.0,0.01158333238224586,1,2,0,0,0,1,0,0
13.072284166771379,475576.04,398699.0,0.0,6758.04,482334.07,76877.03999999998,0.009999999951105565,398699.0,475576.03,1.1928167544519688,0,13,0,1,0,0,0,0
8.192866498167492,3614.07,10715.0,7100.93,3083202.72,3086816.79,0.0,0.0,3614.0699999999997,3614.0699999998324,0.33725923852183654,0,14,0,0,1,0,0,0
13.775670685171217,960942.3,0.0,0.0,1172893.76,2133836.06,960942.3,0.0,0.0,960942.3,960942.3,0,1,0,0,0,0,1,0
12.305459323296555,220897.66,30175.0,251072.66,491969.39,271071.73,441795.32,441795.32000000007,-220897.66,-220897.66000000003,7.320309517497349,0,18,1,0,0,0,0,0
12.52365388704942,274759.17,106409.0,381168.17,315535.86,40776.69,549518.34,549518.3400000001,-274759.17,-274759.17,2.5820803495912035,0,11,1,0,0,0,0,0
9.456937133993115,12795.63,24067.0,11271.37,0.0,0.0,0.0,12795.63,12795.63,0.0,0.5316449227189629,1,22,0,0,0,1,0,0
10.389564744653892,32517.51,15563.0,0.0,0.0,0.0,16954.51,32517.51,15563.0,0.0,2.0892771781033153,1,18,0,0,0,1,0,0
9.190395794605568,9801.53,0.0,0.0,0.0,0.0,9801.53,9801.53,0.0,0.0,9801.53,1,18,0,0,0,1,0,0
10.418972902893689,33488.02,21006.0,0.0,0.0,0.0,12482.019999999997,33488.02,21006.0,0.0,1.5941362403008519,1,22,0,0,0,1,0,0
9.743762363966265,17046.56,0.0,0.0,4856492.13,4873538.7,17046.56,-0.010000000707805157,0.0,17046.570000000298,17046.56,0,23,0,1,0,0,0,0
12.322658920910122,224729.89,0.0,0.0,6967873.94,7192603.83,224729.89,0.0,0.0,224729.88999999966,224729.89,0,11,0,1,0,0,0,0
10.010507989761559,22258.14,56998.0,34739.86,0.0,0.0,0.0,22258.14,22258.14,0.0,0.39050053509710697,1,12,0,0,0,1,0,0
9.594679217168917,14685.43,3122.0,0.0,0.0,0.0,11563.43,14685.43,3122.0,0.0,4.7023471021453735,1,12,0,0,0,1,0,0
11.861836588299097,141751.32,3098464.52,3240215.85,809481.67,667730.35,283502.6499999999,283502.64,-141751.33000000007,-141751.32000000007,0.045748877657350855,0,12,1,0,0,0,0,0
11.830711918963438,137407.28,0.0,0.0,750486.52,887893.8,137407.28,0.0,0.0,137407.28000000003,137407.28,0,19,0,1,0,0,0,0
7.571751674050382,1941.54,0.0,0.0,0.0,0.0,1941.54,1941.54,0.0,0.0,1941.54,1,19,0,0,0,1,0,0
7.452048560305369,1722.39,0.0,0.0,0.0,0.0,1722.39,1722.39,0.0,0.0,1722.39,1,16,0,0,0,1,0,0
7.016277790258597,1113.63,31806.0,30692.37,0.0,0.0,0.0,1113.63,1113.630000000001,0.0,0.03501210425378062,1,15,0,0,0,1,0,0
12.303023705626515,220360.29,21471.0,0.0,179907.72,400268.02,198889.29,-0.010000000009313226,21471.0,220360.30000000002,10.262681166169896,0,13,0,1,0,0,0,0
11.5458154118129,103342.68,102932.0,0.0,1111988.4,1215331.08,410.679999999993,-2.3283064365386963e-10,102932.0,103342.68000000017,1.003980064702282,0,16,0,1,0,0,0,0
9.024706936962959,8304.78,117771.64,109466.87,0.0,0.0,0.00999999999476131,8304.78,8304.770000000004,0.0,0.0705153590850982,1,23,0,0,0,1,0,0
3.717223927123079,40.15,36740.01,36699.86,0.0,0.0,0.0,40.15,40.150000000001455,0.0,0.0010927843300987097,1,10,0,0,0,1,0,0
9.607232839779588,14870.96,0.0,0.0,0.0,0.0,14870.96,14870.96,0.0,0.0,14870.96,1,18,0,0,0,1,0,0
9.6320435921029,15244.56,0.0,0.0,0.0,0.0,15244.56,15244.56,0.0,0.0,15244.56,1,15,0,0,0,1,0,0
11.125510419902513,67879.93,10663595.16,10731475.09,103511.17,35631.24,135759.8599999994,135759.86,-67879.9299999997,-67879.93,0.006365575832159045,0,11,1,0,0,0,0,0
12.233846165783369,205631.56,64667.0,0.0,0.0,205631.56,140964.56,0.0,64667.0,205631.56,3.1798039215686273,0,19,0,1,0,0,0,0
8.982607556078149,7962.37,0.0,0.0,0.0,0.0,7962.37,7962.37,0.0,0.0,7962.37,1,18,0,0,0,1,0,0
12.32990119242456,226363.36,13207515.65,13433879.01,1806841.51,1580478.15,452726.7199999988,452726.7200000002,-226363.3599999994,-226363.3600000001,0.017138979718795206,0,13,1,0,0,0,0,0
3.3495531485098167,27.49,0.0,0.0,0.0,0.0,27.49,27.49,0.0,0.0,27.49,1,19,0,0,0,1,0,0
12.77467920932647,353159.96,0.0,0.0,2438727.9,2791887.86,353159.96,0.0,0.0,353159.95999999996,353159.96,0,19,0,1,0,0,0,0
8.492139963812088,4875.29,15160.34,10285.05,0.0,0.0,0.0,4875.29,4875.290000000001,0.0,0.321560627226881,1,11,0,0,0,1,0,0
11.055217137754644,63272.2,2822576.07,2885848.27,355114.35,291842.14,126544.40000000037,126544.40999999997,-63272.200000000186,-63272.20999999996,0.022416464964763568,0,20,1,0,0,0,0,0
9.652807066128746,15564.42,105.0,0.0,2595789.81,2611354.23,15459.42,0.0,105.0,15564.419999999925,146.83415094339622,0,20,0,1,0,0,0,0
11.462726098341257,95102.98,0.0,0.0,1590090.59,1685193.58,95102.98,-0.010000000009313226,0.0,95102.98999999999,95102.98,0,16,0,1,0,0,0,0
12.150225524511056,189135.74,0.0,0.0,3786726.22,3975861.95,189135.74,0.009999999776482582,0.0,189135.72999999998,189135.74,0,10,0,1,0,0,0,0
6.705430994873329,815.83,0.0,0.0,0.0,0.0,815.83,815.83,0.0,0.0,815.83,1,20,0,0,0,1,0,0
9.050434496066496,8521.24,112.0,0.0,0.0,0.0,8409.24,8521.24,112.0,0.0,75.40920353982301,1,20,0,0,0,1,0,0
13.14194027334275,509883.89,106486.0,0.0,765130.77,1275014.66,403397.89,2.3283064365386963e-10,106486.0,509883.8899999999,4.78822663799337,0,19,0,0,0,0,1,0
12.729555665412871,337578.28,2810592.85,3148171.13,520226.94,277071.57,675156.56,580733.6499999999,-337578.2799999998,-243155.37,0.12010923598939777,0,12,1,0,0,0,0,0
11.117754687946308,67355.5,0.0,0.0,425884.28,493239.78,67355.5,0.0,0.0,67355.5,67355.5,0,19,0,1,0,0,0,0
9.889139104127487,19714.08,47721.15,28007.08,0.0,0.0,0.010000000002037268,19714.08,19714.07,0.0,0.413101253820291,1,9,0,0,0,1,0,0
11.370374201052181,86713.31,16157.0,0.0,394098.22,480811.53,70556.31,-5.820766091346741e-11,16157.0,86713.31000000006,5.366586830053224,0,14,0,0,0,0,1,0
11.929540184507044,151680.8,303874.0,152193.2,12149039.49,12300720.29,0.0,1.862645149230957e-09,151680.8,151680.79999999888,0.4991552447552447,0,11,0,1,0,0,0,0
8.960652619939799,7789.44,216239.93,208450.49,0.0,0.0,0.0,7789.44,7789.440000000002,0.0,0.036022042635499206,1,19,0,0,0,1,0,0
12.413370433227609,246068.78,32077.0,0.0,0.0,246068.78,213991.78,0.0,32077.0,246068.78,7.670951430887213,0,13,0,1,0,0,0,0
12.776190238819975,353694.0,0.0,0.0,4352119.92,4705813.92,353694.0,0.0,0.0,353694.0,353694.0,0,16,0,0,0,0,1,0
12.95430839928711,422652.68,20917.0,0.0,10637.0,433289.68,401735.68,0.0,20917.0,422652.68,20.205214647671863,0,14,0,0,0,0,1,0
8.080327195468158,3229.29,63976.0,60746.71,0.0,0.0,0.0,3229.29,3229.290000000001,0.0,0.050475795989183614,1,23,0,0,0,1,0,0
12.806563765991926,364601.78,0.0,0.0,2208469.1,2573070.87,364601.78,0.009999999776482582,0.0,364601.77,364601.78,0,22,0,0,0,0,1,0
12.741440265666434,341614.21,8416343.51,8757957.71,5858537.2,5516923.0,683228.410000002,683228.4100000001,-341614.2000000011,-341614.2000000002,0.0405893805314298,0,17,1,0,0,0,0,0
12.944431213116706,418498.6,0.0,0.0,4019532.35,4438030.95,418498.6,0.0,0.0,418498.6000000001,418498.6,0,19,0,0,0,0,1,0
11.63888370351665,113422.48,21417.0,0.0,856586.8,970009.28,92005.48,0.0,21417.0,113422.47999999998,5.295661593052572,0,13,0,1,0,0,0,0
12.012968302888519,164878.19,55360.05,220238.24,448839.09,283960.9,329756.38,329756.38,-164878.19,-164878.19,2.978234516867003,0,19,1,0,0,0,0,0
12.38017791589653,238035.17,0.0,0.0,9453485.6,9691520.76,238035.17,0.009999999776482582,0.0,238035.16000000015,238035.17,0,16,0,0,0,0,1,0
13.10798536743092,492861.43,20559.0,0.0,0.0,492861.43,472302.43,0.0,20559.0,492861.43,23.971859435797665,0,19,0,0,0,0,1,0
10.330853738247503,30663.28,0.0,0.0,0.0,0.0,30663.28,30663.28,0.0,0.0,30663.28,1,17,0,0,0,1,0,0
9.78769615724673,17812.22,25046085.75,25063897.98,2089864.63,2072052.4,35624.449999999255,35624.450000000186,-17812.230000000447,-17812.22999999998,0.0007111777651253244,0,16,1,0,0,0,0,0
8.710978784318431,6068.18,51600.0,45531.82,0.0,0.0,0.0,6068.18,6068.18,0.0,0.11759810856378752,1,16,0,0,0,1,0,0
9.194487374612793,9841.72,0.0,0.0,0.0,0.0,9841.72,9841.72,0.0,0.0,9841.72,1,11,0,0,0,1,0,0
11.264697283611845,78017.19,20145.0,98162.19,0.0,0.0,156034.38,78017.19,-78017.19,0.0,3.8725895959495684,1,17,1,0,0,0,0,0
11.46607491852557,95422.0,18734.0,114156.0,757843.41,662421.41,190844.0,190844.0,-95422.0,-95422.0,5.093247931678676,0,17,1,0,0,0,0,0
8.452974619089586,4688.0,0.0,0.0,0.0,0.0,4688.0,4688.0,0.0,0.0,4688.0,1,19,0,0,0,1,0,0
10.069154945417274,23602.61,46275.0,69877.61,94818.89,71216.28,47205.22,47205.22,-23602.61,-23602.61,0.5100399775261475,0,20,1,0,0,0,0,0
9.683654764591566,16052.06,78612.34,62560.29,0.0,0.0,0.010000000009313226,16052.06,16052.049999999996,0.0,0.20419002678171416,1,20,0,0,0,1,0,0
11.76157511254138,128228.27,59534.0,0.0,1530321.74,1658550.01,68694.27,0.0,59534.0,128228.27000000002,2.1538300159570003,0,17,0,1,0,0,0,0
13.315221462840913,606354.34,1707808.8,2314163.14,1297857.51,691503.17,1212708.68,1212708.6800000002,-606354.3400000001,-606354.34,0.35504793332372253,0,19,1,0,0,0,0,0
12.696478599668515,326594.8,5099688.83,5426283.63,440945.6,114350.8,653189.5999999996,653189.5999999999,-326594.7999999998,-326594.8,0.06404209096771675,0,19,1,0,0,0,0,0
9.904482057851741,20018.9,294847.32,274828.42,0.0,0.0,0.0,20018.9,20018.900000000023,0.0,0.06789558780596071,1,15,0,0,0,1,0,0
10.94359976302919,56589.69,5359.0,0.0,0.0,0.0,51230.69,56589.69,5359.0,0.0,10.557777985074628,1,10,0,0,0,1,0,0
12.989489734129553,437786.86,0.0,0.0,629163.14,1066950.01,437786.86,-0.010000000009313226,0.0,437786.87,437786.86,0,9,0,0,0,0,1,0
12.575954892802475,289511.83,0.0,0.0,356476.77,645988.6,289511.83,1.1641532182693481e-10,0.0,289511.82999999996,289511.83,0,19,0,0,0,0,1,0
6.736314313284394,841.45,148695.67,147854.22,0.0,0.0,0.0,841.45,841.4500000000116,0.0,0.005658835534111154,1,19,0,0,0,1,0,0
12.67306066990669,319035.46,0.0,0.0,766949.31,1334615.0,319035.46,-248630.22999999998,0.0,567665.69,319035.46,0,20,0,0,0,0,1,0
11.242514058935361,76305.55,19594.0,0.0,0.0,76305.55,56711.55,0.0,19594.0,76305.55,3.894133707578464,0,15,0,1,0,0,0,0
9.146743274227187,9382.83,0.0,0.0,0.0,0.0,9382.83,9382.83,0.0,0.0,9382.83,1,11,0,0,0,1,0,0
12.045318745686007,170299.32,90640.0,0.0,444843.49,615142.82,79659.32,-0.009999999892897904,90640.0,170299.32999999996,1.8788331991041582,0,15,0,1,0,0,0,0
12.517295936264912,273017.8,0.0,0.0,2159218.79,2432236.58,273017.8,0.009999999776482582,0.0,273017.79000000004,273017.8,0,14,0,1,0,0,0,0
10.947705427523474,56822.51,1424928.46,1481750.97,166690.5,109868.0,113645.02000000002,113645.01000000001,-56822.51000000001,-56822.5,0.03987741961626648,0,13,1,0,0,0,0,0
11.542516596786253,103002.33,19982.0,122984.33,0.0,0.0,206004.66,103002.33,-103002.33,0.0,5.154497823149677,1,19,1,0,0,0,0,0
9.866537738937511,19273.49,220918.0,240191.49,232499.63,213226.14,38546.97999999998,38546.97999999998,-19273.48999999999,-19273.48999999999,0.08724233768937938,0,20,1,0,0,0,0,0
9.983460719330216,21664.16,141257.15,119593.0,0.0,0.0,0.010000000009313226,21664.16,21664.149999999994,0.0,0.15336573500360864,1,12,0,0,0,1,0,0
12.317420217942585,223555.67,0.0,0.0,6116356.51,6339912.18,223555.67,0.0,0.0,223555.66999999993,223555.67,0,21,0,1,0,0,0,0
11.596017487983323,108663.18,2497275.23,2605938.41,557590.27,448927.09,217326.36000000034,217326.35999999993,-108663.18000000017,-108663.18,0.043512679412321155,0,16,1,0,0,0,0,0
11.573359668658282,106228.77,2653877.31,2760106.09,3652556.15,3546327.38,212457.5499999998,212457.54000000004,-106228.7799999998,-106228.77000000002,0.0400277471652421,0,10,1,0,0,0,0,0
6.275684382929557,530.49,0.0,0.0,0.0,0.0,530.49,530.49,0.0,0.0,530.49,1,11,0,0,0,1,0,0
8.636734680087484,5633.9,18845.0,13211.1,0.0,0.0,0.0,5633.9,5633.9,0.0,0.2989440730128409,1,9,0,0,0,1,0,0
9.987532701283941,21752.56,0.0,0.0,0.0,0.0,21752.56,21752.56,0.0,0.0,21752.56,1,13,0,0,0,1,0,0
11.089947243627195,65508.29,235946.57,170438.28,1262749.15,1328257.44,0.0,0.0,65508.29000000001,65508.29000000004,0.27763918060270765,0,19,0,1,0,0,0,0
8.649117543442458,5704.11,0.0,0.0,0.0,0.0,5704.11,5704.11,0.0,0.0,5704.11,1,20,0,0,0,1,0,0
12.302884243097086,220329.56,0.0,0.0,378470.91,598800.47,220329.56,0.0,0.0,220329.56,220329.56,0,11,0,1,0,0,0,0
11.557902081085688,104599.34,31498.0,0.0,7633.86,112233.19,73101.34,0.00999999999476131,31498.0,104599.33,3.3207193879170767,0,10,0,1,0,0,0,0
12.329299812750738,226227.27,62282.0,0.0,0.0,314411.51,163945.27,-88184.24000000002,62282.0,314411.51,3.632247483261885,0,18,0,0,0,0,1,0
12.66157285683521,315391.4,7044050.01,7359441.41,2194854.35,1879462.95,630782.8000000007,630782.8,-315391.4000000004,-315391.40000000014,0.04477415049270065,0,12,1,0,0,0,0,0
9.810987321126412,18231.98,101199.0,82967.02,0.0,0.0,0.0,18231.98,18231.979999999996,0.0,0.18015790513833993,1,10,0,0,0,1,0,0
8.93075873555827,7560.0,22094.0,14534.0,0.0,0.0,0.0,7560.0,7560.0,0.0,0.3421588594704684,1,20,0,0,0,1,0,0
11.187427846322166,72215.79,0.0,0.0,209907.38,282123.18,72215.79,-0.010000000009313226,0.0,72215.79999999999,72215.79,0,17,0,1,0,0,0,0
12.977039271839713,432369.99,0.0,0.0,2516934.9,2949304.88,432369.99,0.009999999776482582,0.0,432369.98,432369.99,0,20,0,1,0,0,0,0
12.190494991451784,196907.61,89440.55,0.0,224149.28,421056.88,107467.05999999998,0.010000000009313226,89440.55,196907.6,2.201522782196865,0,22,0,1,0,0,0,0
12.861415123919913,385159.39,0.0,0.0,547948.07,593069.3,385159.39,340038.1599999999,0.0,45121.2300000001,385159.39,0,19,0,1,0,0,0,0
12.174475574429284,193778.38,45131.0,238909.38,9888.3,0.0,387556.76,203666.68,-193778.38,-9888.3,4.293591686608171,0,18,1,0,0,0,0,0
15.645940577816008,6236566.93,35434.0,0.0,0.0,6236566.93,6201132.93,0.0,35434.0,6236566.93,176.00019556935231,0,12,0,0,0,0,1,0
7.16592614805953,1293.56,89139.55,87845.99,0.0,0.0,0.0,1293.56,1293.5599999999977,0.0,0.014511465320777132,1,13,0,0,0,1,0,0
12.86983643146376,388416.64,0.0,0.0,677126.7,1065543.34,388416.64,-2.3283064365386963e-10,0.0,388416.64000000013,388416.64,0,20,0,1,0,0,0,0
12.662479696309102,315677.54,22451.0,338128.54,1133006.81,817329.26,631355.08,631355.0900000001,-315677.54,-315677.55000000005,14.06010778549795,0,9,1,0,0,0,0,0
9.9193983025678,20319.76,29951.0,9631.24,0.0,0.0,0.0,20319.76,20319.760000000002,0.0,0.6784107905982906,1,13,0,0,0,1,0,0
11.857766230428586,141175.51,13564928.35,13706103.87,308155.8,166980.29,282351.02999999933,282351.02,-141175.51999999955,-141175.50999999998,0.010407389994994704,0,16,1,0,0,0,0,0
7.963689685368518,2873.66,0.0,0.0,0.0,0.0,2873.66,2873.66,0.0,0.0,2873.66,1,18,0,0,0,1,0,0
7.958115258810701,2857.68,0.0,0.0,0.0,0.0,2857.68,2857.68,0.0,0.0,2857.68,1,11,0,0,0,1,0,0
12.190826714705832,196972.94,703624.53,900597.47,495763.42,298790.48,393945.8799999999,393945.88,-196972.93999999994,-196972.94,0.27994001297821014,0,19,1,0,0,0,0,0
12.819809587116081,369463.37,1032.0,370495.37,822922.7,453459.33,738926.74,738926.7399999998,-369463.37,-369463.36999999994,357.6605711519845,0,10,1,0,0,0,0,0
12.731549562991642,338252.05,50357.0,388609.05,1201781.92,921609.56,676504.1,618424.4099999999,-338252.05,-280172.35999999987,6.716947654791691,0,19,1,0,0,0,0,0
8.151958863095334,3469.17,0.0,0.0,0.0,0.0,3469.17,3469.17,0.0,0.0,3469.17,1,14,0,0,0,1,0,0
11.920747859161773,150353.01,324.0,150677.01,4440482.66,4290129.64,300706.02,300706.03000000026,-150353.01,-150353.02000000048,462.6246461538462,0,14,1,0,0,0,0,0
11.300026013236117,80822.74,13612176.52,13692999.26,2710015.26,2629192.52,161645.48000000045,161645.47999999998,-80822.74000000022,-80822.73999999976,0.005937532028306961,0,10,1,0,0,0,0,0
9.753536956661215,17214.01,0.0,0.0,0.0,0.0,17214.01,17214.01,0.0,0.0,17214.01,1,12,0,0,0,1,0,0
8.74468885852072,6276.26,10310.0,4033.74,0.0,0.0,0.0,6276.26,6276.26,0.0,0.6086955678401708,1,13,0,0,0,1,0,0
9.360013901449244,11613.55,13.0,0.0,0.0,0.0,11600.55,11613.55,13.0,0.0,829.5392857142857,1,11,0,0,0,1,0,0
12.576245614854765,289596.01,0.0,0.0,1114952.91,1404548.92,289596.01,0.0,0.0,289596.01,289596.01,0,11,0,1,0,0,0,0
9.440091644139091,12581.87,0.0,0.0,0.0,0.0,12581.87,12581.87,0.0,0.0,12581.87,1,18,0,0,0,1,0,0
12.079178889261776,176164.45,31439.0,207603.45,525213.65,349049.2,352328.9,352328.9000000001,-176164.45,-176164.45,5.603194974554707,0,10,1,0,0,0,0,0
7.866783609434967,2608.16,0.0,0.0,1204616.28,1207224.45,2608.16,-0.010000000009313226,0.0,2608.1699999999255,2608.16,0,13,0,1,0,0,0,0
11.99420787397319,161813.82,6415.0,0.0,48461.12,210274.94,155398.82,0.0,6415.0,161813.82,25.220358478802993,0,15,0,1,0,0,0,0
9.90850643683956,20099.63,0.0,0.0,0.0,0.0,20099.63,20099.63,0.0,0.0,20099.63,1,9,0,0,0,1,0,0
12.1389929784143,187023.14,5758038.47,5945061.61,1151066.79,964043.66,374046.28000000026,374046.27000000014,-187023.1400000006,-187023.13,0.03248035046901129,0,19,1,0,0,0,0,0
12.699138656823248,327464.72,405470.88,732935.6,898965.09,571500.37,654929.4399999998,654929.4400000001,-327464.72,-327464.72,0.8076138843463078,0,18,1,0,0,0,0,0
10.153451402529964,25678.58,663.0,0.0,1625070.78,1650749.36,25015.58,0.0,663.0,25678.580000000075,38.67256024096386,0,9,0,1,0,0,0,0
10.274470250647903,28982.16,21284.0,0.0,11987036.49,12016018.65,7698.16,0.0,21284.0,28982.16000000015,1.3616236786469345,0,19,0,1,0,0,0,0
12.172873192153375,193468.12,297977.0,104508.88,330784.42,524252.54,0.0,0.0,193468.12,193468.12,0.6492698118653055,0,13,0,1,0,0,0,0
13.969325878707817,1166274.48,0.0,0.0,2891261.52,4057536.0,1166274.48,0.0,0.0,1166274.48,1166274.48,0,16,0,0,0,0,1,0
9.911724535258182,20164.42,55190.0,35025.58,0.0,0.0,0.0,20164.42,20164.42,0.0,0.3653570328495588,1,12,0,0,0,1,0,0
11.692641881330667,119686.79,4823725.02,4943411.8,7520018.84,7400332.05,239373.5700000003,239373.58000000007,-119686.78000000026,-119686.79000000004,0.024812103652603387,0,14,1,0,0,0,0,0
11.548827504335435,103654.43,1708461.98,1812116.42,443100.26,339445.83,207308.86999999988,207308.85999999993,-103654.43999999994,-103654.43,0.060671159523749234,0,14,1,0,0,0,0,0
12.888142422579115,395592.49,29885.0,0.0,186607.26,582199.75,365707.49,0.0,29885.0,395592.49,13.236715853576925,0,13,0,1,0,0,0,0
11.195779153805631,72821.42,786.0,0.0,247715.12,320536.54,72035.42,0.0,786.0,72821.41999999998,92.53039390088945,0,20,0,1,0,0,0,0
12.687531444325804,323685.73,13469.0,337154.73,1191005.81,867320.09,647371.46,647371.4500000001,-323685.73,-323685.7200000001,24.030121009651076,0,12,1,0,0,0,0,0
9.835569460409719,18685.74,318.0,0.0,0.0,0.0,18367.74,18685.74,318.0,0.0,58.57598746081505,1,16,0,0,0,1,0,0
9.45872350821534,12818.51,0.0,0.0,0.0,0.0,12818.51,12818.51,0.0,0.0,12818.51,1,20,0,0,0,1,0,0
12.229929543154395,204827.75,0.0,0.0,430816.37,635644.12,204827.75,0.0,0.0,204827.75,204827.75,0,19,0,1,0,0,0,0
7.83438042635535,2524.97,0.0,0.0,0.0,0.0,2524.97,2524.97,0.0,0.0,2524.97,1,20,0,0,0,1,0,0
10.02932649649695,22680.99,0.0,0.0,0.0,0.0,22680.99,22680.99,0.0,0.0,22680.99,1,19,0,0,0,1,0,0
8.086717920303906,3250.0,242003.07,238753.07,0.0,0.0,0.0,3250.0,3250.0,0.0,0.013429526205902239,1,16,0,0,0,1,0,0
8.919233775864297,7473.36,13823.0,6349.64,58720.15,66193.51,0.0,0.0,7473.36,7473.359999999993,0.5406076388888889,0,15,0,1,0,0,0,0
11.66318782363662,116212.91,13460165.12,13576378.03,179404.79,0.0,232425.8200000003,295617.7,-116212.91000000015,-179404.79,0.008633839208516396,0,19,1,0,0,0,0,0
12.359687967793427,233207.45,0.0,0.0,12050685.14,12352655.65,233207.45,-68763.06000000052,0.0,301970.5099999998,233207.45,0,16,0,1,0,0,0,0
9.703760800308238,16378.09,299430.0,283051.91,0.0,0.0,0.0,16378.09,16378.090000000026,0.0,0.05469737602319065,1,15,0,0,0,1,0,0
12.385841739226674,239387.19,0.0,0.0,400585.32,639972.5,239387.19,0.010000000009313226,0.0,239387.18,239387.19,0,15,0,1,0,0,0,0
10.324438467524173,30467.19,0.0,0.0,0.0,0.0,30467.19,30467.19,0.0,0.0,30467.19,1,16,0,0,0,1,0,0
12.272551205449945,213746.61,0.0,0.0,1633183.16,1846929.77,213746.61,0.0,0.0,213746.6100000001,213746.61,0,15,0,1,0,0,0,0
8.505163119399896,4939.21,7197.0,2257.79,0.0,0.0,0.0,4939.21,4939.21,0.0,0.6861919977771603,1,17,0,0,0,1,0,0
13.095056289550092,486530.19,0.0,0.0,551950.58,1193987.4,486530.19,-155506.6299999999,0.0,642036.82,486530.19,0,11,0,1,0,0,0,0
11.726375707598242,123793.19,618.0,0.0,1243442.01,1367235.2,123175.19,0.0,618.0,123793.18999999994,199.9889983844911,0,18,0,1,0,0,0,0
10.203566959484128,26998.32,27277.0,278.68,0.0,26998.32,0.0,0.0,26998.32,26998.32,0.9897470489038785,0,19,0,1,0,0,0,0
12.054313852858755,171838.1,0.0,0.0,1106577.73,1278415.83,171838.1,0.0,0.0,171838.1000000001,171838.1,0,14,0,1,0,0,0,0
11.79761970328776,132934.55,241823.41,374757.96,883257.71,750323.16,265869.1,265869.1,-132934.55000000002,-132934.54999999993,0.5497151838393816,0,16,1,0,0,0,0,0
11.870798071424804,143027.34,0.0,0.0,3182960.84,3325988.18,143027.34,-4.656612873077393e-10,0.0,143027.34000000032,143027.34,0,16,0,1,0,0,0,0
11.281790693741186,79362.25,51265.0,130627.25,0.0,0.0,158724.5,79362.25,-79362.25,0.0,1.5480484141536301,1,18,1,0,0,0,0,0
11.995027178875018,161946.45,54647.0,0.0,34053.55,196000.0,107299.45000000001,0.0,54647.0,161946.45,2.96344696969697,0,20,0,1,0,0,0,0
12.287689498202496,217007.0,0.0,0.0,1617609.5,1834616.5,217007.0,0.0,0.0,217007.0,217007.0,0,12,0,1,0,0,0,0
8.17213338695839,3539.89,35128.0,31588.11,1021690.79,1025230.68,0.0,0.0,3539.8899999999994,3539.890000000014,0.10076831108201201,0,18,0,0,1,0,0,0
9.251925595163327,10423.62,355356.21,344932.6,0.0,0.0,0.009999999951105565,10423.62,10423.610000000044,0.0,0.029332794457723257,1,19,0,0,0,1,0,0
8.602504457369077,5444.28,0.0,0.0,0.0,0.0,5444.28,5444.28,0.0,0.0,5444.28,1,14,0,0,0,1,0,0
11.642934787380916,113882.9,0.0,0.0,1073300.14,1532617.22,113882.9,-345434.18000000017,0.0,459317.0800000001,113882.9,0,17,0,1,0,0,0,0
12.555456911950099,283637.81,0.0,0.0,7516031.49,7799669.3,283637.81,0.0,0.0,283637.8099999996,283637.81,0,10,0,0,0,0,1,0
8.85177936482361,6985.81,40029.0,33043.19,0.0,0.0,0.0,6985.81,6985.809999999998,0.0,0.1745143642268299,1,14,0,0,0,1,0,0
10.538580741875805,37742.96,74867.0,37124.04,26984.71,341963.69,0.0,-277236.02,37742.96,314978.98,0.504126729710958,0,9,0,1,0,0,0,0
7.490127311182757,1789.28,90157.0,88367.72,0.0,0.0,0.0,1789.28,1789.2799999999988,0.0,0.01984604804898068,1,11,0,0,0,1,0,0
12.958620569861498,424479.17,36704.0,0.0,0.0,424479.17,387775.17,0.0,36704.0,424479.17,11.564614357716932,0,17,0,1,0,0,0,0
10.785957557054436,48336.24,671.0,0.0,0.0,48336.24,47665.24,0.0,671.0,48336.24,71.92892857142857,0,10,0,1,0,0,0,0
9.87599867152874,19456.71,345988.06,326531.34,0.0,0.0,-0.009999999951105565,19456.71,19456.719999999972,0.0,0.05623504396352879,1,20,0,0,0,1,0,0
9.233584130606323,10234.16,114476.06,104241.9,0.0,0.0,0.0,10234.16,10234.160000000003,0.0,0.08939922111906089,1,18,0,0,0,1,0,0
11.461118354391218,94950.2,1221203.79,1316153.99,2284689.64,2189739.44,189900.3999999999,189900.40000000037,-94950.19999999995,-94950.20000000019,0.07775125087742245,0,20,1,0,0,0,0,0
9.547912717541305,14014.41,76028.58,62014.16,0.0,0.0,-0.00999999999476131,14014.41,14014.419999999998,0.0,0.1843283890296382,1,14,0,0,0,1,0,0
9.76316918038263,17380.63,11522.0,0.0,0.0,0.0,5858.630000000001,17380.63,11522.0,0.0,1.5083424455436953,1,14,0,0,0,1,0,0
12.538750585761568,278938.61,20228.0,299166.61,0.0,0.0,557877.22,278938.61,-278938.61,0.0,13.789045924168272,1,17,1,0,0,0,0,0
11.97580370632645,158862.99,154111.0,0.0,26706.98,185569.97,4751.989999999991,0.0,154111.0,158862.99,1.0308281639327241,0,20,0,1,0,0,0,0
11.66271306898144,116157.75,53923.0,170080.75,1463273.36,1347115.61,232315.5,232315.5,-116157.75,-116157.75,2.1541011423484906,0,13,1,0,0,0,0,0
12.390447883742766,240492.39,0.0,0.0,1308295.74,1548788.13,240492.39,0.0,0.0,240492.3899999999,240492.39,0,13,0,1,0,0,0,0
10.286364116282394,29328.94,4568.0,0.0,91364.08,120693.02,24760.94,0.0,4568.0,29328.940000000002,6.419115780258262,0,18,0,1,0,0,0,0
9.144462287357277,9361.45,146409.88,137048.43,0.0,0.0,0.0,9361.45,9361.450000000012,0.0,0.06393957880725805,1,11,0,0,0,1,0,0
10.737645894871664,46056.5,79705.0,125761.5,0.0,0.0,92113.0,46056.5,-46056.5,0.0,0.5778297744209971,1,18,1,0,0,0,0,0
7.732408677884787,2280.09,170574.82,168294.74,0.0,0.0,0.009999999980209395,2280.09,2280.0800000000163,0.0,0.01336701766991359,1,2,0,0,0,1,0,0
11.662093982986264,116085.86,9031.0,0.0,2723341.04,2839426.9,107054.86,0.0,9031.0,116085.85999999987,12.852730292294066,0,19,0,1,0,0,0,0
6.288861774246333,537.54,0.0,0.0,0.0,0.0,537.54,537.54,0.0,0.0,537.54,1,21,0,0,0,1,0,0
12.138347505845868,186902.46,5485749.69,5672652.15,406433.23,219530.77,373804.9199999999,373804.9199999999,-186902.45999999996,-186902.46,0.03407053483868768,0,16,1,0,0,0,0,0
11.604244326413859,109560.83,16832.0,126392.83,898204.98,788644.15,219121.66,219121.65999999992,-109560.83,-109560.82999999996,6.508693043426603,0,20,1,0,0,0,0,0
12.624098107758735,303790.87,0.0,0.0,1038995.75,1342786.62,303790.87,0.0,0.0,303790.8700000001,303790.87,0,12,0,1,0,0,0,0
7.607083318617163,2011.4,11467.0,9455.6,0.0,0.0,0.0,2011.4,2011.3999999999996,0.0,0.17539239623299618,1,14,0,0,0,1,0,0
12.339327724983727,228507.28,0.0,0.0,1723864.18,1952371.45,228507.28,0.010000000009313226,0.0,228507.27000000002,228507.28,0,17,0,1,0,0,0,0
10.099974964802982,24341.4,12564.0,0.0,0.0,0.0,11777.400000000001,24341.4,12564.0,0.0,1.9372383605252688,1,17,0,0,0,1,0,0
12.798008025931953,361495.64,26319.45,0.0,4923551.71,5285047.35,335176.19,0.0,26319.45,361495.63999999966,13.734401957413342,0,20,0,0,0,0,1,0
8.892451981022779,7275.84,12288.0,5012.16,89457.67,96733.5,0.0,0.00999999999476131,7275.84,7275.830000000002,0.5920611929367727,0,11,0,1,0,0,0,0
9.368508400014628,11712.63,0.0,0.0,0.0,0.0,11712.63,11712.63,0.0,0.0,11712.63,1,20,0,0,0,1,0,0
10.663687356852504,42773.07,0.0,0.0,184821.94,227595.01,42773.07,0.0,0.0,42773.07000000001,42773.07,0,9,0,1,0,0,0,0
11.440657414506614,93027.15,11088.0,0.0,236172.17,329199.31,81939.15,0.010000000009313226,11088.0,93027.13999999998,8.389137884389935,0,20,0,1,0,0,0,0
10.039011396410709,22901.73,27898.0,50799.73,0.0,0.0,45803.46000000001,22901.73,-22901.730000000003,0.0,0.8208799598551919,1,18,1,0,0,0,0,0
9.943015910669532,20805.4,534941.23,514135.83,0.0,0.0,0.0,20805.4,20805.399999999965,0.0,0.038892797826038154,1,11,0,0,0,1,0,0
12.479417897660399,262869.79,30726.0,0.0,0.0,262869.79,232143.78999999998,0.0,30726.0,262869.79,8.555009926123605,0,13,0,1,0,0,0,0
11.291761328321584,80157.51,2844031.83,2924189.34,426820.35,346662.84,160315.01999999955,160315.01999999996,-80157.50999999978,-80157.50999999995,0.028184453130943636,0,19,1,0,0,0,0,0
8.9763519773518,7912.71,12578.0,4665.29,0.0,0.0,0.0,7912.71,7912.71,0.0,0.6290412592415932,1,15,0,0,0,1,0,0
11.899859936458958,147245.0,1658076.76,1805321.76,6483148.41,6335903.41,294490.0,294490.0,-147245.0,-147245.0,0.08880464086316434,0,18,1,0,0,0,0,0
13.105282689467801,491531.18,1449016.43,1940547.61,3183559.69,2692028.51,983062.3600000001,983062.3600000003,-491531.18000000017,-491531.18000000017,0.3392168857485724,0,19,1,0,0,0,0,0
12.03189715922677,168028.89,11615.0,179643.89,4982948.45,4814919.56,336057.78,336057.78000000026,-168028.89,-168028.8900000006,14.465297004132232,0,19,1,0,0,0,0,0
12.76480201213884,349688.89,25697.0,0.0,0.0,349688.89,323991.89,0.0,25697.0,349688.89,13.607630554906997,0,13,0,1,0,0,0,0
9.66715173973588,15789.31,164447.12,148657.81,0.0,0.0,0.0,15789.31,15789.309999999998,0.0,0.09601392828327864,1,11,0,0,0,1,0,0
8.830149658409958,6836.31,31769.0,24932.69,0.0,0.0,0.0,6836.31,6836.310000000001,0.0,0.21518130311614733,1,18,0,0,0,1,0,0
12.243176359806398,207559.13,1758420.96,1965980.09,812246.55,604687.42,415118.26000000024,415118.26,-207559.13000000012,-207559.13,0.11803715758872803,0,12,1,0,0,0,0,0
8.069993172206253,3196.08,0.0,0.0,0.0,0.0,3196.08,3196.08,0.0,0.0,3196.08,1,10,0,0,0,1,0,0
10.419254149564695,33497.44,30430.08,0.0,0.0,0.0,3067.3600000000006,33497.44,30430.08,0.0,1.1007640872423852,1,12,0,0,0,1,0,0
11.073268987331176,64424.77,7933213.42,7997638.19,231443.72,167018.95,128849.54000000004,128849.53999999998,-64424.770000000484,-64424.76999999999,0.00812089105238126,0,17,1,0,0,0,0,0
11.261016502846239,77730.55,24254.17,0.0,441560.79,519291.35,53476.380000000005,-0.010000000009313226,24254.17,77730.56,3.2047002762709975,0,19,0,1,0,0,0,0
11.814989469850955,135263.78,0.0,135263.78,244675.88,109412.1,270527.56,270527.56000000006,-135263.78,-135263.78,135263.78,0,20,1,0,0,0,0,0
11.905149698318903,148025.96,21190.0,0.0,957223.71,1105249.67,126835.95999999999,0.0,21190.0,148025.95999999996,6.985322070690387,0,17,0,1,0,0,0,0
11.904136396620865,147876.04,9580.0,0.0,388341.86,536217.9,138296.04,0.0,9580.0,147876.04000000004,15.434301221166894,0,10,0,1,0,0,0,0
10.512181898425647,36759.6,641862.25,678621.85,296518.17,259758.57,73519.19999999995,73519.19999999995,-36759.59999999998,-36759.59999999998,0.05727014282247815,0,13,1,0,0,0,0,0
7.943850113890504,2817.19,106961.0,104143.81,0.0,0.0,0.0,2817.19,2817.1900000000023,0.0,0.02633823226940409,1,0,0,0,0,1,0,0
10.015299910227833,22365.06,0.0,0.0,0.0,0.0,22365.06,22365.06,0.0,0.0,22365.06,1,12,0,0,0,1,0,0
11.889747927703622,145763.55,1543001.61,1688765.16,3330974.33,3394576.55,291527.09999999986,82161.33000000007,-145763.5499999998,63602.21999999974,0.0944674682047362,0,11,1,0,0,0,0,0
12.166860188342811,192308.28,0.0,192308.28,239245.08,46936.8,384616.56,384616.56,-192308.28,-192308.27999999997,192308.28,0,13,1,0,0,0,0,0
13.107086843078633,492418.78,62041.0,554459.78,259305.4,0.0,984837.56,751724.18,-492418.78,-259305.4,7.936861803294543,0,11,1,0,0,0,0,0
12.506809371475361,270169.73,160652.0,430821.73,2931047.73,2660878.01,540339.46,540339.4500000002,-270169.73,-270169.7200000002,1.6816973850472756,0,10,1,0,0,0,0,0
12.380538762320725,238121.08,128890.0,0.0,0.0,238121.08,109231.07999999999,0.0,128890.0,238121.08,1.8474608777959671,0,13,0,1,0,0,0,0
5.926766013169045,373.94,17351.34,16977.41,0.0,0.0,0.00999999999839929,373.94,373.9300000000003,0.0,0.02154983131957995,1,18,0,0,0,1,0,0
12.557886558780035,284327.79,210836.29,0.0,2193125.51,2419587.83,73491.49999999997,57865.46999999974,210836.29,226462.3200000003,1.3485650000528842,0,11,0,0,0,0,1,0
12.067255823887677,174076.49,10723579.21,10897655.69,3345087.45,3320131.01,348152.9699999988,199032.93000000063,-174076.47999999858,-24956.44000000041,0.016233057112555505,0,9,1,0,0,0,0,0
8.886364924200466,7231.68,13245.71,6014.03,0.0,0.0,0.0,7231.68,7231.679999999999,0.0,0.5459227234535973,1,12,0,0,0,1,0,0
12.420911407345102,247931.4,10023.0,0.0,1955271.88,2203203.28,237908.4,0.0,10023.0,247931.3999999999,24.73377893056664,0,13,0,1,0,0,0,0
12.945106350202531,418781.24,41342.0,460123.24,0.0,0.0,837562.48,418781.24,-418781.24,0.0,10.129435212732506,1,13,1,0,0,0,0,0
13.054884067048473,467372.53,159170.0,0.0,1097399.07,1564771.6,308202.53,0.0,159170.0,467372.53,2.936291975297008,0,17,0,1,0,0,0,0
14.619247435152635,2233872.06,0.0,0.0,8412070.37,10645942.43,2233872.06,0.0,0.0,2233872.0600000005,2233872.06,0,19,0,0,0,0,1,0
6.562853614348462,707.29,24742.0,24034.71,0.0,0.0,0.0,707.29,707.2900000000009,0.0,0.028585458513518975,1,23,0,0,0,1,0,0
11.746641331882806,126327.55,4392535.84,4518863.39,179224.22,52896.67,252655.09999999963,252655.10000000003,-126327.54999999981,-126327.55,0.028759588047074867,0,20,1,0,0,0,0,0
9.682026959253262,16025.95,1653.0,0.0,0.0,0.0,14372.95,16025.95,1653.0,0.0,9.689207980652963,1,13,0,0,0,1,0,0
11.906698486248565,148255.4,7074007.93,7222263.33,2203548.06,2055292.66,296510.80000000075,296510.80000000005,-148255.40000000037,-148255.40000000014,0.020957762630361847,0,17,1,0,0,0,0,0
11.574682433675166,106369.38,27982.23,0.0,206540.99,312910.37,78387.15000000001,0.0,27982.23,106369.38,3.801183065714716,0,19,0,1,0,0,0,0
11.28908054275294,79942.91,189.0,0.0,60119.0,140061.91,79753.91,0.0,189.0,79942.91,420.75215789473685,0,9,0,1,0,0,0,0
12.673822518223497,319278.61,200.0,0.0,1157674.25,1476952.86,319078.61,-2.3283064365386963e-10,200.0,319278.6100000001,1588.4507960199005,0,16,0,1,0,0,0,0
10.877146409592605,52951.28,428.0,0.0,81129.55,134080.83,52523.28,2.9103830456733704e-11,428.0,52951.279999999984,123.42955710955711,0,20,0,1,0,0,0,0
8.555230512329356,5192.85,20116.0,14923.15,0.0,0.0,0.0,5192.85,5192.85,0.0,0.25813242531192526,1,20,0,0,0,1,0,0
10.422981101065568,33622.52,18411.0,52033.52,2367845.56,2334223.04,67245.04,67245.04000000004,-33622.52,-33622.52000000002,1.8261199217901367,0,14,1,0,0,0,0,0
8.818110786623587,6754.49,10555.72,3801.24,0.0,0.0,0.010000000000218279,6754.49,6754.48,0.0,0.639828469448844,1,21,0,0,0,1,0,0
11.660121186476308,115857.07,10467.0,0.0,0.0,0.0,105390.07,115857.07,10467.0,0.0,11.067736912495224,1,17,0,1,0,0,0,0
10.1051246899337,24467.08,0.0,0.0,0.0,0.0,24467.08,24467.08,0.0,0.0,24467.08,1,16,0,0,0,1,0,0
10.651913089067587,42272.39,711163.52,668891.12,0.0,0.0,-0.010000000009313226,42272.39,42272.40000000002,0.0,0.05944108404058177,1,14,0,0,0,1,0,0
8.829390299716964,6831.12,0.0,0.0,0.0,0.0,6831.12,6831.12,0.0,0.0,6831.12,1,12,0,0,0,1,0,0
10.021094128179914,22495.03,221205.05,198710.02,0.0,0.0,0.0,22495.03,22495.03,0.0,0.1016926526195825,1,10,0,0,0,1,0,0
11.636478400471043,113149.99,948476.83,1061626.82,325424.74,212274.75,226299.9800000001,226299.97999999998,-113149.9900000001,-113149.98999999999,0.11929639936866,0,9,1,0,0,0,0,0
9.630226988428047,15216.89,0.0,0.0,0.0,0.0,15216.89,15216.89,0.0,0.0,15216.89,1,14,0,0,0,1,0,0
11.21570336414637,74286.9,0.0,0.0,642565.98,771299.96,74286.9,-54447.07999999996,0.0,128733.97999999998,74286.9,0,20,0,1,0,0,0,0
12.659127133662903,314620.98,0.0,0.0,874389.2,1579684.48,314620.98,-390674.30000000005,0.0,705295.28,314620.98,0,20,0,1,0,0,0,0
10.474474726211424,35399.27,10606.0,0.0,0.0,0.0,24793.269999999997,35399.27,10606.0,0.0,3.337349863297822,1,10,0,0,0,1,0,0
14.730140491475995,2495850.45,0.0,0.0,3189602.37,5685452.82,2495850.45,0.0,0.0,2495850.45,2495850.45,0,11,0,0,0,0,1,0
12.623973442274469,303753.0,0.0,0.0,812748.36,1116501.36,303753.0,-2.3283064365386963e-10,0.0,303753.0000000001,303753.0,0,10,0,1,0,0,0,0
11.566956159257613,105550.7,60867.0,166417.7,1761135.36,1655584.66,211101.40000000002,211101.40000000014,-105550.70000000001,-105550.70000000019,1.7340918052178484,0,20,1,0,0,0,0,0
9.050748917943464,8523.92,11270.0,2746.08,0.0,0.0,0.0,8523.92,8523.92,0.0,0.7562700736403158,1,10,0,0,0,1,0,0
11.15691986839713,70045.87,0.0,0.0,11323214.83,11393260.7,70045.87,0.0,0.0,70045.86999999918,70045.87,0,22,0,1,0,0,0,0
12.97122099477686,429861.64,0.0,0.0,497769.58,927631.22,429861.64,0.0,0.0,429861.63999999996,429861.64,0,11,0,0,0,0,1,0
12.246396115807865,208228.5,7329764.12,7537992.62,5878878.64,5670650.14,416457.0,416457.0,-208228.5,-208228.5,0.02840861836511345,0,16,1,0,0,0,0,0
12.137218692964971,186691.6,168.0,0.0,61750.91,248442.51,186523.6,0.0,168.0,186691.6,1104.6840236686392,0,21,0,1,0,0,0,0
9.0782502259709,8761.62,50150.0,41388.38,0.0,0.0,0.0,8761.62,8761.620000000003,0.0,0.17470479152958068,1,18,0,0,0,1,0,0
8.525199058767546,5039.19,261211.8,256172.61,0.0,0.0,0.0,5039.19,5039.190000000002,0.0,0.019291512513935,1,19,0,0,0,1,0,0
8.725832056527565,6159.0,13000.0,6841.0,0.0,0.0,0.0,6159.0,6159.0,0.0,0.4737327897854011,1,15,0,0,0,1,0,0
10.150026485156017,25590.78,0.0,0.0,78378.74,103969.52,25590.78,0.0,0.0,25590.78,25590.78,0,9,0,0,0,0,1,0
12.299044411556718,219485.15,31122.0,250607.15,1247212.17,1027727.03,438970.3,438970.2899999998,-219485.15,-219485.1399999999,7.052184879349677,0,16,1,0,0,0,0,0
12.154016902657899,189854.19,296646.24,106792.04,336072.28,525926.47,-0.010000000009313226,0.0,189854.2,189854.18999999994,0.6399998530240835,0,20,0,1,0,0,0,0
12.785071336835669,356849.19,52179.0,0.0,0.0,356849.19,304670.19,0.0,52179.0,356849.19,6.838811613645075,0,12,0,1,0,0,0,0
10.498921844096433,36275.37,1717.0,37992.37,213064.07,176788.7,72550.74,72550.73999999999,-36275.37,-36275.369999999995,21.114883585564613,0,12,1,0,0,0,0,0
12.694211826999782,325855.32,0.0,0.0,1216933.11,1542788.42,325855.32,0.01000000024214387,0.0,325855.3099999998,325855.32,0,12,0,0,0,0,1,0
12.377195227239113,237326.24,31638.0,0.0,65158.1,302484.34,205688.24,-5.820766091346741e-11,31638.0,237326.24000000002,7.501066405385758,0,11,0,1,0,0,0,0
12.449062705530702,255010.19,22197.0,0.0,10798.0,8342.26,232813.19,257465.93,22197.0,-2455.74,11.487980448689072,0,13,0,1,0,0,0,0
8.321759646995536,4111.39,29071.0,24959.61,0.0,0.0,0.0,4111.39,4111.389999999999,0.0,0.14142095487066594,1,17,0,0,0,1,0,0
7.470588741787833,1754.64,52829.0,51074.36,0.0,0.0,0.0,1754.64,1754.6399999999994,0.0,0.033212947189097106,1,20,0,0,0,1,0,0
9.290208295145028,10830.44,20557.0,9726.56,0.0,0.0,0.0,10830.44,10830.44,0.0,0.5268236209748031,1,8,0,0,0,1,0,0
9.203517146628057,9931.0,0.0,0.0,0.0,0.0,9931.0,9931.0,0.0,0.0,9931.0,1,9,0,0,0,1,0,0
10.315620381902283,30199.7,0.0,0.0,0.0,0.0,30199.7,30199.7,0.0,0.0,30199.7,1,17,0,0,0,1,0,0
9.613139262215613,14959.06,56982.19,42023.13,0.0,0.0,-7.275957614183426e-12,14959.06,14959.060000000005,0.0,0.2625170686302399,1,11,0,0,0,1,0,0
9.155305349203744,9463.52,0.0,0.0,0.0,0.0,9463.52,9463.52,0.0,0.0,9463.52,1,16,0,0,0,1,0,0
12.349211358453797,230776.97,496018.14,726795.11,1600245.82,1369468.85,461553.93999999994,461553.93999999994,-230776.96999999997,-230776.96999999997,0.46525819548011793,0,21,1,0,0,0,0,0
12.819049468603025,369182.64,1597249.27,1966431.91,1215093.31,845910.67,738365.2799999998,738365.2800000001,-369182.6399999999,-369182.64,0.23113637664309175,0,22,1,0,0,0,0,0
8.749077629629754,6303.87,811.0,0.0,171596.32,177900.18,5492.87,0.010000000009313226,811.0,6303.859999999986,7.7633866995073895,0,15,0,0,0,0,1,0
10.809703503813568,49497.79,646.0,0.0,0.0,0.0,48851.79,49497.79,646.0,0.0,76.50353941267387,1,17,0,0,0,1,0,0
10.422128655723307,33593.87,731.0,0.0,0.0,33593.87,32862.87,0.0,731.0,33593.87,45.89326502732241,0,16,0,1,0,0,0,0
9.668086686326246,15804.08,0.0,0.0,0.0,0.0,15804.08,15804.08,0.0,0.0,15804.08,1,16,0,0,0,1,0,0
9.640289290389234,15370.79,19805.0,4434.21,0.0,0.0,0.0,15370.79,15370.79,0.0,0.7760673533272746,1,10,0,0,0,1,0,0
11.745828517049516,126224.91,0.0,0.0,7024986.45,7151211.36,126224.91,0.0,0.0,126224.91000000015,126224.91,0,20,0,1,0,0,0,0
8.739946266504527,6246.56,22724.0,16477.44,0.0,0.0,0.0,6246.56,6246.560000000001,0.0,0.2748761276127613,1,16,0,0,0,1,0,0
8.016733653649425,3030.26,3071.0,40.74,0.0,0.0,0.0,3030.26,3030.26,0.0,0.9864127604166667,1,22,0,0,0,1,0,0
12.34439459509142,229668.04,0.0,0.0,578208.7,807876.74,229668.04,0.0,0.0,229668.04000000004,229668.04,0,17,0,1,0,0,0,0
13.96832921962052,1165112.68,0.0,0.0,7138285.13,8303397.81,1165112.68,0.0,0.0,1165112.6799999997,1165112.68,0,18,0,0,0,0,1,0
8.890406420872386,7260.97,165653.0,158392.03,0.0,0.0,0.0,7260.97,7260.970000000001,0.0,0.04383214410759777,1,0,0,0,0,1,0,0
11.812596630171212,134940.5,0.0,0.0,222720.75,357661.25,134940.5,0.0,0.0,134940.5,134940.5,0,20,0,1,0,0,0,0
12.783337875974947,356231.14,2225008.59,2581239.73,517895.03,161663.89,712462.2800000003,712462.28,-356231.14000000013,-356231.14,0.1601031930833161,0,13,1,0,0,0,0,0
11.470076312987302,95804.59,3686157.0,3781961.59,1866956.1,1771151.51,191609.1799999997,191609.18000000017,-95804.58999999985,-95804.59000000008,0.025990364493328824,0,17,1,0,0,0,0,0
12.278197241378543,214956.85,0.0,0.0,417698.28,518231.04,214956.85,114424.09000000003,0.0,100532.75999999995,214956.85,0,17,0,0,0,0,1,0
9.817407196557358,18349.41,2536819.99,2555169.4,2571484.93,2553135.52,36698.81999999983,36698.8200000003,-18349.409999999683,-18349.41000000015,0.00723323012239819,0,16,1,0,0,0,0,0
10.013796056683978,22331.45,0.0,0.0,242792.65,265124.09,22331.45,0.009999999951105565,0.0,22331.44000000003,22331.45,0,21,0,1,0,0,0,0
11.853018638081283,140506.85,20241.0,160747.85,1500385.17,1359878.32,281013.7,281013.69999999995,-140506.85,-140506.84999999986,6.941352139116688,0,20,1,0,0,0,0,0
10.989301963267703,59236.02,0.0,0.0,152122.95,211358.97,59236.02,0.0,0.0,59236.01999999999,59236.02,0,21,0,1,0,0,0,0
10.782017017746686,48146.14,0.0,0.0,159589.82,207735.96,48146.14,2.9103830456733704e-11,0.0,48146.139999999985,48146.14,0,13,0,0,0,0,1,0
11.642807895723609,113868.45,124462.0,238330.45,0.0,0.0,227736.90000000002,113868.45,-113868.45000000001,0.0,0.9148779155250958,1,11,1,0,0,0,0,0
13.806402525478218,990932.32,208940.0,0.0,202354.41,1193286.73,781992.32,0.0,208940.0,990932.32,4.74264179840242,0,12,0,0,0,0,1,0
10.365286049059154,31737.51,12582.0,0.0,0.0,0.0,19155.51,31737.51,12582.0,0.0,2.522253039815624,1,18,0,0,0,1,0,0
11.679767073215725,118155.71,0.0,0.0,5128413.52,5246569.23,118155.71,-9.313225746154785e-10,0.0,118155.7100000009,118155.71,0,20,0,1,0,0,0,0
10.072774949192826,23688.21,0.0,0.0,0.0,0.0,23688.21,23688.21,0.0,0.0,23688.21,1,17,0,0,0,1,0,0
12.4821001794164,263575.83,10336.0,0.0,0.0,263575.83,253239.83000000002,0.0,10336.0,263575.83,25.498290606558964,0,12,0,0,0,0,1,0
12.599025905900177,296268.83,2730616.31,3026885.14,1520576.63,1224307.8,592537.6600000001,592537.6599999999,-296268.8300000001,-296268.82999999984,0.10849884709769163,0,19,1,0,0,0,0,0
11.133450712385548,68421.07,0.0,0.0,5746118.39,5814539.46,68421.07,0.0,0.0,68421.0700000003,68421.07,0,14,0,1,0,0,0,0
7.673627690435297,2149.87,3515.0,1365.13,0.0,0.0,0.0,2149.87,2149.87,0.0,0.6114533560864619,1,18,0,0,0,1,0,0
12.689132883820966,324204.51,29778.0,0.0,607583.47,931787.98,294426.51,0.0,29778.0,324204.51,10.887018032841937,0,10,0,1,0,0,0,0
12.332864402748195,227035.12,8261314.91,8488350.03,2907224.4,2680189.28,454070.23999999836,454070.2400000002,-227035.11999999918,-227035.1200000001,0.027481713866574557,0,13,1,0,0,0,0,0
10.14939600594163,25574.65,33.0,25607.65,0.0,0.0,51149.3,25574.65,-25574.65,0.0,752.1955882352942,1,10,1,0,0,0,0,0
13.229890552160215,556759.56,50281.0,0.0,529278.19,1086037.74,506478.56000000006,0.010000000009313226,50281.0,556759.55,11.07274094109224,0,14,0,1,0,0,0,0
11.593731143046272,108415.02,151671.0,43255.98,110981.05,219396.07,0.0,0.0,108415.01999999999,108415.02,0.714799171897252,0,9,0,1,0,0,0,0
11.772152505801488,129591.8,0.0,0.0,1950446.29,2080038.09,129591.8,0.0,0.0,129591.80000000005,129591.8,0,22,0,1,0,0,0,0
10.071876668724924,23666.94,66928.79,43261.85,0.0,0.0,0.0,23666.94,23666.939999999995,0.0,0.3536084604478813,1,14,0,0,0,1,0,0
9.95889908034765,21138.51,117770.0,96631.49,25987.5,47126.01,0.0,-7.275957614183426e-12,21138.509999999995,21138.510000000002,0.17948824413480396,0,18,0,1,0,0,0,0
12.951642527457434,421527.44,0.0,0.0,1968991.6,2390519.04,421527.44,0.0,0.0,421527.43999999994,421527.44,0,22,0,0,0,0,1,0
10.086450570216718,24014.4,0.0,0.0,12433389.25,12457403.65,24014.4,0.0,0.0,24014.400000000373,24014.4,0,21,0,1,0,0,0,0
12.10705204562298,181143.81,1342613.37,1523757.18,1683543.59,1502399.78,362287.6199999999,362287.6200000001,-181143.80999999982,-181143.81000000006,0.13491871832118107,0,19,1,0,0,0,0,0
9.585041071391313,14544.56,25853.68,11309.12,0.0,0.0,0.0,14544.56,14544.56,0.0,0.5625503777265857,1,15,0,0,0,1,0,0
12.515116423401622,272423.4,102759.0,375182.4,298.0,0.0,544846.8,272721.4,-272423.4,-298.0,2.651064616582328,0,12,1,0,0,0,0,0
8.692765355550517,5958.64,973.0,0.0,0.0,0.0,4985.64,5958.64,973.0,0.0,6.117700205338809,1,21,0,0,0,1,0,0
7.327248202274937,1520.19,3325.0,1804.81,0.0,0.0,0.0,1520.19,1520.19,0.0,0.4570625375826819,1,18,0,0,0,1,0,0
10.307558021920983,29957.19,0.0,0.0,0.0,0.0,29957.19,29957.19,0.0,0.0,29957.19,1,18,0,0,0,1,0,0
10.804396184171482,49235.78,11444.0,60679.78,45886.92,0.0,98471.56,95122.7,-49235.78,-45886.92,4.301946701616426,0,15,1,0,0,0,0,0
11.632048225017208,112649.82,74650.67,0.0,1367479.82,1167387.67,37999.15000000001,312741.9700000002,74650.67,-200092.15000000014,1.5090060275945603,0,11,0,1,0,0,0,0
12.44330622454431,253546.44,8621628.09,8875174.53,520695.56,267149.12,507092.87999999896,507092.88,-253546.43999999948,-253546.44,0.029408182299802462,0,20,1,0,0,0,0,0
11.75999591139775,128025.93,3828855.98,3956881.91,317326.18,303820.52,256051.86000000034,141531.58999999997,-128025.93000000017,-13505.659999999974,0.033437114697347614,0,19,1,0,0,0,0,0
13.112291586775221,494988.38,0.0,0.0,703149.94,1198138.32,494988.38,-2.3283064365386963e-10,0.0,494988.3800000001,494988.38,0,12,0,1,0,0,0,0
11.032750280402997,61866.5,0.0,0.0,9499157.59,9561024.09,61866.5,0.0,0.0,61866.5,61866.5,0,15,0,1,0,0,0,0
11.933921803351238,152346.87,0.0,0.0,883933.49,1036280.36,152346.87,0.0,0.0,152346.87,152346.87,0,18,0,1,0,0,0,0
12.156736644919132,190371.25,2759399.0,2949770.26,493383.76,303012.5,380742.5099999998,380742.51,-190371.25999999978,-190371.26,0.06899008842501993,0,20,1,0,0,0,0,0
12.467326601525587,259710.48,2920966.15,3180676.64,3278756.04,3019045.56,519420.9700000002,519420.95999999996,-259710.49000000022,-259710.47999999998,0.08891249598613254,0,19,1,0,0,0,0,0
12.464492950496219,258975.59,0.0,0.0,370188.38,704987.05,258975.59,-75823.08000000007,0.0,334798.67000000004,258975.59,0,13,0,1,0,0,0,0
8.328120094179562,4137.63,0.0,0.0,0.0,0.0,4137.63,4137.63,0.0,0.0,4137.63,1,11,0,0,0,1,0,0
10.301766233354918,29784.18,5005.0,0.0,0.0,0.0,24779.18,29784.18,5005.0,0.0,5.949696364362765,1,13,0,0,0,1,0,0
11.323366098309448,82731.36,104834.0,22102.64,186191.24,268922.59,0.0,0.009999999951105565,82731.36,82731.35000000003,0.7891578194305336,0,13,0,1,0,0,0,0
11.103028902455927,66370.89,50520.0,0.0,196938.04,263308.92,15850.89,0.010000000009313226,50520.0,66370.87999999998,1.3137287464618674,0,20,0,1,0,0,0,0
12.363100624815509,234004.67,20606.0,0.0,77324.59,311329.26,213398.67,0.0,20606.0,234004.67,11.35559130392585,0,12,0,1,0,0,0,0
11.039515239860059,62286.45,15183.0,0.0,4722444.54,4784730.99,47103.45,0.0,15183.0,62286.450000000186,4.102110774499473,0,20,0,1,0,0,0,0
11.372812460980152,86925.0,7434370.73,7521295.72,109931.78,23006.79,173849.9899999993,173849.99,-86924.98999999929,-86924.98999999999,0.01169231283515601,0,19,1,0,0,0,0,0
12.15825404424064,190660.34,105510.0,0.0,66880.68,257541.01,85150.34,0.009999999980209395,105510.0,190660.33000000002,1.807018604695245,0,14,0,1,0,0,0,0
12.664679199142018,316372.64,0.0,0.0,1087491.23,1403863.87,316372.64,0.0,0.0,316372.64000000013,316372.64,0,14,0,0,0,0,1,0
12.148253525236484,188763.13,1938.0,190701.13,0.0,0.0,377526.26,188763.13,-188763.13,0.0,97.35076328004126,1,17,1,0,0,0,0,0
11.822536505393867,136288.49,50739.0,187027.49,97457.29,0.0,272576.98,233745.77999999997,-136288.49,-97457.29,2.686016752069373,0,12,1,0,0,0,0,0
9.355566488956054,11562.01,690228.3,678666.29,0.0,0.0,0.0,11562.01,11562.01000000001,0.0,0.01675096956909827,1,11,0,0,0,1,0,0
12.592863333676856,294448.66,38463.0,0.0,913621.99,1208070.65,255985.65999999997,0.0,38463.0,294448.6599999999,7.655175228785357,0,18,0,1,0,0,0,0
9.21822222837667,10078.13,72887.0,62808.87,347773.87,357852.0,0.0,0.0,10078.129999999997,10078.130000000005,0.1382687136428493,0,20,0,1,0,0,0,0
9.666290714746225,15775.72,321878.0,306102.28,4736684.37,4752460.1,0.0,-0.009999999776482582,15775.719999999972,15775.729999999516,0.04901133655814763,0,12,0,1,0,0,0,0
10.841916221961245,51118.24,27560.0,0.0,1084393.99,1135512.23,23558.239999999998,0.0,27560.0,51118.23999999999,1.8547309604150792,0,14,0,1,0,0,0,0
10.253113611354152,28369.74,41977.0,13607.26,0.0,0.0,0.0,28369.74,28369.739999999998,0.0,0.6758240030492163,1,21,0,0,0,1,0,0
11.759328563502573,127940.52,13931841.01,14059781.54,390840.83,262900.31,255881.04999999888,255881.04000000004,-127940.52999999933,-127940.52000000002,0.009183316887183105,0,13,1,0,0,0,0,0
11.288650148451323,79908.51,21745.0,0.0,0.0,79908.51,58163.509999999995,0.0,21745.0,79908.51,3.6746302768325205,0,20,0,1,0,0,0,0
11.074103398247969,64478.55,99286.0,34807.45,44902.41,109380.97,0.0,-0.00999999999476131,64478.55,64478.56,0.6494158349028574,0,13,0,1,0,0,0,0
12.64916354172841,311501.78,0.0,0.0,11280933.72,11592435.5,311501.78,0.0,0.0,311501.77999999933,311501.78,0,11,0,0,0,0,1,0
10.07473973591561,23734.8,0.0,0.0,0.0,0.0,23734.8,23734.8,0.0,0.0,23734.8,1,14,0,0,0,1,0,0
12.660550654904783,315069.17,0.0,0.0,2471283.51,2786352.68,315069.17,-4.656612873077393e-10,0.0,315069.1700000004,315069.17,0,21,0,1,0,0,0,0
9.599931485594515,14762.77,491400.08,476637.31,0.0,0.0,0.0,14762.77,14762.770000000019,0.0,0.030042200965451682,1,11,0,0,0,1,0,0
7.378627281083006,1600.39,0.0,0.0,0.0,0.0,1600.39,1600.39,0.0,0.0,1600.39,1,11,0,0,0,1,0,0
11.47281623720472,96067.45,1646219.8,1742287.24,130578.67,443125.3,192134.8899999999,-216479.18,-96067.43999999994,312546.63,0.05835635778627022,0,16,1,0,0,0,0,0
7.885306665654977,2656.94,0.0,0.0,0.0,0.0,2656.94,2656.94,0.0,0.0,2656.94,1,9,0,0,0,1,0,0
12.704199429249739,329126.15,10093.0,0.0,526603.07,855729.22,319033.15,0.0,10093.0,329126.15,32.60611749554191,0,16,0,1,0,0,0,0
7.673636988954972,2149.89,329012.0,326862.11,0.0,0.0,0.0,2149.89,2149.890000000014,0.0,0.00653436186412087,1,15,0,0,0,1,0,0
10.165346304638387,25985.86,18243.68,0.0,0.0,0.0,7742.18,25985.86,18243.68,0.0,1.4242979323287666,1,20,0,0,0,1,0,0
10.654235493530784,42370.68,8918.0,0.0,0.0,42370.68,33452.68,0.0,8918.0,42370.68,4.750608812647158,0,16,0,1,0,0,0,0
11.654770019810481,115238.75,1008.0,0.0,210958.3,326197.05,114230.75,0.0,1008.0,115238.75,114.21085232903866,0,19,0,1,0,0,0,0
10.995922299423654,59629.49,6345585.0,6405214.5,114496.05,54866.56,119258.99000000022,119258.98000000001,-59629.5,-59629.490000000005,0.009397002893034622,0,21,1,0,0,0,0,0
10.579789647957266,39330.84,0.0,0.0,1537242.29,1576573.13,39330.84,2.3283064365386963e-10,0.0,39330.83999999985,39330.84,0,17,0,1,0,0,0,0
12.08501642760258,177195.83,51601.0,228796.83,0.0,0.0,354391.66,177195.83,-177195.83,0.0,3.433894616487733,1,20,1,0,0,0,0,0
9.542114446640626,13933.38,17897.83,3964.45,0.0,0.0,-3.637978807091713e-12,13933.38,13933.380000000001,0.0,0.7784519993764955,1,14,0,0,0,1,0,0
12.273579039423193,213966.42,0.0,0.0,4234991.89,4448958.31,213966.42,0.0,0.0,213966.41999999993,213966.42,0,20,0,1,0,0,0,0
9.253558852628277,10440.66,0.0,0.0,0.0,0.0,10440.66,10440.66,0.0,0.0,10440.66,1,19,0,0,0,1,0,0
8.53036802095159,5065.31,0.0,0.0,0.0,0.0,5065.31,5065.31,0.0,0.0,5065.31,1,19,0,0,0,1,0,0
11.41283548007616,90474.6,79152.0,169626.6,340507.38,250032.78,180949.2,180949.19999999998,-90474.6,-90474.6,1.1430343764607787,0,17,1,0,0,0,0,0
12.42532519671204,249028.14,505816.0,256787.86,0.0,249028.14,0.0,0.0,249028.14,249028.14,0.4923285298833373,0,18,0,1,0,0,0,0
10.091731537081849,24141.56,0.0,0.0,32887.1,57028.67,24141.56,-0.00999999999476131,0.0,24141.57,24141.56,0,15,0,1,0,0,0,0
12.885114207976248,394396.36,0.0,0.0,576149.22,2098843.38,394396.36,-1128297.7999999998,0.0,1522694.16,394396.36,0,14,0,1,0,0,0,0
12.720300614749053,334468.38,1093.0,335561.38,782594.61,448126.24,668936.76,668936.75,-334468.38,-334468.37,305.7297806215722,0,16,1,0,0,0,0,0
9.950954937456812,20971.24,3358082.46,3379053.7,152082.01,131110.77,41942.48000000045,41942.48000000001,-20971.240000000224,-20971.24000000002,0.006245002618249399,0,22,1,0,0,0,0,0
11.767396660968378,128976.94,5771041.57,5900018.51,315635.88,186658.94,257953.8799999999,257953.88,-128976.93999999948,-128976.94,0.02234898433611797,0,16,1,0,0,0,0,0
10.155313405572652,25726.44,71462.0,45735.56,0.0,0.0,0.0,25726.44,25726.440000000002,0.0,0.35999664161873973,1,18,0,0,0,1,0,0
9.620457973765005,15068.95,195500.0,180431.05,0.0,0.0,0.0,15068.95,15068.950000000012,0.0,0.07707863386888048,1,19,0,0,0,1,0,0
12.187235739774803,196266.88,20115.0,216381.88,132745.14,0.0,392533.76,329012.02,-196266.88,-132745.14,9.756754822032214,0,12,1,0,0,0,0,0
11.94439179248389,153950.33,3682084.8,3836035.13,193098.7,132719.18,307900.66000000015,214329.85000000003,-153950.33000000007,-60379.52000000002,0.041810630811481904,0,19,1,0,0,0,0,0
9.431918698965664,12479.45,18322.0,5842.55,0.0,0.0,0.0,12479.45,12479.45,0.0,0.6810811548327239,1,18,0,0,0,1,0,0
9.15090772697304,9421.99,0.0,0.0,0.0,0.0,9421.99,9421.99,0.0,0.0,9421.99,1,10,0,0,0,1,0,0
12.537407494056765,278564.22,0.0,0.0,1804042.36,2082606.58,278564.22,0.0,0.0,278564.22,278564.22,0,22,0,1,0,0,0,0
9.655921305325759,15612.97,23468.0,7855.03,0.0,0.0,0.0,15612.97,15612.970000000001,0.0,0.6652592781967702,1,23,0,0,0,1,0,0
9.491180592245064,13241.42,0.0,0.0,0.0,0.0,13241.42,13241.42,0.0,0.0,13241.42,1,2,0,0,0,1,0,0
10.347564213938401,31180.0,92566.0,61386.0,0.0,0.0,0.0,31180.0,31180.0,0.0,0.3368371017749306,1,11,0,0,0,1,0,0
12.868469390635651,387886.02,0.0,0.0,408948.57,796834.59,387886.02,1.1641532182693481e-10,0.0,387886.01999999996,387886.02,0,19,0,1,0,0,0,0
8.090990539113255,3263.92,0.0,0.0,0.0,0.0,3263.92,3263.92,0.0,0.0,3263.92,1,16,0,0,0,1,0,0
8.848186158505145,6960.75,0.0,0.0,0.0,0.0,6960.75,6960.75,0.0,0.0,6960.75,1,18,0,0,0,1,0,0
14.072728077556235,1293325.42,20454.0,0.0,0.0,1293325.42,1272871.42,0.0,20454.0,1293325.42,63.22783769249572,0,19,0,0,0,0,1,0
9.646387060081235,15464.81,164.0,0.0,0.0,0.0,15300.81,15464.81,164.0,0.0,93.72612121212121,1,14,0,0,0,1,0,0
11.773118605021109,129717.06,7343264.95,7472982.0,5647640.67,5517923.61,259434.1099999994,259434.11999999918,-129717.04999999981,-129717.05999999959,0.01766476400054665,0,15,1,0,0,0,0,0
9.934526327039421,20629.51,0.0,0.0,0.0,0.0,20629.51,20629.51,0.0,0.0,20629.51,1,17,0,0,0,1,0,0
8.310365804586963,4064.8,100241.0,96176.2,0.0,0.0,0.0,4064.8,4064.800000000003,0.0,0.040549869316254664,1,21,0,0,0,1,0,0
9.435268729575638,12521.33,484238.0,471716.67,0.0,0.0,0.0,12521.33,12521.330000000016,0.0,0.02585774793025758,1,17,0,0,0,1,0,0
11.196044146961983,72840.72,0.0,0.0,463865.77,536706.49,72840.72,0.0,0.0,72840.71999999997,72840.72,0,13,0,1,0,0,0,0
7.955123394863228,2849.14,0.0,0.0,63101.32,65950.46,2849.14,0.0,0.0,2849.1400000000067,2849.14,0,23,0,1,0,0,0,0
11.411564053336848,90359.64,0.0,0.0,1730251.34,1820610.97,90359.64,0.010000000009313226,0.0,90359.62999999989,90359.64,0,18,0,1,0,0,0,0
12.068690419382941,174326.4,24529396.65,24703723.05,4067974.99,3893648.59,348652.80000000075,348652.80000000075,-174326.40000000224,-174326.40000000037,0.007106835744089297,0,13,1,0,0,0,0,0
12.319382580661394,223994.8,27344.0,251338.8,737652.78,513657.98,447989.6,447989.6000000001,-223994.8,-223994.80000000005,8.191435362954836,0,14,1,0,0,0,0,0
11.158069294631034,70126.43,912057.45,982183.89,283079.16,212952.73,140252.8700000001,140252.85999999996,-70126.44000000006,-70126.42999999996,0.07688808760008747,0,9,1,0,0,0,0,0
12.522944872184071,274564.43,0.0,0.0,873031.68,1147596.11,274564.43,0.0,0.0,274564.43000000005,274564.43,0,20,0,1,0,0,0,0
12.926251773472675,410959.25,2115.0,0.0,3128684.94,3539644.19,408844.25,0.0,2115.0,410959.25,194.21514650283555,0,21,0,0,0,0,1,0
9.033881197788777,8381.33,5126460.23,5134841.56,217509.13,209127.8,16762.659999999218,16762.660000000003,-8381.329999999143,-8381.330000000016,0.0016349153195488028,0,10,1,0,0,0,0,0
10.985410851503618,59005.97,39900.0,98905.97,233635.57,174629.6,118011.94,118011.94000000003,-59005.97,-59005.97,1.478809303024987,0,9,1,0,0,0,0,0
12.296003107841601,218818.64,0.0,0.0,655730.87,874549.51,218818.64,0.0,0.0,218818.64,218818.64,0,15,0,1,0,0,0,0
7.559856481606081,1918.57,19280.0,21198.57,1416067.48,1414148.91,3837.1399999999994,3837.1400000001304,-1918.5699999999997,-1918.5700000000652,0.0995057310305482,0,18,1,0,0,0,0,0
12.85723173527711,383551.48,0.0,0.0,411673.73,795225.21,383551.48,0.0,0.0,383551.48,383551.48,0,9,0,0,0,0,1,0
11.411398259448818,90344.66,11120102.06,11210446.71,256631.08,236190.44,180689.31000000052,110785.29999999999,-90344.65000000037,-20440.639999999985,0.008124444486938056,0,13,1,0,0,0,0,0
10.526519893152123,37290.47,2378075.44,2415365.92,136084.2,98793.73,74580.95000000019,74580.94000000002,-37290.47999999998,-37290.470000000016,0.015680938330140472,0,9,1,0,0,0,0,0
12.106576235679007,181057.64,0.0,0.0,3107186.91,3288244.55,181057.64,4.656612873077393e-10,0.0,181057.63999999966,181057.64,0,14,0,1,0,0,0,0
7.515899972472136,1836.02,0.0,0.0,0.0,0.0,1836.02,1836.02,0.0,0.0,1836.02,1,15,0,0,0,1,0,0
9.33265446022544,11300.09,0.0,0.0,776530.86,1493821.59,11300.09,-705990.6400000001,0.0,717290.7300000001,11300.09,0,9,0,1,0,0,0,0
12.685416518573712,323001.88,0.0,0.0,1708425.43,2031427.3,323001.88,0.010000000009313226,0.0,323001.8700000001,323001.88,0,20,0,1,0,0,0,0
9.264226103093906,10552.64,0.0,0.0,0.0,0.0,10552.64,10552.64,0.0,0.0,10552.64,1,12,0,0,0,1,0,0
8.629821631608847,5595.08,0.0,0.0,0.0,0.0,5595.08,5595.08,0.0,0.0,5595.08,1,12,0,0,0,1,0,0
11.172414041807214,71139.64,0.0,0.0,2808967.02,2880106.66,71139.64,0.0,0.0,71139.64000000013,71139.64,0,13,0,1,0,0,0,0
10.446943470272027,34437.95,25212.0,59649.95,1615046.9,1580608.95,68875.9,68875.8999999999,-34437.95,-34437.94999999995,1.3658806964661085,0,10,1,0,0,0,0,0
12.054963610208684,171949.79,5973425.21,6145375.0,931169.64,759219.85,343899.5800000001,343899.57999999996,-171949.79000000004,-171949.79000000004,0.028785789587915576,0,15,1,0,0,0,0,0
9.266591207424764,10577.63,169032.0,158454.37,0.0,0.0,0.0,10577.63,10577.630000000005,0.0,0.0625773073896813,1,15,0,0,0,1,0,0
10.942433697400961,56523.74,0.0,0.0,0.0,0.0,56523.74,56523.74,0.0,0.0,56523.74,1,18,0,0,0,1,0,0
11.858846067726093,141328.04,0.0,0.0,999499.9,1140827.94,141328.04,0.0,0.0,141328.03999999992,141328.04,0,16,0,1,0,0,0,0
11.811876948401384,134843.42,0.0,0.0,157396.11,292239.53,134843.42,0.0,0.0,134843.42000000004,134843.42,0,19,0,0,0,0,1,0
12.87031618643269,388603.03,8243936.41,8632539.44,592097.19,203494.15,777206.0599999987,777206.07,-388603.02999999933,-388603.0399999999,0.04713803740535677,0,0,1,0,0,0,0,0
9.094896972235953,8908.71,0.0,0.0,0.0,0.0,8908.71,8908.71,0.0,0.0,8908.71,1,15,0,0,0,1,0,0
9.222881403470494,10125.2,273748.86,263623.66,0.0,0.0,0.0,10125.2,10125.200000000012,0.0,0.03698705087922237,1,22,0,0,0,1,0,0
10.274991452016756,28997.27,0.0,0.0,0.0,0.0,28997.27,28997.27,0.0,0.0,28997.27,1,9,0,0,0,1,0,0
6.768711578609427,869.19,71325.0,70455.81,0.0,0.0,0.0,869.19,869.1900000000023,0.0,0.0121861593247904,1,18,0,0,0,1,0,0
9.216034131718105,10056.1,0.0,0.0,0.0,0.0,10056.1,10056.1,0.0,0.0,10056.1,1,9,0,0,0,1,0,0
11.990524674621119,161218.92,135918.91,0.0,3605416.31,4282713.85,25300.01000000001,-516078.61999999965,135918.91,677297.5399999996,1.1861317447900017,0,19,0,0,0,0,1,0
10.907391097167823,54577.27,125403.0,70825.73,68694.57,123271.84,0.0,0.0,54577.270000000004,54577.26999999999,0.4352115562501993,0,15,0,1,0,0,0,0
12.183409618187573,195517.37,14726242.49,14921759.86,555032.56,359515.19,391034.73999999836,391034.74000000005,-195517.36999999918,-195517.37000000005,0.013276798671213605,0,17,1,0,0,0,0,0
12.159768097156734,190949.23,0.0,0.0,3265163.69,3456112.91,190949.23,0.009999999776482582,0.0,190949.2200000002,190949.23,0,13,0,0,0,0,1,0
11.540340417409068,102778.42,0.0,0.0,6600187.14,6702965.56,102778.42,0.0,0.0,102778.41999999993,102778.42,0,15,0,1,0,0,0,0
12.182007590984055,195243.44,115783.0,0.0,921393.4,1116636.84,79460.44,0.0,115783.0,195243.44000000006,1.6862730601810267,0,15,0,1,0,0,0,0
12.725986704071122,336375.62,0.0,0.0,389642.69,726018.31,336375.62,0.0,0.0,336375.62000000005,336375.62,0,14,0,1,0,0,0,0
11.464194254063019,95242.71,2841794.45,2937037.16,1095073.8,999831.09,190485.41999999993,190485.42000000004,-95242.70999999996,-95242.71000000008,0.03351497730070614,0,20,1,0,0,0,0,0
11.064904203306844,63888.11,0.0,0.0,4490823.85,4554711.95,63888.11,0.009999999776482582,0.0,63888.10000000056,63888.11,0,12,0,0,0,0,1,0
11.400057393564353,89325.85,0.0,0.0,623733.02,713058.87,89325.85,0.0,0.0,89325.84999999998,89325.85,0,18,0,1,0,0,0,0
9.25033866734942,10407.09,125247.65,114840.55,0.0,0.0,-0.00999999999476131,10407.09,10407.099999999991,0.0,0.0830914345184559,1,9,0,0,0,1,0,0
9.275294431765609,10670.1,0.0,0.0,0.0,0.0,10670.1,10670.1,0.0,0.0,10670.1,1,10,0,0,0,1,0,0
11.888962792253167,145649.15,52180.0,0.0,0.0,145649.15,93469.15,0.0,52180.0,145649.15,2.791229566317242,0,11,0,1,0,0,0,0
10.113562480171744,24674.41,20839.0,0.0,0.0,0.0,3835.41,24674.41,20839.0,0.0,1.1839928023032629,1,13,0,0,0,1,0,0
12.849039596226882,380422.2,0.0,0.0,802260.33,1182682.53,380422.2,0.0,0.0,380422.20000000007,380422.2,0,20,0,1,0,0,0,0
10.791438067392084,48601.88,0.0,0.0,492844.16,541446.04,48601.88,-1.1641532182693481e-10,0.0,48601.88000000006,48601.88,0,9,0,1,0,0,0,0
7.195232330418546,1332.06,94.0,0.0,741566.28,742898.34,1238.06,1.1641532182693481e-10,94.0,1332.0599999999395,14.021684210526315,0,10,0,0,1,0,0,0
9.127117446098483,9200.46,5578.0,0.0,0.0,0.0,3622.459999999999,9200.46,5578.0,0.0,1.6491234988349166,1,18,0,0,0,1,0,0
9.118637278805794,9122.76,107425.52,98302.76,0.0,0.0,-1.4551915228366852e-11,9122.76,9122.76000000001,0.0,0.08492093013903829,1,20,0,0,0,1,0,0
14.099669514023441,1328643.11,0.0,0.0,4215756.32,5544399.42,1328643.11,0.010000000707805157,0.0,1328643.0999999996,1328643.11,0,21,0,0,0,0,1,0
12.843501016698724,378321.02,41402.0,0.0,0.0,378321.02,336919.02,0.0,41402.0,378321.02,9.137526749269377,0,12,0,1,0,0,0,0
10.935372971822757,56126.04,229889.56,286015.6,1463756.7,1407630.66,112252.07999999996,112252.08000000007,-56126.03999999998,-56126.04000000004,0.24414243020679058,0,20,1,0,0,0,0,0
7.382161701692664,1606.06,0.0,0.0,0.0,0.0,1606.06,1606.06,0.0,0.0,1606.06,1,17,0,0,0,1,0,0
12.325329527874077,225330.86,745.0,0.0,1163507.24,1388838.1,224585.86,0.0,745.0,225330.8600000001,302.05209115281497,0,16,0,1,0,0,0,0
12.200046424278048,198797.38,8507045.28,8705842.65,4275926.54,4077129.17,397594.75000000186,397594.75,-198797.37000000104,-198797.3700000001,0.02336855513145275,0,17,1,0,0,0,0,0
10.993152432256721,59464.55,2220.09,0.0,170964.72,230429.27,57244.46000000001,2.9103830456733704e-11,2220.09,59464.54999999999,26.77268818463007,0,19,0,0,0,0,1,0
13.055527392450069,467673.3,69844.0,0.0,10450.0,784592.15,397829.3,-306468.85000000003,69844.0,774142.15,6.695873720380843,0,9,0,1,0,0,0,0
8.024567604294198,3054.1,63199.33,60145.22,0.0,0.0,-0.010000000002037268,3054.1,3054.1100000000006,0.0,0.04832411476332481,1,20,0,0,0,1,0,0
6.40979652092297,606.77,8972.0,8365.23,554673.09,555279.86,0.0,0.0,606.7700000000004,606.7700000000186,0.06762175415134292,0,6,0,0,1,0,0,0
7.722093016331805,2256.68,53075.0,50818.32,0.0,0.0,0.0,2256.68,2256.6800000000003,0.0,0.04251789886200919,1,20,0,0,0,1,0,0
12.013979138372305,165044.94,20095.0,0.0,2116293.45,2281338.39,144949.94,0.0,20095.0,165044.93999999994,8.21282543789809,0,12,0,1,0,0,0,0
11.391891425523028,88599.38,3388.0,0.0,552744.53,641343.91,85211.38,0.0,3388.0,88599.38,26.143222189436415,0,19,0,1,0,0,0,0
8.49273860049646,4878.21,0.0,0.0,0.0,0.0,4878.21,4878.21,0.0,0.0,4878.21,1,12,0,0,0,1,0,0
7.789657444056271,2414.49,10773.0,8358.51,0.0,0.0,0.0,2414.49,2414.49,0.0,0.22410339706701315,1,20,0,0,0,1,0,0
8.60941132303555,5482.02,103628.0,98145.98,0.0,0.0,0.0,5482.02,5482.020000000004,0.0,0.05290044292620792,1,10,0,0,0,1,0,0
11.545499425787016,103310.03,0.0,0.0,4069758.64,4173068.67,103310.03,0.0,0.0,103310.0299999998,103310.03,0,16,0,1,0,0,0,0
10.342942408430583,31036.22,216.0,0.0,0.0,0.0,30820.22,31036.22,216.0,0.0,143.02405529953919,1,15,0,0,0,1,0,0
12.466577451506536,259515.99,0.0,0.0,1969629.09,2229145.08,259515.99,0.0,0.0,259515.99,259515.99,0,19,0,1,0,0,0,0
8.645130717501846,5681.41,643094.51,637413.11,0.0,0.0,0.010000000009313226,5681.41,5681.400000000023,0.0,0.00883447312515057,1,9,0,0,0,1,0,0
7.801824941485175,2444.06,0.0,0.0,0.0,0.0,2444.06,2444.06,0.0,0.0,2444.06,1,18,0,0,0,1,0,0
11.38241954811763,87764.13,50497.0,0.0,295126.6,626349.06,37267.130000000005,-243458.33000000007,50497.0,331222.4600000001,1.7379723949463346,0,16,0,1,0,0,0,0
11.20369719809213,73400.32,7172747.26,7246147.58,120795.72,47395.4,146800.6400000006,146800.64,-73400.3200000003,-73400.32,0.010233221261831934,0,12,1,0,0,0,0,0
12.933640697062856,414007.05,0.0,0.0,4505485.14,4919492.2,414007.05,-0.010000000707805157,0.0,414007.0600000005,414007.05,0,15,0,1,0,0,0,0
9.740233647127365,16986.51,1354.0,0.0,47588.43,64574.94,15632.509999999998,0.0,1354.0,16986.510000000002,12.536169741697416,0,21,0,1,0,0,0,0
10.048693778303635,23124.56,0.0,0.0,0.0,0.0,23124.56,23124.56,0.0,0.0,23124.56,1,19,0,0,0,1,0,0
8.84839298165916,6962.19,0.0,0.0,0.0,0.0,6962.19,6962.19,0.0,0.0,6962.19,1,19,0,0,0,1,0,0
11.942217380072938,153615.94,9887803.04,10041418.98,414808.5,261192.56,307231.8800000008,307231.87999999995,-153615.94000000134,-153615.94,0.01553590052741377,0,11,1,0,0,0,0,0
11.590348899186198,108048.95,24446.0,0.0,4441629.79,4549678.74,83602.95,0.0,24446.0,108048.95000000019,4.4197222563095675,0,15,0,1,0,0,0,0
12.88929458342224,396048.54,5760569.81,6156618.35,4655348.02,4259299.48,792097.0800000001,792097.0799999991,-396048.54000000004,-396048.5399999991,0.06875161387001508,0,14,1,0,0,0,0,0
11.514394585284315,100146.02,146.0,100292.02,148221.46,48075.43,200292.04,200292.05,-100146.02,-100146.03,681.2654421768708,0,14,1,0,0,0,0,0
10.3419053734258,31004.05,11080633.18,11111637.23,480508.78,449504.72,62008.10000000149,62008.110000000044,-31004.050000000745,-31004.060000000056,0.00279803930861293,0,11,1,0,0,0,0,0
11.848030696236659,139807.75,38083.0,0.0,0.0,139807.75,101724.75,0.0,38083.0,139807.75,3.6710363932360046,0,13,0,1,0,0,0,0
12.827512013555149,372320.13,29848.0,0.0,2016901.09,2389221.22,342472.13,0.0,29848.0,372320.1300000001,12.473454052062046,0,14,0,1,0,0,0,0
11.449630010904551,93865.61,0.0,0.0,422386.3,516251.91,93865.61,0.0,0.0,93865.60999999999,93865.61,0,11,0,1,0,0,0,0
12.58004010337845,290696.97,34131.0,324827.97,887261.37,596564.4,581393.94,581393.9399999998,-290696.97,-290696.97,8.5168454822454,0,13,1,0,0,0,0,0
7.491243831329116,1791.28,0.0,0.0,17733.16,19524.45,1791.28,-0.010000000002037268,0.0,1791.2900000000009,1791.28,0,17,0,1,0,0,0,0
10.358145283498901,31511.68,41089.97,9578.29,0.0,0.0,0.0,31511.68,31511.68,0.0,0.7668760314005729,1,12,0,0,0,1,0,0
12.678528266186461,320784.6,10159.0,330943.6,0.0,0.0,641569.2,320784.6,-320784.6,0.0,31.573287401574802,1,9,1,0,0,0,0,0
10.778907955388602,47996.68,52872.0,4875.32,0.0,129386.1,0.0,-81389.42000000001,47996.68,129386.1,0.907772965407675,0,16,0,1,0,0,0,0
9.312609012711162,11075.81,115.0,0.0,151409.35,162485.16,10960.81,0.0,115.0,11075.809999999998,95.48112068965517,0,9,0,1,0,0,0,0
11.656849516349082,115478.64,79865.0,195343.64,0.0,0.0,230957.28000000003,115478.64,-115478.64000000001,0.0,1.445904890691909,1,10,1,0,0,0,0,0
6.720328713778177,828.09,53429.0,52600.91,0.0,0.0,0.0,828.09,828.0899999999965,0.0,0.015498596294216732,1,12,0,0,0,1,0,0
12.464252513763713,258913.33,46796.0,305709.33,0.0,0.0,517826.66000000003,258913.33,-258913.33000000002,0.0,5.532690770775904,1,13,1,0,0,0,0,0
12.078964862989661,176126.75,38227.0,0.0,202570.84,378697.59,137899.75,-5.820766091346741e-11,38227.0,176126.75000000003,4.607270848592655,0,20,0,0,0,0,1,0
12.385953225562915,239413.88,106991.0,0.0,3078249.23,3317663.11,132422.88,0.0,106991.0,239413.8799999999,2.237680200388814,0,13,0,1,0,0,0,0
12.974938614468215,431462.68,72591.0,0.0,0.0,431462.68,358871.68,0.0,72591.0,431462.68,5.943667070751598,0,13,0,1,0,0,0,0
8.97065576864173,7867.76,17040.0,9172.24,0.0,0.0,0.0,7867.76,7867.76,0.0,0.4616959098644446,1,17,0,0,0,1,0,0
9.18151796852648,9714.89,182726.0,173011.11,0.0,0.0,0.0,9714.89,9714.890000000014,0.0,0.05316614402907069,1,20,0,0,0,1,0,0
12.671179995037887,318436.02,95550.0,413986.02,26858.0,0.0,636872.04,345294.02,-318436.02,-26858.0,3.332628857887411,0,17,1,0,0,0,0,0
11.760169219288555,128048.12,0.0,0.0,476610.83,604658.96,128048.12,-0.010000000009313226,0.0,128048.12999999995,128048.12,0,17,0,1,0,0,0,0
12.64204610491547,309292.55,3186927.5,2877634.95,428794.62,738087.16,0.0,0.009999999892897904,309292.5499999998,309292.54000000004,0.09705035742094621,0,10,0,1,0,0,0,0
9.457990762528402,12809.12,184.0,0.0,0.0,0.0,12625.12,12809.12,184.0,0.0,69.2384864864865,1,23,0,0,0,1,0,0
9.587154259199552,14575.33,0.0,0.0,0.0,0.0,14575.33,14575.33,0.0,0.0,14575.33,1,16,0,0,0,1,0,0
9.794172003813582,17927.95,21352.0,3424.05,0.0,0.0,0.0,17927.95,17927.95,0.0,0.8395986512433851,1,17,0,0,0,1,0,0
9.527042752192816,13724.94,12914.0,0.0,0.0,0.0,810.9400000000005,13724.94,12914.0,0.0,1.0627131242741,1,21,0,0,0,1,0,0
9.5542725708998,14103.83,489094.91,474991.08,0.0,0.0,5.820766091346741e-11,14103.83,14103.829999999958,0.0,0.028836532286683814,1,15,0,0,0,1,0,0
9.606746571795998,14863.73,0.0,0.0,0.0,0.0,14863.73,14863.73,0.0,0.0,14863.73,1,9,0,0,0,1,0,0
11.428383617997874,91892.32,2418454.0,2510346.32,263614.39,171722.07,183784.63999999966,183784.64,-91892.31999999983,-91892.32,0.037996291020506896,0,13,1,0,0,0,0,0
9.108272208352325,9028.68,0.0,0.0,0.0,0.0,9028.68,9028.68,0.0,0.0,9028.68,1,11,0,0,0,1,0,0
9.214058451344593,10036.25,727745.0,717708.75,0.0,0.0,0.0,10036.25,10036.25,0.0,0.01379086934177584,1,20,0,0,0,1,0,0
11.176781734385,71451.04,0.0,0.0,369167.64,440618.68,71451.04,0.0,0.0,71451.03999999998,71451.04,0,19,0,1,0,0,0,0
10.943584035937004,56588.8,4144369.78,4200958.58,232862.1,176273.29,113177.6000000001,113177.61000000002,-56588.80000000028,-56588.81,0.013654376744737112,0,12,1,0,0,0,0,0
8.650711333952978,5713.21,42332.09,36618.88,0.0,0.0,0.0,5713.21,5713.209999999999,0.0,0.13495849228109738,1,15,0,0,0,1,0,0
7.289139420739559,1463.31,0.0,0.0,0.0,0.0,1463.31,1463.31,0.0,0.0,1463.31,1,15,0,0,0,1,0,0
8.484595616779046,4838.64,166996.83,162158.19,0.0,0.0,2.9103830456733704e-11,4838.64,4838.639999999985,0.0,0.02897426870756345,1,16,0,0,0,1,0,0
8.94151930716532,7641.8,15509.0,7867.2,0.0,0.0,0.0,7641.8,7641.8,0.0,0.49270148291424887,1,20,0,0,0,1,0,0
11.754889671407641,127373.86,0.0,0.0,3120189.54,3247563.39,127373.86,0.009999999776482582,0.0,127373.8500000001,127373.86,0,20,0,1,0,0,0,0
8.488559121477952,4857.86,11227.0,6369.14,0.0,0.0,0.0,4857.86,4857.86,0.0,0.4326558603491272,1,21,0,0,0,1,0,0
9.227536664554437,10172.45,17737.87,7565.42,0.0,0.0,3.637978807091713e-12,10172.45,10172.449999999999,0.0,0.5734553553862225,1,18,0,0,0,1,0,0
11.390092072704979,88440.1,0.0,0.0,239497.21,327937.31,88440.1,0.0,0.0,88440.1,88440.1,0,14,0,1,0,0,0,0
10.602878202017916,40249.52,14928.0,0.0,0.0,40249.52,25321.519999999997,0.0,14928.0,40249.52,2.696062696764686,0,20,0,1,0,0,0,0
12.603175151010701,297500.68,0.0,0.0,7773750.05,8241185.63,297500.68,-169934.90000000037,0.0,467435.5800000001,297500.68,0,14,0,1,0,0,0,0
8.874359814460986,7145.37,0.0,0.0,0.0,0.0,7145.37,7145.37,0.0,0.0,7145.37,1,20,0,0,0,1,0,0
11.227890685344638,75197.81,8888.0,0.0,0.0,75197.81,66309.81,0.0,8888.0,75197.81,8.459647879401507,0,19,0,1,0,0,0,0
9.275581146476132,10673.16,125343.0,114669.84,0.0,0.0,0.0,10673.16,10673.160000000003,0.0,0.08515094460045954,1,23,0,0,0,1,0,0
11.26207510042366,77812.88,157984.0,80171.12,445490.01,523302.89,0.0,0.0,77812.88,77812.88,0.49253334177295316,0,20,0,1,0,0,0,0
12.434313463678663,251276.57,0.0,0.0,2699256.83,2950533.4,251276.57,0.0,0.0,251276.56999999983,251276.57,0,14,0,1,0,0,0,0
12.381018862916374,238235.43,0.0,0.0,5721522.37,5959757.8,238235.43,0.0,0.0,238235.4299999997,238235.43,0,14,0,1,0,0,0,0
11.825646431513436,136713.0,134.0,0.0,260071.83,396784.84,136579.0,-0.010000000067520887,134.0,136713.01000000004,1012.6888888888889,0,21,0,1,0,0,0,0
10.831603885547478,50593.79,0.0,0.0,178157.98,228751.77,50593.79,2.9103830456733704e-11,0.0,50593.78999999998,50593.79,0,13,0,1,0,0,0,0
12.20740460807409,200265.57,39936.0,0.0,193544.65,393810.22,160329.57,0.0,39936.0,200265.56999999998,5.014537146004958,0,18,0,1,0,0,0,0
12.654923084004317,313301.07,0.0,0.0,805476.49,1975007.49,313301.07,-856229.9299999999,0.0,1169531.0,313301.07,0,8,0,1,0,0,0,0
9.462010736904125,12860.72,9529.0,0.0,291171.6,304032.31,3331.7199999999993,0.009999999951105565,9529.0,12860.710000000021,1.349498426023085,0,18,0,1,0,0,0,0
11.808164015194857,134343.68,0.0,0.0,611622.68,748645.59,134343.68,-2679.229999999865,0.0,137022.90999999992,134343.68,0,15,0,1,0,0,0,0
10.311531665483859,30076.47,0.0,0.0,0.0,0.0,30076.47,30076.47,0.0,0.0,30076.47,1,18,0,0,0,1,0,0
11.23171838444035,75486.2,59274.0,134760.2,1777813.67,1702327.46,150972.40000000002,150972.40999999992,-75486.20000000001,-75486.20999999996,1.273491353859131,0,8,1,0,0,0,0,0
12.668981038009935,317736.56,0.0,0.0,1339115.04,1656851.59,317736.56,0.010000000009313226,0.0,317736.55000000005,317736.56,0,14,0,1,0,0,0,0
11.49789629059812,98507.32,20332.0,118839.32,0.0,0.0,197014.64,98507.32,-98507.32,0.0,4.844701716421581,1,9,1,0,0,0,0,0
12.949596992210289,420666.07,13926.0,0.0,0.0,420666.07,406740.07,0.0,13926.0,420666.07,30.205074316076686,0,14,0,1,0,0,0,0
10.143523225220523,25424.89,0.0,0.0,0.0,0.0,25424.89,25424.89,0.0,0.0,25424.89,1,16,0,0,0,1,0,0
11.377252924581118,87311.85,0.0,0.0,423579.59,510891.45,87311.85,-0.009999999951105565,0.0,87311.85999999999,87311.85,0,17,0,1,0,0,0,0
13.259225536861281,573334.04,0.0,0.0,1327702.77,1901036.81,573334.04,0.0,0.0,573334.04,573334.04,0,18,0,0,0,0,1,0
10.465282678274562,35075.36,0.0,0.0,0.0,0.0,35075.36,35075.36,0.0,0.0,35075.36,1,17,0,0,0,1,0,0
12.343822608710205,229536.71,21744.0,251280.71,2860172.55,2630635.84,459073.42,459073.4199999999,-229536.71,-229536.70999999996,10.555838583582432,0,18,1,0,0,0,0,0
13.174881517362188,526959.84,0.0,0.0,1204969.25,1731929.09,526959.84,-2.3283064365386963e-10,0.0,526959.8400000001,526959.84,0,17,0,0,0,0,1,0
12.529129945763405,276267.9,7434211.19,7710479.1,4993657.44,4717389.54,552535.8099999996,552535.8000000007,-276267.9099999992,-276267.9000000004,0.0371616915066827,0,19,1,0,0,0,0,0
12.363710680317437,234147.47,42646.0,0.0,1574456.37,1808603.85,191501.47,-0.010000000009313226,42646.0,234147.47999999998,5.4903620418786785,0,16,0,1,0,0,0,0
8.93963995816329,7627.45,53071.0,60698.45,0.0,0.0,15254.899999999994,7627.45,-7627.449999999997,0.0,0.14371891015978294,1,20,1,0,0,0,0,0
12.561435854520669,285338.75,21250.0,0.0,0.0,285338.75,264088.75,0.0,21250.0,285338.75,13.427074020046115,0,19,0,1,0,0,0,0
12.468986451279884,260141.92,1154.0,0.0,70591.79,330733.71,258987.92,0.0,1154.0,260141.92000000004,225.2310995670996,0,10,0,1,0,0,0,0
9.63460826129575,15283.71,0.0,0.0,0.0,0.0,15283.71,15283.71,0.0,0.0,15283.71,1,16,0,0,0,1,0,0
12.399546904098989,242690.63,0.0,0.0,3997078.34,4239768.97,242690.63,0.0,0.0,242690.6299999999,242690.63,0,11,0,1,0,0,0,0
6.6686728763664185,786.35,73672.0,72885.65,0.0,0.0,0.0,786.35,786.3500000000058,0.0,0.01067351675647795,1,20,0,0,0,1,0,0
11.994099905227657,161796.35,0.0,0.0,399836.71,561633.06,161796.35,0.0,0.0,161796.35000000003,161796.35,0,18,0,1,0,0,0,0
12.029578277644703,167639.7,244.0,0.0,30639.0,198278.7,167395.7,0.0,244.0,167639.7,684.2436734693878,0,18,0,1,0,0,0,0
12.627921930305286,304954.74,0.0,0.0,1019639.23,1654834.93,304954.74,-330240.95999999996,0.0,635195.7,304954.74,0,19,0,1,0,0,0,0
11.706573138463112,121365.86,21540.0,0.0,0.0,121365.86,99825.86,0.0,21540.0,121365.86,5.634179471705121,0,17,0,1,0,0,0,0
11.68947263201925,119308.07,8445862.97,8565171.04,852070.4,732762.32,238616.13999999873,238616.15000000002,-119308.06999999844,-119308.08000000007,0.014126212596341402,0,11,1,0,0,0,0,0
12.295127849149177,218627.2,0.0,0.0,5684265.01,5902892.21,218627.2,0.0,0.0,218627.2000000002,218627.2,0,16,0,1,0,0,0,0
12.626190114910054,304427.07,0.0,0.0,649229.49,953656.56,304427.07,0.0,0.0,304427.07000000007,304427.07,0,9,0,1,0,0,0,0
10.851367645031287,51603.68,103404.0,51800.32,361224.91,412828.6,0.0,-0.010000000009313226,51603.68,51603.69,0.4990443402156569,0,20,0,1,0,0,0,0
11.609795881517389,110170.76,0.0,0.0,5571101.81,5681272.57,110170.76,-9.313225746154785e-10,0.0,110170.76000000071,110170.76,0,15,0,1,0,0,0,0
13.587434574682966,796062.77,0.0,0.0,1368360.51,1989243.93,796062.77,175179.35000000033,0.0,620883.4199999999,796062.77,0,9,0,0,0,0,1,0
11.019779137396227,61069.19,0.0,0.0,72123.28,133192.47,61069.19,0.0,0.0,61069.19,61069.19,0,15,0,1,0,0,0,0
10.856616739161034,51875.27,4734765.86,4786641.13,638748.29,586873.03,103750.5399999991,103750.53000000003,-51875.26999999955,-51875.26000000001,0.010956245900563728,0,3,1,0,0,0,0,0
12.177083079243097,194284.32,319432.0,513716.32,536297.37,342013.05,388568.64,388568.63999999996,-194284.32,-194284.32,0.6082161830493406,0,19,1,0,0,0,0,0
6.920088906140954,1011.41,0.0,0.0,0.0,0.0,1011.41,1011.41,0.0,0.0,1011.41,1,13,0,0,0,1,0,0
11.38584340206643,88065.14,4155881.84,4243946.99,135261.45,47196.31,176130.29000000004,176130.28000000003,-88065.15000000037,-88065.14000000001,0.021190477063593064,0,11,1,0,0,0,0,0
13.092701295429617,485385.76,11478.0,496863.76,671418.06,186032.3,970771.52,970771.52,-485385.76,-485385.76000000007,42.28467288091297,0,13,1,0,0,0,0,0
11.048070160329138,62821.6,80423.0,143244.6,7550229.79,7487408.19,125643.20000000001,125643.19999999925,-62821.600000000006,-62821.59999999963,0.7811300109420073,0,18,1,0,0,0,0,0
11.892103680298462,146107.34,64025.0,0.0,24009259.73,24155367.06,82082.34,0.010000001639127731,64025.0,146107.3299999982,2.2820001249492394,0,10,0,1,0,0,0,0
9.16901095707331,9594.13,20988.0,11393.87,107711.46,117305.59,0.0,1.4551915228366852e-11,9594.13,9594.12999999999,0.4571027681166325,0,19,0,1,0,0,0,0
8.58683491901719,5359.62,100630.0,95270.38,426035.5,431395.12,0.0,0.0,5359.619999999995,5359.619999999995,0.0532601285886059,0,18,0,1,0,0,0,0
11.906273254001295,148192.37,0.0,0.0,4814459.06,4962651.43,148192.37,0.0,0.0,148192.3700000001,148192.37,0,18,0,1,0,0,0,0
11.038174906863908,62203.02,2961764.43,3023967.45,378656.93,316453.91,124406.04000000004,124406.04000000004,-62203.02000000002,-62203.02000000002,0.02100200757627183,0,16,1,0,0,0,0,0
12.509311284684516,270846.52,49951.0,320797.52,111466.83,0.0,541693.04,382313.35000000003,-270846.52,-111466.83,5.422135650224216,0,17,1,0,0,0,0,0
12.046271431460758,170461.64,0.0,0.0,452556.14,623017.78,170461.64,0.0,0.0,170461.64,170461.64,0,19,0,1,0,0,0,0
12.306681670714722,221167.84,221167.84,0.0,180443.7,401611.54,0.0,5.820766091346741e-11,221167.84,221167.83999999997,0.9999954785674149,0,18,0,1,0,0,0,1
11.325487803201307,82907.08,0.0,0.0,1035706.22,1118613.3,82907.08,0.0,0.0,82907.08000000007,82907.08,0,13,0,1,0,0,0,0
9.180054345371088,9700.68,107248.0,97547.32,0.0,0.0,0.0,9700.68,9700.679999999993,0.0,0.09045007412656529,1,19,0,0,0,1,0,0
11.589581830067695,107966.1,0.0,0.0,294906.14,402872.24,107966.1,0.0,0.0,107966.09999999998,107966.1,0,16,0,1,0,0,0,0
8.89470042844177,7292.22,2664587.29,2671879.51,2977248.02,2969955.8,14584.439999999944,14584.44000000041,-7292.219999999739,-7292.220000000205,0.0027367154720926885,0,16,1,0,0,0,0,0
9.4014176519742,12104.53,257.0,0.0,0.0,0.0,11847.53,12104.53,257.0,0.0,46.916782945736436,1,14,0,0,0,1,0,0
8.940120936274953,7631.12,0.0,0.0,0.0,0.0,7631.12,7631.12,0.0,0.0,7631.12,1,12,0,0,0,1,0,0
9.807829812339687,18174.5,203258.0,185083.5,0.0,0.0,0.0,18174.5,18174.5,0.0,0.08941547483752257,1,9,0,0,0,1,0,0
12.58372260767758,291769.44,407535.0,115765.56,418678.85,710448.3,0.0,-0.010000000009313226,291769.44,291769.45000000007,0.7159353774881237,0,16,0,1,0,0,0,0
11.949498466121124,154738.52,872150.0,1026888.52,367827.08,213088.56,309477.04000000004,309477.04,-154738.52000000002,-154738.52000000002,0.1774217079381896,0,11,1,0,0,0,0,0
12.634532698363465,306977.41,2835232.28,3142209.69,1779817.99,1472840.57,613954.8200000003,613954.8299999998,-306977.41000000015,-306977.4199999999,0.10827236409978935,0,21,1,0,0,0,0,0
8.587077398878561,5360.92,199242.0,193881.08,275660.45,454386.9,0.0,-173365.53000000003,5360.920000000013,178726.45,0.026906440878725978,0,14,0,1,0,0,0,0
12.824511985589814,371204.83,1647396.22,2018601.05,807797.91,436593.08,742409.6599999999,742409.6599999999,-371204.8300000001,-371204.83,0.22532806629356825,0,21,1,0,0,0,0,0
11.721096850700226,123141.42,32102.0,0.0,1767982.55,1891123.97,91039.42,0.0,32102.0,123141.41999999993,3.8358228202971683,0,20,0,1,0,0,0,0
9.015168198563387,8225.93,32804.0,24578.07,0.0,0.0,0.0,8225.93,8225.93,0.0,0.2507523243408017,1,14,0,0,0,1,0,0
10.660987690142694,42657.75,0.0,0.0,0.0,0.0,42657.75,42657.75,0.0,0.0,42657.75,1,22,0,0,0,1,0,0
11.217889754006325,74449.5,4972162.8,5046612.3,4265617.61,4191168.11,148899.0,148899.00000000047,-74449.5,-74449.50000000047,0.01497325973050204,0,11,1,0,0,0,0,0
9.062351833762676,8623.41,0.0,0.0,0.0,0.0,8623.41,8623.41,0.0,0.0,8623.41,1,16,0,0,0,1,0,0
6.2461842818569355,515.04,10821.0,10305.96,0.0,0.0,0.0,515.04,515.0400000000009,0.0,0.04759194233967843,1,16,0,0,0,1,0,0
9.0088298795388,8173.95,0.0,0.0,0.0,0.0,8173.95,8173.95,0.0,0.0,8173.95,1,18,0,0,0,1,0,0
11.607958333600092,109968.5,0.0,0.0,125878.46,235846.97,109968.5,-0.009999999980209395,0.0,109968.51,109968.5,0,10,0,1,0,0,0,0
9.394274794070018,12018.37,30135.0,18116.63,0.0,0.0,0.0,12018.37,12018.369999999999,0.0,0.39880441996283517,1,20,0,0,0,1,0,0
9.394852028749403,12025.31,0.0,0.0,0.0,0.0,12025.31,12025.31,0.0,0.0,12025.31,1,19,0,0,0,1,0,0
12.159502547688808,190898.53,2778571.15,2969469.68,2247867.93,2056969.41,381797.06000000006,381797.05000000005,-190898.53000000026,-190898.52000000025,0.06870382329283765,0,16,1,0,0,0,0,0
14.094803353633713,1322193.42,0.0,0.0,2638817.05,3961010.48,1322193.42,-0.01000000024214387,0.0,1322193.4300000002,1322193.42,0,15,0,0,0,0,1,0
11.195311331291101,72787.36,6056917.07,6129704.43,2785332.57,2768760.95,145574.71999999974,89358.97999999952,-72787.3599999994,-16571.619999999646,0.012017227104410874,0,19,1,0,0,0,0,0
7.652968205512076,2105.89,159642.08,157536.19,0.0,0.0,2.9103830456733704e-11,2105.89,2105.889999999985,0.0,0.013191238856078197,1,12,0,0,0,1,0,0
8.777521538656153,6485.78,102734.0,96248.22,0.0,0.0,0.0,6485.78,6485.779999999999,0.0,0.06313116270015087,1,0,0,0,0,1,0,0
7.886844268613568,2661.03,23235.37,20574.34,0.0,0.0,0.0,2661.03,2661.029999999999,0.0,0.11452003905945723,1,20,0,0,0,1,0,0
12.25395678033131,209808.82,110272.0,0.0,0.0,209808.82,99536.82,0.0,110272.0,209808.82,1.9026309250677864,0,11,0,1,0,0,0,0
12.045252448839062,170288.03,33549.0,203837.03,0.0,0.0,340576.06,170288.03,-170288.03,0.0,5.0756491803278685,1,17,1,0,0,0,0,0
7.150277838466849,1273.46,136171.78,134898.32,0.0,0.0,0.0,1273.46,1273.4599999999919,0.0,0.00935179556442925,1,19,0,0,0,1,0,0
12.264226452690664,211974.6,5457298.4,5669273.0,1213778.35,1001803.75,423949.19999999925,423949.2000000002,-211974.59999999963,-211974.6000000001,0.03884239886123895,0,19,1,0,0,0,0,0
13.476088649334732,712180.91,0.0,0.0,2436560.48,3148741.39,712180.91,0.0,0.0,712180.9100000001,712180.91,0,16,0,1,0,0,0,0
8.409423108414613,4488.17,5501.43,1013.26,0.0,0.0,0.0,4488.17,4488.17,0.0,0.8156705310199311,1,9,0,0,0,1,0,0
10.977670698069408,58551.01,0.0,0.0,2237945.86,2296496.87,58551.01,-4.656612873077393e-10,0.0,58551.01000000024,58551.01,0,15,0,1,0,0,0,0
10.688483702544,43846.97,0.0,0.0,3984975.08,4028822.05,43846.97,4.656612873077393e-10,0.0,43846.96999999974,43846.97,0,14,0,1,0,0,0,0
10.466622284576,35122.38,0.0,0.0,344846.8,82435.97,35122.38,297533.20999999996,0.0,-262410.82999999996,35122.38,0,13,0,1,0,0,0,0
12.439825755903437,252665.51,9685.0,0.0,0.0,252665.51,242980.51,0.0,9685.0,252665.51,26.085640099112123,0,19,0,1,0,0,0,0
9.861271878962897,19172.26,172366.36,153194.1,0.0,0.0,2.9103830456733704e-11,19172.26,19172.25999999998,0.0,0.11122906332150125,1,14,0,0,0,1,0,0
13.071505398779438,475205.82,0.0,0.0,4898683.29,5373889.12,475205.82,-0.009999999776482582,0.0,475205.8300000001,475205.82,0,22,0,1,0,0,0,0
9.648020944446705,15490.1,0.0,0.0,0.0,0.0,15490.1,15490.1,0.0,0.0,15490.1,1,11,0,0,0,1,0,0
10.153392209778877,25677.06,111507.0,85829.94,0.0,0.0,0.0,25677.06,25677.059999999998,0.0,0.23027101194533128,1,16,0,0,0,1,0,0
11.660124984219223,115857.51,20865.0,0.0,0.0,115857.51,94992.51,0.0,20865.0,115857.51,5.552454231764593,0,20,0,1,0,0,0,0
11.153284842035351,69791.71,102969.0,33177.29,2332486.16,2402277.87,0.0,0.0,69791.70999999999,69791.70999999996,0.677786831115859,0,9,0,1,0,0,0,0
10.004226153583254,22118.75,0.0,0.0,0.0,0.0,22118.75,22118.75,0.0,0.0,22118.75,1,12,0,0,0,1,0,0
10.692889693727134,44040.59,1646.0,0.0,0.0,44040.59,42394.59,0.0,1646.0,44040.59,26.739884638737095,0,12,0,1,0,0,0,0
8.917821286683354,7462.81,0.0,0.0,537897.09,545359.91,7462.81,-0.010000000009313226,0.0,7462.820000000065,7462.81,0,11,0,0,0,0,1,0
9.541917073567916,13930.63,38023.85,24093.22,0.0,0.0,0.0,13930.63,13930.629999999997,0.0,0.3663559488071616,1,17,0,0,0,1,0,0
12.714740943942305,332614.0,5928470.0,6261084.0,2117678.73,1785064.74,665228.0,665227.99,-332614.0,-332613.99,0.056104516662053336,0,12,1,0,0,0,0,0
7.215467893931925,1359.31,183.0,0.0,0.0,0.0,1176.31,1359.31,183.0,0.0,7.387554347826087,1,18,0,0,0,1,0,0
8.469178726314478,4764.6,140852.21,136087.61,0.0,0.0,0.0,4764.6,4764.600000000006,0.0,0.033826705120884364,1,19,0,0,0,1,0,0
11.563771989571018,105215.14,0.0,0.0,349016.19,454231.33,105215.14,0.0,0.0,105215.14000000001,105215.14,0,19,0,0,0,0,1,0
11.84419440216348,139272.43,212249.0,351521.43,751300.4,612027.97,278544.86,278544.8600000001,-139272.43,-139272.43000000005,0.6561716372202591,0,20,1,0,0,0,0,0
9.302999768830409,10969.88,10576.0,0.0,0.0,0.0,393.8799999999992,10969.88,10576.0,0.0,1.0371447480381961,1,22,0,0,0,1,0,0
12.339793901379533,228613.83,56880.0,0.0,2258018.93,2486632.77,171733.83,-0.009999999776482582,56880.0,228613.83999999985,4.019159824897593,0,14,0,1,0,0,0,0
10.69700142534813,44222.05,21704.0,0.0,0.0,0.0,22518.050000000003,44222.05,21704.0,0.0,2.037413038470399,1,23,0,0,0,1,0,0
12.717030880502909,333376.54,0.0,0.0,3345590.78,3678967.32,333376.54,0.0,0.0,333376.54000000004,333376.54,0,18,0,0,0,0,1,0
14.11996573215388,1355885.08,11398.0,0.0,259752.71,1615637.79,1344487.08,0.0,11398.0,1355885.08,118.94772172997632,0,16,0,0,0,0,1,0
12.039887060884388,169376.81,2951206.95,3120583.76,249370.68,79993.87,338753.61999999965,338753.62,-169376.8099999996,-169376.81,0.0573923670814183,0,22,1,0,0,0,0,0
11.565592959711811,105406.91,21080.0,126486.91,103722.68,0.0,210813.82,209129.59,-105406.91,-103722.68,5.000090602912575,0,17,1,0,0,0,0,0
10.187647554774074,26571.91,1842702.24,1869274.15,1304628.67,1079882.95,53143.81999999983,251317.6299999999,-26571.909999999916,-224745.71999999997,0.01442007015736294,0,12,1,0,0,0,0,0
6.9701571440951025,1063.39,0.0,0.0,0.0,0.0,1063.39,1063.39,0.0,0.0,1063.39,1,18,0,0,0,1,0,0
11.071555938718777,64314.5,0.0,0.0,528022.41,592336.91,64314.5,0.0,0.0,64314.5,64314.5,0,12,0,1,0,0,0,0
11.30134789408977,80929.65,3682018.0,3762947.65,801346.44,720416.8,161859.2999999998,161859.28999999992,-80929.6499999999,-80929.6399999999,0.021979693749543387,0,22,1,0,0,0,0,0
9.654478607442453,15590.46,138943.0,123352.54,0.0,0.0,0.0,15590.46,15590.460000000006,0.0,0.11220678834638415,1,18,0,0,0,1,0,0
12.994376971458,439931.67,0.0,0.0,1013411.36,1453343.03,439931.67,0.0,0.0,439931.67000000004,439931.67,0,20,0,0,0,0,1,0
12.176776884690206,194224.84,27688.0,0.0,0.0,194224.84,166536.84,0.0,27688.0,194224.84,7.014512622341002,0,9,0,1,0,0,0,0
9.728745994824807,16792.48,0.0,0.0,0.0,0.0,16792.48,16792.48,0.0,0.0,16792.48,1,17,0,0,0,1,0,0
11.745376130417087,126167.82,49.0,0.0,349789.76,475957.59,126118.82,-0.010000000009313226,49.0,126167.83000000002,2523.3564,0,18,0,1,0,0,0,0
8.886281963957732,7231.08,0.0,0.0,0.0,0.0,7231.08,7231.08,0.0,0.0,7231.08,1,22,0,0,0,1,0,0
8.258077843499091,3857.67,0.0,0.0,0.0,0.0,3857.67,3857.67,0.0,0.0,3857.67,1,23,0,0,0,1,0,0
10.595667765733786,39960.34,0.0,0.0,40896.0,48242.62,39960.34,32613.719999999994,0.0,7346.620000000003,39960.34,0,9,0,1,0,0,0,0
10.261169689086051,28599.22,0.0,0.0,0.0,0.0,28599.22,28599.22,0.0,0.0,28599.22,1,19,0,0,0,1,0,0
11.050721578492245,62988.39,16420237.55,16483225.94,137478.42,74490.03,125976.77999999933,125976.78,-62988.38999999873,-62988.390000000014,0.003836021614923493,0,17,1,0,0,0,0,0
9.721578910481147,16672.55,0.0,0.0,0.0,0.0,16672.55,16672.55,0.0,0.0,16672.55,1,12,0,0,0,1,0,0
11.548577896294503,103628.56,0.0,0.0,916743.72,1020372.28,103628.56,0.0,0.0,103628.56000000006,103628.56,0,11,0,1,0,0,0,0
11.236053683532862,75814.17,47024.0,0.0,608740.1,684554.27,28790.17,0.0,47024.0,75814.17000000004,1.6122098883572566,0,14,0,1,0,0,0,0
12.324691287525873,225187.09,0.0,0.0,1408475.97,1633663.06,225187.09,0.0,0.0,225187.09000000008,225187.09,0,18,0,1,0,0,0,0
8.347068944077664,4216.8,46163.0,41946.2,0.0,0.0,0.0,4216.8,4216.800000000003,0.0,0.09134390434104497,1,14,0,0,0,1,0,0
12.794050958733251,360068.0,99994.0,0.0,1064914.74,1403610.49,260074.0,21372.25,99994.0,338695.75,3.6008600430021502,0,13,0,1,0,0,0,0
9.41359708444852,12252.87,763.0,0.0,0.0,0.0,11489.87,12252.87,763.0,0.0,16.037787958115185,1,9,0,0,0,1,0,0
11.840441499999418,138750.73,16252555.05,16391305.78,577734.18,438983.45,277501.45999999903,277501.46,-138750.72999999858,-138750.73000000004,0.008537163605105673,0,23,1,0,0,0,0,0
12.584580106125353,292019.74,0.0,0.0,1456477.55,1748497.28,292019.74,0.010000000009313226,0.0,292019.73,292019.74,0,18,0,1,0,0,0,0
12.870137685477369,388533.67,4864807.3,5253340.97,1097778.18,709244.51,777067.3399999999,777067.3399999999,-388533.6699999999,-388533.6699999999,0.0798661830107468,0,22,1,0,0,0,0,0
9.552384911582568,14077.23,40640.47,26563.24,0.0,0.0,0.0,14077.23,14077.23,0.0,0.34637600460810103,1,16,0,0,0,1,0,0
11.42675235471866,91742.54,514.0,92256.54,22589.41,0.0,183485.08,114331.95,-91742.54,-22589.41,178.14085436893203,0,17,1,0,0,0,0,0
9.08816821821775,8848.96,0.0,0.0,0.0,0.0,8848.96,8848.96,0.0,0.0,8848.96,1,17,0,0,0,1,0,0
12.426085461201872,249217.54,29281.0,0.0,0.0,249217.54,219936.54,0.0,29281.0,249217.54,8.510946656649136,0,15,0,1,0,0,0,0
10.828297492685977,50426.78,673.0,0.0,0.0,0.0,49753.78,50426.78,673.0,0.0,74.81718100890208,1,13,0,0,0,1,0,0
12.161883948354605,191353.68,3324960.64,3516314.32,3432932.28,3241578.6,382707.35999999987,382707.35999999987,-191353.6799999997,-191353.6799999997,0.05755064290004861,0,10,1,0,0,0,0,0
9.746147542196892,17087.27,0.0,0.0,0.0,0.0,17087.27,17087.27,0.0,0.0,17087.27,1,12,0,0,0,1,0,0
8.223090551161533,3725.0,11381.0,7656.0,0.0,0.0,0.0,3725.0,3725.0,0.0,0.3272711298541557,1,8,0,0,0,1,0,0
12.843065023170093,378156.11,0.0,0.0,502726.69,880882.79,378156.11,0.010000000009313226,0.0,378156.10000000003,378156.11,0,11,0,1,0,0,0,0
12.397685446390346,242239.29,0.0,0.0,346493.23,588732.52,242239.29,0.0,0.0,242239.29000000004,242239.29,0,9,0,1,0,0,0,0
12.171888002063655,193277.61,103595.0,0.0,154866.36,348143.97,89682.60999999999,0.0,103595.0,193277.61,1.865686030348662,0,19,0,1,0,0,0,0
12.61068081990882,299742.03,84070.87,0.0,1470092.09,1769834.12,215671.16000000003,0.0,84070.87,299742.03,3.5653070402739946,0,16,0,1,0,0,0,0
12.32508297220119,225275.31,121321.0,0.0,2399400.34,2624675.66,103954.31,-0.01000000024214387,121321.0,225275.3200000003,1.8568380837770562,0,18,0,1,0,0,0,0
12.322792538472784,224759.92,176133.84,0.0,39548.9,264308.82,48626.080000000016,0.0,176133.84,224759.92,1.2760673583942848,0,8,0,1,0,0,0,0
10.680154772453191,43483.28,107680.0,151163.28,377657.01,334173.72,86966.56,86966.57000000007,-43483.28,-43483.29000000004,0.40381571493578255,0,11,1,0,0,0,0,0
12.512759011989015,271781.94,14639.0,0.0,0.0,271781.94,257142.94,0.0,14639.0,271781.94,18.564340163934425,0,17,0,1,0,0,0,0
9.94908022923424,20931.96,245.0,0.0,0.0,0.0,20686.96,20931.96,245.0,0.0,85.08926829268292,1,0,0,0,0,1,0,0
12.204172491380179,199619.33,0.0,0.0,10124673.61,10324292.94,199619.33,0.0,0.0,199619.33000000007,199619.33,0,20,0,1,0,0,0,0
10.347805357369886,31187.52,0.0,0.0,0.0,0.0,31187.52,31187.52,0.0,0.0,31187.52,1,18,0,0,0,1,0,0
9.278418558599784,10703.49,2056.0,0.0,0.0,0.0,8647.49,10703.49,2056.0,0.0,5.203446767136606,1,18,0,0,0,1,0,0
12.488993250164333,265398.96,191.0,265589.96,0.0,0.0,530797.92,265398.96,-265398.96,0.0,1382.28625,1,20,1,0,0,0,0,0
12.027928212395164,167363.31,0.0,0.0,1906903.19,2359973.23,167363.31,-285706.73,0.0,453070.04000000004,167363.31,0,18,0,1,0,0,0,0
12.304823218570741,220757.19,3080242.97,3301000.16,785554.86,564797.66,441514.3799999999,441514.39,-220757.18999999994,-220757.19999999995,0.07166873538267164,0,13,1,0,0,0,0,0
7.027474217346861,1126.18,0.0,0.0,0.0,0.0,1126.18,1126.18,0.0,0.0,1126.18,1,9,0,0,0,1,0,0
10.989815192950935,59266.43,0.0,0.0,438568.98,497835.41,59266.43,0.0,0.0,59266.42999999999,59266.43,0,18,0,1,0,0,0,0
12.051226498921947,171308.39,350998.99,179690.61,451999.07,623307.46,0.010000000009313226,0.0,171308.38,171308.38999999996,0.48805810507288055,0,14,0,1,0,0,0,0
12.593626127272366,294673.35,0.0,0.0,3900177.82,4194851.17,294673.35,0.0,0.0,294673.3500000001,294673.35,0,9,0,1,0,0,0,0
12.017041650711896,165551.17,91192.0,0.0,0.0,165551.17,74359.17000000001,0.0,91192.0,165551.17,1.8153933964229712,0,18,0,1,0,0,0,0
11.676678267932958,117791.31,30780.0,148571.31,1511197.36,1393406.05,235582.62,235582.6200000001,-117791.31,-117791.31000000006,3.8267538416555666,0,19,1,0,0,0,0,0
8.361198813020817,4276.82,0.0,0.0,0.0,0.0,4276.82,4276.82,0.0,0.0,4276.82,1,20,0,0,0,1,0,0
7.797098157120266,2432.53,696650.0,694217.47,0.0,0.0,0.0,2432.53,2432.530000000028,0.0,0.0034917483790305333,1,19,0,0,0,1,0,0
11.320224669755405,82471.87,15779967.58,15862439.45,113258.05,30786.18,164943.73999999836,164943.74,-82471.86999999918,-82471.87,0.005226364652241912,0,14,1,0,0,0,0,0
12.145119954279847,188172.55,116031.0,304203.55,86069.86,0.0,376345.1,274242.41,-188172.55,-86069.86,1.6217297814396028,0,22,1,0,0,0,0,0
10.606911495813078,40412.19,64922.43,24510.24,0.0,0.0,7.275957614183426e-12,40412.19,40412.19,0.0,0.6224592570047516,1,10,0,0,0,1,0,0
13.325832147329722,612822.44,5499955.24,6112777.68,1488989.3,876166.86,1225644.879999999,1225644.8800000004,-612822.4399999995,-612822.4400000001,0.11142314834126751,0,21,1,0,0,0,0,0
11.481026768309684,96859.47,0.0,0.0,2067036.92,2163896.39,96859.47,0.0,0.0,96859.4700000002,96859.47,0,13,0,1,0,0,0,0
11.335350226565504,83728.8,32.0,0.0,2966983.87,3050712.67,83696.8,0.0,32.0,83728.79999999981,2537.236363636364,0,16,0,1,0,0,0,0
12.681390069030883,321703.94,9059686.85,9381390.8,5450030.05,5128326.1,643407.8900000006,643407.8900000006,-321703.9500000011,-321703.9500000002,0.035509384575540315,0,10,1,0,0,0,0,0
11.191298943370958,72495.89,8622831.96,8695327.84,165281.34,92785.46,144991.76999999955,144991.76999999996,-72495.87999999896,-72495.87999999999,0.00840743295576956,0,17,1,0,0,0,0,0
8.527590946912545,5051.26,16219.0,21270.26,0.0,0.0,10102.519999999997,5051.26,-5051.259999999998,0.0,0.31142170160295934,1,19,1,0,0,0,0,0
11.835429817597086,138057.09,20806.0,0.0,0.0,138057.09,117251.09,0.0,20806.0,138057.09,6.63512712068054,0,14,0,1,0,0,0,0
11.852467128933071,140429.38,0.0,0.0,455935.72,596365.1,140429.38,0.0,0.0,140429.38,140429.38,0,17,0,1,0,0,0,0
12.463245766992017,258652.8,60100.11,0.0,1213096.39,1471749.19,198552.69,0.0,60100.11,258652.80000000005,4.3036276701045955,0,9,0,1,0,0,0,0
13.164754942703663,521650.46,105856.0,627506.46,430413.99,0.0,1043300.9199999999,952064.45,-521650.45999999996,-430413.99,4.927878742076575,0,12,1,0,0,0,0,0
10.758408922844032,47022.79,13574948.03,13621970.83,859355.25,812332.46,94045.58999999985,94045.58000000007,-47022.800000000745,-47022.79000000004,0.003463938604563586,0,21,1,0,0,0,0,0
13.185682511641787,532682.39,0.0,0.0,3241809.89,3774492.28,532682.39,4.656612873077393e-10,0.0,532682.3899999997,532682.39,0,19,0,1,0,0,0,0
10.813815743742005,49701.76,5509650.87,5559352.63,3550546.3,3500844.54,99403.51999999955,99403.51999999955,-49701.75999999978,-49701.75999999978,0.009020853072519082,0,9,1,0,0,0,0,0
11.61425304928171,110662.91,20764.0,131426.91,148931.59,38268.68,221325.82,221325.82,-110662.91,-110662.91,5.329299783289189,0,14,1,0,0,0,0,0
12.300835129922199,219878.54,356.0,0.0,215909.85,435788.39,219522.54,0.0,356.0,219878.54,615.9062745098039,0,18,0,1,0,0,0,0
9.342744003917614,11414.69,3985193.55,3996608.24,66292.25,54877.57,22829.380000000354,22829.370000000003,-11414.69000000041,-11414.68,0.002864274217177177,0,12,1,0,0,0,0,0
11.100370180863633,66194.66,51254.0,117448.66,475173.28,408978.62,132389.32,132389.32000000007,-66194.66,-66194.66000000003,1.2914771241830065,0,19,1,0,0,0,0,0
12.625136273236249,304106.42,0.0,0.0,1170592.9,1474699.32,304106.42,-2.3283064365386963e-10,0.0,304106.42000000016,304106.42,0,0,0,1,0,0,0,0
9.800207648681418,18036.49,0.0,0.0,0.0,0.0,18036.49,18036.49,0.0,0.0,18036.49,1,14,0,0,0,1,0,0
9.512774101730972,13530.48,164946.79,151416.31,0.0,0.0,0.0,13530.48,13530.48000000001,0.0,0.08202886501237755,1,19,0,0,0,1,0,0
13.05463744586706,467257.28,144.0,0.0,0.0,467257.28,467113.28,0.0,144.0,467257.28,3222.4640000000004,0,15,0,0,0,0,1,0
12.72186506432334,334992.05,105429.0,440421.05,798702.2,463710.14,669984.1,669984.11,-334992.05,-334992.05999999994,3.177388314521483,0,11,1,0,0,0,0,0
12.469543028791884,260286.75,0.0,0.0,2629760.92,2890047.67,260286.75,0.0,0.0,260286.75,260286.75,0,20,0,1,0,0,0,0
12.455604814307511,256683.97,268936.84,12252.88,1643345.95,1900029.91,0.009999999951105565,0.010000000009313226,256683.96000000002,256683.95999999996,0.9544360510964168,0,19,0,1,0,0,0,0
13.588635929831563,797019.7,0.0,0.0,1045938.13,1842957.83,797019.7,0.0,0.0,797019.7000000001,797019.7,0,22,0,0,0,0,1,0
12.656856598155962,313907.43,0.0,0.0,2716476.41,3030383.84,313907.43,4.656612873077393e-10,0.0,313907.4299999997,313907.43,0,13,0,1,0,0,0,0
12.969307041897169,429039.69,218.0,429257.69,1013235.89,584196.2,858079.38,858079.3800000001,-429039.69,-429039.69000000006,1959.0853424657535,0,13,1,0,0,0,0,0
11.184792579101963,72025.73,25632.0,0.0,14257.11,86282.84,46393.729999999996,0.0,25632.0,72025.73,2.8098829633675337,0,18,0,1,0,0,0,0
12.136522493791423,186561.67,34211.0,0.0,9547047.02,9733608.69,152350.67,0.0,34211.0,186561.66999999993,5.453106220039753,0,14,0,1,0,0,0,0
9.133432329435603,9258.75,0.0,0.0,0.0,0.0,9258.75,9258.75,0.0,0.0,9258.75,1,15,0,0,0,1,0,0
8.74041993926952,6249.52,72573.46,66323.94,0.0,0.0,0.0,6249.52,6249.520000000004,0.0,0.08611183603708522,1,21,0,0,0,1,0,0
8.081564708349267,3233.29,0.0,0.0,44020.35,47253.64,3233.29,0.0,0.0,3233.290000000001,3233.29,0,21,0,1,0,0,0,0
11.452257417210902,94112.56,35470.0,129582.56,397528.46,303415.9,188225.12,188225.12,-94112.56,-94112.56,2.6532254517775082,0,20,1,0,0,0,0,0
8.29361454546208,3997.26,57651.92,53654.66,0.0,0.0,7.275957614183426e-12,3997.26,3997.2599999999948,0.0,0.06933317514533523,1,19,0,0,0,1,0,0
12.220252681920007,202855.21,9421312.05,9624167.26,459342.7,256487.49,405710.4199999999,405710.42000000004,-202855.20999999903,-202855.21000000002,0.02153152208438716,0,0,1,0,0,0,0,0
10.784562421129511,48268.85,2045.0,0.0,1150518.32,1198787.17,46223.85,2.3283064365386963e-10,2045.0,48268.84999999986,23.591813294232647,0,16,0,1,0,0,0,0
11.745311373811345,126159.65,163842.0,37682.35,0.0,126159.65,0.0,0.0,126159.65,126159.65,0.7700032958380889,0,19,0,1,0,0,0,0
11.19200520697369,72547.11,0.0,0.0,7620242.47,7692789.57,72547.11,0.009999999776482582,0.0,72547.10000000056,72547.11,0,10,0,1,0,0,0,0
12.111398108662067,181932.79,655673.14,837605.93,783909.02,601976.23,363865.5800000001,363865.5800000001,-181932.79000000004,-181932.79000000004,0.2774744021473838,0,11,1,0,0,0,0,0
9.318621518436629,11142.61,0.0,0.0,0.0,0.0,11142.61,11142.61,0.0,0.0,11142.61,1,17,0,0,0,1,0,0
8.79340118770438,6589.61,0.0,0.0,0.0,0.0,6589.61,6589.61,0.0,0.0,6589.61,1,13,0,0,0,1,0,0
11.361441193780442,85942.14,0.0,0.0,1010490.64,1096432.78,85942.14,0.0,0.0,85942.14000000001,85942.14,0,18,0,1,0,0,0,0
12.449716659028523,255177.01,0.0,0.0,505066.43,760243.44,255177.01,0.0,0.0,255177.00999999995,255177.01,0,9,0,1,0,0,0,0
13.08537778530592,481844.01,0.0,0.0,3038548.87,3520392.87,481844.01,0.009999999776482582,0.0,481844.0,481844.01,0,18,0,1,0,0,0,0
8.986876769451047,7996.44,7568922.28,7576918.71,836710.48,828714.05,15992.870000000112,15992.869999999879,-7996.429999999702,-7996.429999999935,0.0010564831620277699,0,20,1,0,0,0,0,0
12.091942511148641,178427.37,62518.0,240945.37,831106.48,652679.11,356854.74,356854.74,-178427.37,-178427.37,2.85397031302484,0,13,1,0,0,0,0,0
9.747544016502223,17111.15,0.0,0.0,4928181.22,4945292.37,17111.15,0.0,0.0,17111.150000000373,17111.15,0,19,0,1,0,0,0,0
11.712685418560147,122109.96,102737.0,224846.96,138240.11,16130.15,244219.91999999998,244219.92,-122109.95999999999,-122109.95999999999,1.1885569117561177,0,12,1,0,0,0,0,0
12.134707516034325,186223.37,356827.0,543050.37,402569.23,216345.86,372446.74,372446.74,-186223.37,-186223.37,0.5218855302834979,0,16,1,0,0,0,0,0
12.282134439872479,215804.85,0.0,0.0,1976272.04,2192076.89,215804.85,0.0,0.0,215804.8500000001,215804.85,0,19,0,1,0,0,0,0
12.017734907756957,165665.98,2979054.09,3144720.06,210147.8,44481.82,331331.9500000002,331331.96,-165665.9700000002,-165665.97999999998,0.05561024385084467,0,15,1,0,0,0,0,0
12.146211063774613,188377.98,35161.0,0.0,206802.32,395180.3,153216.98,5.820766091346741e-11,35161.0,188377.97999999998,5.357430749104147,0,17,0,1,0,0,0,0
11.464017428854172,95225.87,0.0,0.0,6336634.45,6431860.31,95225.87,0.010000000707805157,0.0,95225.8599999994,95225.87,0,12,0,1,0,0,0,0
9.421200793576558,12346.4,160833.0,148486.6,1394977.31,1407323.72,0.0,-0.010000000009313226,12346.399999999994,12346.409999999916,0.07676486315082631,0,18,0,1,0,0,0,0
12.049294968164434,170977.82,197174.08,368151.9,3445278.93,3274301.1,341955.64,341955.6499999999,-170977.82000000004,-170977.83000000007,0.8671370641766699,0,17,1,0,0,0,0,0
11.764150689272578,128558.96,39991.0,0.0,39751.21,168310.17,88567.96,0.0,39991.0,128558.96000000002,3.214616923384677,0,9,0,1,0,0,0,0
9.794638180111383,17936.31,0.0,0.0,2479784.49,2497720.8,17936.31,4.656612873077393e-10,0.0,17936.30999999959,17936.31,0,14,0,0,0,0,1,0
7.803214534476359,2447.46,0.0,0.0,0.0,0.0,2447.46,2447.46,0.0,0.0,2447.46,1,16,0,0,0,1,0,0
9.881576754609007,19565.55,0.0,0.0,436187.9,455753.46,19565.55,-0.010000000009313226,0.0,19565.559999999998,19565.55,0,20,0,1,0,0,0,0
8.821328169458479,6776.26,46516.0,39739.74,0.0,0.0,0.0,6776.26,6776.260000000002,0.0,0.1456727647956661,1,12,0,0,0,1,0,0
8.89712029635876,7309.89,0.0,0.0,0.0,0.0,7309.89,7309.89,0.0,0.0,7309.89,1,15,0,0,0,1,0,0
8.374479196017056,4334.01,0.0,0.0,0.0,0.0,4334.01,4334.01,0.0,0.0,4334.01,1,11,0,0,0,1,0,0
11.517583300392895,100465.87,18875.0,119340.87,0.0,0.0,200931.74,100465.87,-100465.87,0.0,5.322413117185844,1,14,1,0,0,0,0,0
11.32952004100441,83242.06,69851.0,0.0,0.0,83242.06,13391.059999999998,0.0,69851.0,83242.06,1.191691862795625,0,18,0,1,0,0,0,0
12.29180717019071,217902.41,29912.0,0.0,67676.34,285578.75,187990.41,0.0,29912.0,217902.41,7.284538829271554,0,12,0,1,0,0,0,0
13.14888265233806,513436.02,0.0,0.0,714809.49,1228245.51,513436.02,0.0,0.0,513436.02,513436.02,0,19,0,1,0,0,0,0
12.84192701792554,377726.01,40824.0,418550.01,0.0,0.0,755452.02,377726.01,-377726.01,0.0,9.252321126760563,1,16,1,0,0,0,0,0
12.52206710056126,274323.53,20021.0,294344.53,26018.94,0.0,548647.06,300342.47000000003,-274323.53,-26018.94,13.701105284187395,0,19,1,0,0,0,0,0
10.700392540102253,44372.27,0.0,0.0,287341.92,466746.55,44372.27,-135032.36,0.0,179404.63,44372.27,0,17,0,1,0,0,0,0
11.92479435834049,150962.65,34720.0,0.0,0.0,150962.65,116242.65,0.0,34720.0,150962.65,4.347877365283257,0,18,0,1,0,0,0,0
8.671393012893168,5832.62,0.0,0.0,0.0,0.0,5832.62,5832.62,0.0,0.0,5832.62,1,14,0,0,0,1,0,0
9.817633323973764,18353.56,24935.0,6581.44,0.0,0.0,0.0,18353.56,18353.56,0.0,0.7360266281681104,1,19,0,0,0,1,0,0
12.975698968724407,431790.87,0.0,0.0,453218.96,885009.83,431790.87,1.1641532182693481e-10,0.0,431790.86999999994,431790.87,0,19,0,1,0,0,0,0
12.894776142536527,398225.47,1720563.35,2118788.82,1354828.36,1034993.41,796450.94,718060.42,-398225.46999999974,-319834.95000000007,0.2314504947170386,0,19,1,0,0,0,0,0
7.77752866188451,2385.37,0.0,0.0,0.0,0.0,2385.37,2385.37,0.0,0.0,2385.37,1,11,0,0,0,1,0,0
10.936722924266663,56201.86,33107.0,0.0,520557.88,576759.74,23094.86,0.0,33107.0,56201.859999999986,1.6975311103056663,0,18,0,1,0,0,0,0
11.33911942800201,84044.99,43319.0,0.0,0.0,84044.99,40725.990000000005,0.0,43319.0,84044.99,1.9400967220683287,0,17,0,1,0,0,0,0
10.303418039512483,29833.42,121056.98,91223.56,0.0,0.0,0.0,29833.42,29833.42,0.0,0.24643910298189348,1,16,0,0,0,1,0,0
12.69557122606821,326298.59,300554.71,0.0,23031.79,349330.38,25743.880000000005,0.0,300554.71,326298.59,1.0856509430481291,0,18,0,1,0,0,0,0
10.33234165967197,30708.94,6070.0,0.0,0.0,0.0,24638.94,30708.94,6070.0,0.0,5.058300115302257,1,10,0,0,0,1,0,0
8.717927521217318,6110.5,12684.0,6573.5,0.0,0.0,0.0,6110.5,6110.5,0.0,0.48171068190776506,1,19,0,0,0,1,0,0
9.594138435842526,14677.49,0.0,0.0,0.0,0.0,14677.49,14677.49,0.0,0.0,14677.49,1,12,0,0,0,1,0,0
10.361654529191975,31622.46,205811.0,237433.46,2853624.49,2822002.03,63244.919999999984,63244.92000000039,-31622.459999999992,-31622.46000000043,0.15364730919479913,0,20,1,0,0,0,0,0
10.147738761576692,25532.3,393430.5,367898.19,0.0,0.0,-0.010000000009313226,25532.3,25532.309999999998,0.0,0.0648964305095042,1,18,0,0,0,1,0,0
9.467033973196564,12925.49,0.0,0.0,0.0,0.0,12925.49,12925.49,0.0,0.0,12925.49,1,1,0,0,0,1,0,0
9.191164688109893,9809.07,10980.0,1170.93,0.0,0.0,0.0,9809.07,9809.07,0.0,0.8932765686185229,1,18,0,0,0,1,0,0
12.173231014698505,193537.36,10135.0,203672.36,0.0,0.0,387074.72,193537.36,-193537.36,0.0,19.094056827150748,1,21,1,0,0,0,0,0
11.5230096482509,101012.52,0.0,0.0,5417867.57,5518880.09,101012.52,0.0,0.0,101012.51999999955,101012.52,0,17,0,0,0,0,1,0
12.565270579052326,286435.05,10174.0,0.0,469977.32,756412.37,276261.05,0.0,10174.0,286435.05,28.150864864864865,0,12,0,1,0,0,0,0
8.468177301772727,4759.83,603415.92,598656.09,0.0,0.0,-1.1641532182693481e-10,4759.83,4759.8300000000745,0.0,0.007888128161868579,1,0,0,0,0,1,0,0
10.820063043862461,50013.24,0.0,0.0,832346.18,882359.42,50013.24,0.0,0.0,50013.23999999999,50013.24,0,11,0,1,0,0,0,0
9.20847563443332,9980.37,35371.0,45351.37,849121.46,839141.09,19960.740000000005,19960.73999999999,-9980.370000000003,-9980.369999999995,0.28215452900599347,0,14,1,0,0,0,0,0
10.353705160597801,31372.07,633103.0,601730.93,1025964.82,1254961.92,0.0,-197625.03000000003,31372.06999999995,228997.09999999998,0.049552790694735775,0,15,0,1,0,0,0,0
9.436823939221952,12540.82,46549.0,34008.18,0.0,12540.82,0.0,0.0,12540.82,12540.82,0.2694053705692803,0,20,0,1,0,0,0,0
12.907425021217966,403294.58,0.0,0.0,643473.83,1046768.41,403294.58,-1.1641532182693481e-10,0.0,403294.5800000001,403294.58,0,18,0,1,0,0,0,0
10.106527983410615,24501.44,30299.0,5797.56,1715575.94,1740077.37,0.0,0.009999999776482582,24501.44,24501.430000000168,0.8086283828382838,0,19,0,1,0,0,0,0
11.727280348838988,123905.23,983.0,124888.23,0.0,0.0,247810.46,123905.23,-123905.23,0.0,125.91994918699187,1,21,1,0,0,0,0,0
12.92117846086429,408879.6,2546875.14,2955754.74,648010.0,231420.38,817759.2000000002,825469.2200000001,-408879.6000000001,-416589.62,0.16054161157597557,0,18,1,0,0,0,0,0
12.29793119348284,219240.95,14984225.03,15203465.98,1005193.3,1420235.42,438481.9000000004,-195801.16999999993,-219240.95000000112,415042.1199999999,0.014631449736613457,0,20,1,0,0,0,0,0
12.254306273909908,209882.16,33413417.9,33623300.06,846182.57,636300.41,419764.3200000003,419764.31999999995,-209882.16000000387,-209882.15999999992,0.0062813733796034865,0,13,1,0,0,0,0,0
6.9508818160032755,1043.07,169152.0,168108.93,0.0,0.0,0.0,1043.07,1043.070000000007,0.0,0.006166429209059254,1,21,0,0,0,1,0,0
12.566435640241304,286768.96,3293460.64,3580229.59,485333.46,198564.5,573537.9099999997,573537.92,-286768.9499999997,-286768.96,0.08707220285097962,0,19,1,0,0,0,0,0
9.25578685703782,10463.95,9492.0,19955.95,202914.3,192450.35,20927.9,20927.899999999994,-10463.95,-10463.949999999983,1.1022806278310335,0,20,1,0,0,0,0,0
10.698582155773037,44292.01,4926.0,0.0,0.0,0.0,39366.01,44292.01,4926.0,0.0,8.989650903186524,1,13,0,0,0,1,0,0
12.446985424851437,254481.01,23469.0,0.0,618466.38,872947.39,231012.01,0.0,23469.0,254481.01,10.84282104814657,0,19,0,1,0,0,0,0
9.171040135661018,9613.62,9994.0,380.38,0.0,0.0,0.0,9613.62,9613.62,0.0,0.9618429214607305,1,21,0,0,0,1,0,0
11.283112849803377,79467.25,0.0,0.0,238555.97,318023.21,79467.25,0.009999999951105565,0.0,79467.24000000002,79467.25,0,18,0,1,0,0,0,0
12.001885407607185,163060.94,0.0,0.0,421217.25,1041828.89,163060.94,-457550.70000000007,0.0,620611.64,163060.94,0,12,0,1,0,0,0,0
10.14463014487787,25453.05,82151.0,56697.95,2944982.62,2970435.67,0.0,0.0,25453.050000000003,25453.049999999814,0.30982873210633943,0,20,0,1,0,0,0,0
6.599094688145158,733.43,0.0,0.0,0.0,0.0,733.43,733.43,0.0,0.0,733.43,1,18,0,0,0,1,0,0
14.763900908073412,2581549.92,2581549.92,0.0,0.0,2581549.92,0.0,0.0,2581549.92,2581549.92,0.9999996126359576,0,10,0,1,0,0,0,1
14.369900382882795,1740877.42,6053.0,0.0,0.0,1918024.65,1734824.42,-177147.22999999998,6053.0,1918024.65,287.55821275189953,0,11,0,0,0,0,1,0
12.62949803125533,305435.76,152.0,0.0,777060.05,1082495.81,305283.76,0.0,152.0,305435.76,1996.3121568627453,0,11,0,1,0,0,0,0
11.040488798287914,62347.12,21239.0,0.0,2534344.81,2596691.93,41108.12,0.0,21239.0,62347.12000000011,2.9353634651600755,0,17,0,1,0,0,0,0
12.987536540339585,436932.61,0.0,0.0,1798515.03,2235447.63,436932.61,0.01000000024214387,0.0,436932.59999999986,436932.61,0,19,0,1,0,0,0,0
9.07672897615149,8748.3,11567.0,2818.7,0.0,0.0,0.0,8748.3,8748.3,0.0,0.75625,1,20,0,0,0,1,0,0
10.459416552613556,34870.2,0.0,0.0,313236.22,447356.67,34870.2,-99250.25,0.0,134120.45,34870.2,0,10,0,1,0,0,0,0
12.522346147129184,274400.09,39764.0,0.0,0.0,274400.09,234636.09000000003,0.0,39764.0,274400.09,6.900542939771157,0,19,0,1,0,0,0,0
10.644276142461194,41950.78,10727.0,0.0,0.0,41950.78,31223.78,0.0,10727.0,41950.78,3.9104008202833707,0,9,0,1,0,0,0,0
9.496074798997343,13306.39,12081.0,0.0,0.0,0.0,1225.3899999999994,13306.39,12081.0,0.0,1.1013400099321304,1,17,0,0,0,1,0,0
8.515082966456879,4988.46,30874.0,25885.54,0.0,0.0,0.0,4988.46,4988.459999999999,0.0,0.16156955465587045,1,1,0,0,0,1,0,0
13.598052675060567,804560.49,135750.03,0.0,2683785.83,3488346.32,668810.46,4.656612873077393e-10,135750.03,804560.4899999998,5.926735804509181,0,12,0,1,0,0,0,0
12.769923310843657,351484.35,0.0,0.0,769235.83,1120720.18,351484.35,0.0,0.0,351484.35,351484.35,0,16,0,0,0,0,1,0
10.987857566455904,59150.52,99740.0,40589.48,208396.09,267546.62,0.0,-0.010000000009313226,59150.52,59150.53,0.593041176647517,0,19,0,1,0,0,0,0
13.03567476286675,458480.29,0.0,0.0,1348356.53,1650904.92,458480.29,155931.90000000014,0.0,302548.3899999999,458480.29,0,15,0,1,0,0,0,0
12.831033620232375,373633.61,470092.42,843726.03,3381510.02,3007876.41,747267.2200000002,747267.2199999997,-373633.61000000004,-373633.60999999987,0.7948071470560043,0,13,1,0,0,0,0,0
9.60317268798016,14810.7,9510.0,0.0,0.0,0.0,5300.700000000001,14810.7,9510.0,0.0,1.5572179581537169,1,21,0,0,0,1,0,0
12.554754751675473,283438.72,30995.0,0.0,649050.25,932488.97,252443.71999999997,0.0,30995.0,283438.72,9.144364434120531,0,19,0,1,0,0,0,0
10.859439285238103,52021.9,0.0,0.0,400118.92,452140.82,52021.9,0.0,0.0,52021.90000000002,52021.9,0,17,0,1,0,0,0,0
12.757525233599264,347153.51,11384.0,0.0,1088708.49,1435862.01,335769.51,-0.010000000009313226,11384.0,347153.52,30.492183574879228,0,15,0,1,0,0,0,0
12.479922428944585,263002.45,0.0,0.0,398108.52,661110.97,263002.45,0.0,0.0,263002.44999999995,263002.45,0,17,0,1,0,0,0,0
11.786023683109766,131401.93,11330.0,0.0,0.0,107023.24,120071.93,24378.689999999988,11330.0,107023.24,11.59667549201306,0,10,0,1,0,0,0,0
10.834969905179582,50764.38,20867.0,71631.38,0.0,0.0,101528.76000000001,50764.38,-50764.380000000005,0.0,2.432642323174238,1,12,1,0,0,0,0,0
12.090263847284012,178128.1,0.0,0.0,1041395.72,1219523.82,178128.1,0.0,0.0,178128.1000000001,178128.1,0,17,0,1,0,0,0,0
9.033422986309004,8377.49,250742.0,242364.51,0.0,0.0,0.0,8377.49,8377.48999999999,0.0,0.033410663508054064,1,23,0,0,0,1,0,0
9.17672464151869,9668.43,0.0,0.0,0.0,0.0,9668.43,9668.43,0.0,0.0,9668.43,1,19,0,0,0,1,0,0
9.17503956593849,9652.15,9840.0,187.85,0.0,0.0,0.0,9652.15,9652.15,0.0,0.9808098770450158,1,18,0,0,0,1,0,0
12.588097873550842,293048.81,256642.0,0.0,472451.69,765500.5,36406.81,0.0,256642.0,293048.81,1.141853898216589,0,19,0,1,0,0,0,0
10.475333108208517,35429.67,124532.0,89102.33,0.0,0.0,0.0,35429.67,35429.67,0.0,0.28450025294500253,1,10,0,0,0,1,0,0
7.710111061808561,2229.79,0.0,0.0,32575.44,34805.22,2229.79,0.00999999999476131,0.0,2229.7800000000025,2229.79,0,11,0,1,0,0,0,0
11.81631443571825,135443.12,44311.2,0.0,629588.99,765032.11,91131.92,0.0,44311.2,135443.12,3.0565650091848298,0,19,0,1,0,0,0,0
10.085371930447986,23988.51,0.0,0.0,0.0,0.0,23988.51,23988.51,0.0,0.0,23988.51,1,9,0,0,0,1,0,0
12.4831856491249,263862.09,36568.0,300430.09,0.0,99622.89,527724.18,164239.2,-263862.09,99622.89,7.2154581749569315,0,15,1,0,0,0,0,0
12.495141231327928,267035.66,0.0,0.0,863675.45,1130711.11,267035.66,-2.3283064365386963e-10,0.0,267035.66000000015,267035.66,0,9,0,1,0,0,0,0
12.39162369024311,240775.33,137852.0,0.0,29083769.78,29324545.1,102923.32999999999,0.009999997913837433,137852.0,240775.3200000003,1.7466092867039527,0,18,0,1,0,0,0,0
12.120510617726408,183598.24,5534.0,189132.24,27754.69,0.0,367196.48,211352.93,-183598.24,-27754.69,33.17041373080397,0,20,1,0,0,0,0,0
12.203911762503214,199567.29,23780308.46,23979875.75,3596399.39,3396832.1,399134.5799999982,399134.5800000001,-199567.2899999991,-199567.29000000004,0.008392123337826404,0,17,1,0,0,0,0,0
9.543937049566171,13958.8,0.0,0.0,0.0,0.0,13958.8,13958.8,0.0,0.0,13958.8,1,10,0,0,0,1,0,0
12.128122076973233,185001.03,862480.02,1047481.05,283582.54,98581.51,370002.06000000006,370002.05999999994,-185001.03000000003,-185001.02999999997,0.2144986680402544,0,11,1,0,0,0,0,0
10.052674504854506,23216.8,21463.0,0.0,0.0,0.0,1753.7999999999993,23216.8,21463.0,0.0,1.08166231830041,1,10,0,0,0,1,0,0
11.514907100233486,100197.36,0.0,0.0,925332.01,1025529.37,100197.36,0.0,0.0,100197.35999999999,100197.36,0,17,0,1,0,0,0,0
10.709353634308254,44771.69,15524784.22,15569555.91,1788874.7,1744103.0,89543.37999999896,89543.3899999999,-44771.68999999948,-44771.69999999995,0.0028838846634942367,0,19,1,0,0,0,0,0
11.561629815934003,104989.99,3247666.64,3352656.63,7917606.46,7812616.47,209979.97999999998,209979.98000000045,-104989.98999999976,-104989.99000000022,0.03232781233734866,0,14,1,0,0,0,0,0
11.919631203178517,150185.21,0.0,0.0,855671.81,1005857.02,150185.21,0.0,0.0,150185.20999999996,150185.21,0,22,0,1,0,0,0,0
11.417300845735006,90879.51,116956.98,26077.48,146274.78,237154.28,0.00999999999476131,0.009999999980209395,90879.5,90879.5,0.7770270143174497,0,13,0,1,0,0,0,0
9.128764739974276,9215.63,0.0,0.0,0.0,0.0,9215.63,9215.63,0.0,0.0,9215.63,1,14,0,0,0,1,0,0
8.050215379763772,3133.47,0.0,0.0,0.0,0.0,3133.47,3133.47,0.0,0.0,3133.47,1,18,0,0,0,1,0,0
11.15804576575779,70124.78,0.0,0.0,5521030.41,5591155.19,70124.78,0.0,0.0,70124.78000000026,70124.78,0,11,0,1,0,0,0,0
10.394809816221038,32688.52,0.0,0.0,0.0,0.0,32688.52,32688.52,0.0,0.0,32688.52,1,13,0,0,0,1,0,0
12.575291074990346,289319.71,2001.0,0.0,420731.23,710050.94,287318.71,0.0,2001.0,289319.70999999996,144.51533966033966,0,16,0,0,0,0,1,0
9.817660564789662,18354.06,49583.0,67937.06,407230.33,388876.27,36708.119999999995,36708.119999999995,-18354.059999999998,-18354.059999999998,0.37016093901258473,0,12,1,0,0,0,0,0
12.956260621902228,423478.6,0.0,0.0,739947.62,1163426.22,423478.6,0.0,0.0,423478.6,423478.6,0,22,0,0,0,0,1,0
11.132165213279919,68333.17,0.0,0.0,2937864.3,3006197.48,68333.17,-0.01000000024214387,0.0,68333.18000000017,68333.17,0,16,0,1,0,0,0,0
12.121029602826262,183693.55,0.0,0.0,3348875.85,3532569.4,183693.55,0.0,0.0,183693.5499999998,183693.55,0,14,0,1,0,0,0,0
12.33720379738012,228022.46,120501.0,0.0,349060.0,577082.46,107521.45999999999,0.0,120501.0,228022.45999999996,1.892271165623807,0,18,0,1,0,0,0,0
12.702889655240185,328695.35,0.0,0.0,6927675.4,7256370.75,328695.35,0.0,0.0,328695.3499999996,328695.35,0,20,0,1,0,0,0,0
8.465392399852725,4746.59,0.0,0.0,4894289.6,4899036.19,4746.59,-9.313225746154785e-10,0.0,4746.590000000782,4746.59,0,11,0,0,1,0,0,0
12.10430898675334,180647.6,1313511.62,1494159.23,741513.96,560866.35,361295.20999999996,361295.20999999996,-180647.60999999987,-180647.61,0.13753015939808785,0,10,1,0,0,0,0,0
12.306099321522677,221039.08,5884150.74,6105189.81,344547.36,123508.28,442078.14999999944,442078.1599999999,-221039.06999999937,-221039.08,0.03756515633296703,0,9,1,0,0,0,0,0
9.992511652638967,21861.14,15013.0,0.0,0.0,0.0,6848.139999999999,21861.14,15013.0,0.0,1.456050353003863,1,11,0,0,0,1,0,0
9.131979831998233,9245.31,0.0,0.0,3642169.95,3882880.45,9245.31,-231465.18999999994,0.0,240710.5,9245.31,0,17,0,1,0,0,0,0
12.75092243645426,344868.87,0.0,0.0,12107286.59,12452155.46,344868.87,-1.862645149230957e-09,0.0,344868.87000000104,344868.87,0,23,0,1,0,0,0,0
10.052386753166717,23210.12,211389.07,188178.95,0.0,0.0,0.0,23210.12,23210.119999999995,0.0,0.10979758888390546,1,15,0,0,0,1,0,0
11.459787944727324,94823.96,55872.0,0.0,107845.72,202669.67,38951.96000000001,0.009999999980209395,55872.0,94823.95000000001,1.6971338571403005,0,16,0,1,0,0,0,0
9.240105948954863,10301.13,209225.02,198923.89,0.0,0.0,2.9103830456733704e-11,10301.13,10301.129999999976,0.0,0.049234459461590864,1,19,0,0,0,1,0,0
11.241063196934157,76194.92,0.0,0.0,83634.98,159829.9,76194.92,0.0,0.0,76194.92,76194.92,0,13,0,1,0,0,0,0
11.710781156569643,121877.65,114500.0,0.0,910572.55,1101747.43,7377.649999999994,-69297.22999999986,114500.0,191174.8799999999,1.0644243281718062,0,19,0,1,0,0,0,0
12.920383903643149,408554.85,34918.0,0.0,0.0,408554.85,373636.85,0.0,34918.0,408554.85,11.700073026146223,0,11,0,0,0,0,1,0
11.92488960852265,150977.03,202729.0,51751.97,29126.49,180103.52,0.0,0.0,150977.03,150977.03,0.7447197257435999,0,21,0,1,0,0,0,0
11.434802180691124,92484.04,2385553.49,2478037.53,575367.32,482883.27,184968.0799999996,184968.08999999997,-92484.03999999957,-92484.04999999993,0.03876836198363257,0,15,1,0,0,0,0,0
13.395494881918859,657035.52,9122.63,0.0,2593785.5,3250821.03,647912.89,-0.009999999776482582,9122.63,657035.5299999998,72.0147046734688,0,19,0,0,0,0,1,0
12.64077579246669,308899.9,444.0,0.0,297551.99,606451.89,308455.9,0.0,444.0,308899.9,694.1570786516854,0,11,0,1,0,0,0,0
12.051831653291538,171412.09,3921735.16,4093147.25,1087443.39,916031.3,342824.1799999997,342824.17999999993,-171412.08999999985,-171412.08999999985,0.04370821570005872,0,21,1,0,0,0,0,0
9.121775789386998,9151.44,0.0,0.0,0.0,0.0,9151.44,9151.44,0.0,0.0,9151.44,1,10,0,0,0,1,0,0
9.322022166187917,11180.57,69199.19,58018.62,0.0,0.0,0.0,11180.57,11180.57,0.0,0.16156848702294024,1,15,0,0,0,1,0,0
13.926526920125811,1117412.19,0.0,0.0,2149037.69,3266449.88,1117412.19,0.0,0.0,1117412.19,1117412.19,0,15,0,0,0,0,1,0
11.95002230621948,154819.6,200.0,155019.6,0.0,0.0,309639.2,154819.6,-154819.6,0.0,770.2467661691543,1,17,1,0,0,0,0,0
9.10390483424469,8989.33,16655.7,7666.38,0.0,0.0,0.00999999999839929,8989.33,8989.32,0.0,0.5396825301530315,1,11,0,0,0,1,0,0
9.386050957710157,11919.93,19900905.42,19912825.35,1555604.33,1543684.41,23839.859999999404,23839.850000000093,-11919.929999999702,-11919.920000000158,0.0005989641752207184,0,20,1,0,0,0,0,0
12.516678095667144,272849.17,0.0,0.0,1043398.61,1316247.78,272849.17,0.0,0.0,272849.17000000004,272849.17,0,17,0,1,0,0,0,0
10.698245702984801,44277.11,10654.0,54931.11,385517.15,341240.04,88554.22,88554.22000000003,-44277.11,-44277.110000000044,4.155524167057719,0,20,1,0,0,0,0,0
12.029001938862084,167543.11,136.0,0.0,155640.03,323183.14,167407.11,0.0,136.0,167543.11000000002,1222.942408759124,0,14,0,1,0,0,0,0
10.493013814572487,36061.68,0.0,0.0,0.0,0.0,36061.68,36061.68,0.0,0.0,36061.68,1,15,0,0,0,1,0,0
13.015642203136952,449387.12,0.0,0.0,2876208.53,3325595.65,449387.12,0.0,0.0,449387.1200000001,449387.12,0,10,0,0,0,0,1,0
9.702687515376367,16360.52,78058.0,61697.48,0.0,0.0,0.0,16360.52,16360.519999999997,0.0,0.2095917190842824,1,19,0,0,0,1,0,0
9.029583190908196,8345.38,10287.0,1941.62,1489469.99,1497815.37,0.0,-2.3283064365386963e-10,8345.380000000001,8345.380000000121,0.8111761275272161,0,19,0,1,0,0,0,0
11.77601631156683,130093.49,0.0,0.0,336584.34,466677.82,130093.49,0.010000000009313226,0.0,130093.47999999998,130093.49,0,11,0,1,0,0,0,0
12.67211484491345,318733.85,0.0,0.0,1236357.83,1555091.68,318733.85,2.3283064365386963e-10,0.0,318733.84999999986,318733.85,0,23,0,1,0,0,0,0
11.690101305244136,119383.1,11397.0,130780.1,0.0,0.0,238766.2,119383.1,-119383.1,0.0,10.474039305141254,1,12,1,0,0,0,0,0
11.670884825413687,117110.86,80747.0,0.0,31305.0,0.0,36363.86,148415.86,80747.0,-31305.0,1.4503252092931094,0,14,0,1,0,0,0,0
9.674791112432217,15910.4,35674.0,19763.6,0.0,0.0,0.0,15910.4,15910.400000000001,0.0,0.44598177995795374,1,16,0,0,0,1,0,0
8.056613814074343,3153.59,104666.0,101512.41,0.0,0.0,0.0,3153.59,3153.5899999999965,0.0,0.030129744809729908,1,10,0,0,0,1,0,0
12.735324685342023,339531.41,0.0,0.0,563596.16,903127.57,339531.41,1.1641532182693481e-10,0.0,339531.4099999999,339531.41,0,17,0,1,0,0,0,0
10.82058915556539,50039.56,212992.96,162953.4,0.0,0.0,0.0,50039.56,50039.56,0.0,0.23493417372023132,1,15,0,0,0,1,0,0
12.413028276615801,245984.6,0.0,0.0,1001350.52,1247335.12,245984.6,0.0,0.0,245984.6000000001,245984.6,0,18,0,1,0,0,0,0
8.566209996567329,5250.19,61751.0,56500.81,312447.13,317697.31,0.0,0.010000000009313226,5250.190000000002,5250.179999999993,0.08502056613550978,0,20,0,0,0,0,1,0
12.115377345767426,182658.19,47784.0,0.0,2207997.91,2390656.1,134874.19,0.0,47784.0,182658.18999999994,3.822500575494402,0,11,0,1,0,0,0,0
11.77951800842293,130549.84,1657702.65,1788252.49,2269471.68,2138921.84,261099.68000000017,261099.68000000017,-130549.84000000008,-130549.84000000032,0.07875342495626404,0,19,1,0,0,0,0,0
8.616642067716102,5521.81,494294.42,488772.61,0.0,0.0,0.0,5521.81,5521.809999999998,0.0,0.011171072554141813,1,15,0,0,0,1,0,0
12.692620074572845,325337.05,14034470.71,14359807.76,4563040.67,4237703.62,650674.0999999996,650674.0999999996,-325337.0499999989,-325337.0499999998,0.02318128225433574,0,11,1,0,0,0,0,0
12.602179770645865,297204.7,2185244.82,2482449.52,579490.61,282285.91,594409.4000000004,594409.4000000001,-297204.7000000002,-297204.7,0.13600515661894735,0,9,1,0,0,0,0,0
10.48035313222216,35607.98,0.0,0.0,0.0,0.0,35607.98,35607.98,0.0,0.0,35607.98,1,10,0,0,0,1,0,0
9.404760116343228,12145.06,32644.0,20498.94,0.0,0.0,0.0,12145.06,12145.060000000001,0.0,0.3720343084699035,1,1,0,0,0,1,0,0
10.751015172240924,46676.39,0.0,0.0,134160.73,180837.12,46676.39,0.0,0.0,46676.389999999985,46676.39,0,20,0,1,0,0,0,0
11.255230970136607,77282.13,21505.0,0.0,0.0,0.0,55777.130000000005,77282.13,21505.0,0.0,3.593514833069841,1,18,0,0,0,1,0,0
12.554482522710144,283361.57,103937.0,0.0,0.0,283361.57,179424.57,0.0,103937.0,283361.57,2.7262557486193693,0,19,0,1,0,0,0,0
9.76604279840545,17430.65,250334.79,232904.14,0.0,0.0,0.0,17430.65,17430.649999999994,0.0,0.06962907700892469,1,18,0,0,0,1,0,0
12.684368455667853,322663.53,15778.0,0.0,8816529.04,9139192.57,306885.53,-1.862645149230957e-09,15778.0,322663.5300000012,20.44892135116294,0,17,0,0,0,0,1,0
9.546262457291915,13991.3,63014.53,49023.23,0.0,0.0,0.0,13991.3,13991.299999999996,0.0,0.2220293949761273,1,18,0,0,0,1,0,0
11.852927820526073,140494.09,52116.0,192610.09,0.0,0.0,280988.18,140494.09,-140494.09,0.0,2.6957439990789953,1,13,1,0,0,0,0,0
10.33347452695103,30743.75,443757.38,413013.64,0.0,0.0,0.010000000009313226,30743.75,30743.73999999999,0.0,0.06928038181498679,1,9,0,0,0,1,0,0
10.809317157122825,49478.67,0.0,0.0,2821774.65,4471347.78,49478.67,-1600094.4600000004,0.0,1649573.1300000004,49478.67,0,16,0,1,0,0,0,0
9.680152732931305,15995.94,0.0,0.0,0.0,0.0,15995.94,15995.94,0.0,0.0,15995.94,1,10,0,0,0,1,0,0
13.820889167276938,1005392.1,0.0,0.0,1102488.02,2107880.12,1005392.1,0.0,0.0,1005392.1000000001,1005392.1,0,22,0,0,0,0,1,0
12.766278345147766,350205.53,137288.25,0.0,5948993.64,6299199.16,212917.28000000003,0.009999999776482582,137288.25,350205.5200000005,2.55085908037228,0,20,0,0,0,0,1,0
9.312143066086128,11070.65,28558.59,17487.93,0.0,0.0,-0.00999999999839929,11070.65,11070.66,0.0,0.3876333658851545,1,9,0,0,0,1,0,0
12.504068534746311,269430.25,0.0,0.0,1833993.66,2103423.91,269430.25,0.0,0.0,269430.25000000023,269430.25,0,12,0,0,0,0,1,0
14.214742533735134,1490678.38,645.56,0.0,7830067.25,9320745.63,1490032.8199999998,-1.862645149230957e-09,645.56,1490678.3800000008,2305.5530499876268,0,10,0,0,0,0,1,0
11.531384052194168,101862.0,6722.67,0.0,789500.96,891362.96,95139.33,0.0,6722.67,101862.0,15.149761960357958,0,11,0,1,0,0,0,0
12.379252544406844,237815.0,11697.0,249512.0,756319.95,789858.53,475630.0,204276.41999999993,-237815.0,33538.580000000075,20.329543511711403,0,11,1,0,0,0,0,0
11.725437016347684,123677.04,0.0,0.0,373094.5,1568404.77,123677.04,-1071633.23,0.0,1195310.27,123677.04,0,11,0,1,0,0,0,0
8.108897079796508,3322.91,1740.0,0.0,0.0,0.0,1582.9099999999999,3322.91,1740.0,0.0,1.90862148190695,1,20,0,0,0,1,0,0
9.468773071808135,12947.99,0.0,0.0,0.0,0.0,12947.99,12947.99,0.0,0.0,12947.99,1,9,0,0,0,1,0,0
8.749012598418714,6303.46,19989.0,13685.54,0.0,0.0,0.0,6303.46,6303.459999999999,0.0,0.31533066533266635,1,18,0,0,0,1,0,0
12.199641459715968,198716.89,277.0,198993.89,1429284.28,1230567.4,397433.78,397433.77,-198716.89,-198716.88000000012,714.8089568345324,0,18,1,0,0,0,0,0
11.484846618054352,97230.17,287112.93,189882.75,1618291.55,1715521.72,-0.010000000009313226,0.0,97230.18,97230.16999999993,0.33864664803968236,0,11,0,1,0,0,0,0
9.721589705964318,16672.73,0.0,0.0,0.0,0.0,16672.73,16672.73,0.0,0.0,16672.73,1,10,0,0,0,1,0,0
9.770870027921289,17515.0,0.0,0.0,0.0,0.0,17515.0,17515.0,0.0,0.0,17515.0,1,16,0,0,0,1,0,0
12.114325052171967,182466.08,60560.0,0.0,0.0,437980.32,121906.07999999999,-255514.24000000002,60560.0,437980.32,3.0129304337775134,0,19,0,1,0,0,0,0
12.871114315558419,388913.31,8088.0,0.0,3216346.02,3459348.84,380825.31,145910.49000000022,8088.0,243002.81999999983,48.07928174063543,0,12,0,1,0,0,0,0
11.57534527447259,106439.91,20614.0,127053.91,6542385.74,6435945.83,212879.82,212879.8200000003,-106439.91,-106439.91000000015,5.16322629153529,0,15,1,0,0,0,0,0
13.460213164766685,700963.95,0.0,0.0,1149341.09,1850305.04,700963.95,0.0,0.0,700963.95,700963.95,0,23,0,1,0,0,0,0
9.385137020865956,11909.04,0.0,0.0,0.0,0.0,11909.04,11909.04,0.0,0.0,11909.04,1,18,0,0,0,1,0,0
9.77373188004358,17565.2,169816.52,152251.32,0.0,0.0,2.9103830456733704e-11,17565.2,17565.199999999983,0.0,0.10343573501721143,1,19,0,0,0,1,0,0
12.719757876718734,334286.9,0.0,0.0,1699074.92,2033361.82,334286.9,-2.3283064365386963e-10,0.0,334286.90000000014,334286.9,0,19,0,0,0,0,1,0
11.857396270438421,141123.29,60798.0,0.0,0.0,141123.29,80325.29000000001,0.0,60798.0,141123.29,2.321144920146713,0,17,0,1,0,0,0,0
12.262714192484111,211654.28,0.0,0.0,277945.34,489599.62,211654.28,0.0,0.0,211654.27999999997,211654.28,0,16,0,1,0,0,0,0
13.074833476769099,476789.98,0.0,0.0,3180868.22,3657658.21,476789.98,-0.009999999776482582,0.0,476789.98999999976,476789.98,0,16,0,1,0,0,0,0
12.445381511248687,254073.17,30183.0,0.0,210945.18,465018.35,223890.17,0.0,30183.0,254073.16999999998,8.41747846541214,0,13,0,1,0,0,0,0
9.102994553575039,8981.15,31402.0,22420.85,0.0,0.0,0.0,8981.15,8981.150000000001,0.0,0.28599656083813646,1,15,0,0,0,1,0,0
11.637169097068378,113228.17,100428.0,0.0,0.0,113228.17,12800.169999999998,0.0,100428.0,113228.17,1.127444961116809,0,22,0,1,0,0,0,0
11.756356623997817,127560.85,266774.0,139213.15,110034.72,237595.57,0.0,0.0,127560.85,127560.85,0.47815893543248056,0,18,0,1,0,0,0,0
9.413803528523513,12255.4,106798.0,94542.6,1168.3,13423.7,0.0,-1.8189894035458565e-12,12255.399999999994,12255.400000000001,0.11475201078661786,0,17,0,1,0,0,0,0
9.842636623864228,18818.27,92610.0,73791.73,0.0,0.0,0.0,18818.27,18818.270000000004,0.0,0.2031969204522141,1,21,0,0,0,1,0,0
9.218244055419184,10078.35,0.0,0.0,0.0,0.0,10078.35,10078.35,0.0,0.0,10078.35,1,12,0,0,0,1,0,0
12.271905422507205,213608.62,12669.0,0.0,866840.81,908097.02,200939.62,172352.41000000015,12669.0,41256.20999999996,16.859401736385163,0,18,0,1,0,0,0,0
9.203184832054012,9927.7,0.0,0.0,0.0,0.0,9927.7,9927.7,0.0,0.0,9927.7,1,17,0,0,0,1,0,0
6.827412526299598,921.8,0.0,0.0,0.0,0.0,921.8,921.8,0.0,0.0,921.8,1,17,0,0,0,1,0,0
12.12347931277632,184144.1,0.0,0.0,1168472.2,1352616.3,184144.1,0.0,0.0,184144.1000000001,184144.1,0,13,0,1,0,0,0,0
11.013466660113524,60684.9,35232.0,95916.9,6141969.63,6081284.73,121369.79999999999,121369.79999999981,-60684.899999999994,-60684.89999999944,1.7223881020634064,0,18,1,0,0,0,0,0
12.688474473491052,323991.12,0.0,0.0,598783.27,922774.39,323991.12,0.0,0.0,323991.12,323991.12,0,17,0,1,0,0,0,0
14.272542600017271,1579378.49,0.0,0.0,20985600.09,22564978.58,1579378.49,0.0,0.0,1579378.4899999984,1579378.49,0,20,0,0,0,0,1,0
12.100344617903652,179932.86,0.0,0.0,2222867.93,2402800.79,179932.86,0.0,0.0,179932.85999999987,179932.86,0,19,0,1,0,0,0,0
10.956460009522345,57322.16,10828.0,68150.16,0.0,0.0,114644.32,57322.16,-57322.16,0.0,5.293393665158371,1,14,1,0,0,0,0,0
8.779112741628385,6496.11,125408.54,118912.43,0.0,0.0,0.0,6496.11,6496.110000000001,0.0,0.05179916934548998,1,15,0,0,0,1,0,0
12.28077822836477,215512.37,1016.0,0.0,0.0,0.0,214496.37,215512.37,1016.0,0.0,211.90990167158307,1,16,0,1,0,0,0,0
12.380297134367922,238063.55,0.0,0.0,590786.58,1023984.34,238063.55,-195134.21000000008,0.0,433197.76,238063.55,0,21,0,1,0,0,0,0
12.791167774831239,359031.35,314981.71,0.0,804921.94,1163953.29,44049.639999999956,0.0,314981.71,359031.3500000001,1.1398446282972166,0,20,0,0,0,0,1,0
9.506520979360987,13446.13,17893.0,4446.87,0.0,0.0,0.0,13446.13,13446.130000000001,0.0,0.7514323236839163,1,9,0,0,0,1,0,0
12.118351198318525,183202.2,5094.0,0.0,585197.58,768399.78,178108.2,0.0,5094.0,183202.20000000007,35.95725220804711,0,13,0,1,0,0,0,0
11.324943317218262,82861.95,1465915.06,1548777.01,99652.91,16790.97,165723.8999999999,165723.88999999998,-82861.94999999995,-82861.94,0.056525712665976245,0,23,1,0,0,0,0,0
8.904286568008397,7362.47,323636.28,316273.81,0.0,0.0,-5.820766091346741e-11,7362.47,7362.47000000003,0.0,0.022749140642882672,1,17,0,0,0,1,0,0
7.186250279224749,1320.14,21477.0,20156.86,0.0,0.0,0.0,1320.14,1320.1399999999994,0.0,0.06146475463264736,1,15,0,0,0,1,0,0
14.197808194030403,1465647.25,0.0,0.0,12081323.18,13546970.43,1465647.25,0.0,0.0,1465647.25,1465647.25,0,15,0,0,0,0,1,0
11.829055625962027,137179.88,126940.0,264119.88,163597.41,26417.54,274359.76,274359.75000000006,-137179.88,-137179.87,1.080658573668082,0,17,1,0,0,0,0,0
9.684141780520136,16059.88,5046621.47,5062681.35,690040.0,673980.12,32119.759999999776,32119.76000000001,-16059.879999999888,-16059.880000000005,0.003182302638144438,0,9,1,0,0,0,0,0
13.007500636034782,445743.25,10136.0,455879.25,0.0,0.0,891486.5,445743.25,-445743.25,0.0,43.97190983525698,1,20,1,0,0,0,0,0
11.35828203042597,85671.06,488.0,0.0,0.0,85671.06,85183.06,0.0,488.0,85671.06,175.1964417177914,0,19,0,1,0,0,0,0
11.950846598261666,154947.27,2159708.27,2314655.54,763745.81,608798.54,309894.54000000004,309894.54000000004,-154947.27000000002,-154947.27000000002,0.07174450383314787,0,14,1,0,0,0,0,0
11.719349948328798,122926.49,0.0,0.0,1149774.29,1272700.78,122926.49,0.0,0.0,122926.48999999999,122926.49,0,16,0,1,0,0,0,0
11.363138666214944,86088.15,25035.0,111123.15,0.0,0.0,172176.3,86088.15,-86088.15,0.0,3.438574452787985,1,16,1,0,0,0,0,0
11.600478178743991,109148.98,0.0,0.0,2524244.34,2633393.32,109148.98,0.0,0.0,109148.97999999998,109148.98,0,15,0,1,0,0,0,0
13.39029603264425,653628.55,0.0,0.0,2056423.4,2710051.95,653628.55,0.0,0.0,653628.5500000003,653628.55,0,23,0,0,0,0,1,0
12.317802285187714,223641.1,0.0,0.0,386852.37,610493.47,223641.1,0.0,0.0,223641.09999999998,223641.1,0,18,0,1,0,0,0,0
10.502363063852934,36400.42,11112.0,0.0,1701636.84,1738037.26,25288.42,0.0,11112.0,36400.419999999925,3.2754809682354,0,15,0,1,0,0,0,0
9.737195041438545,16934.97,11358.0,0.0,0.0,0.0,5576.970000000001,16934.97,11358.0,0.0,1.4908856413416676,1,12,0,0,0,1,0,0
12.318519334850187,223801.52,21444.0,245245.52,3509897.39,3286095.87,447603.04,447603.04000000004,-223801.52,-223801.52000000002,10.436069946374445,0,17,1,0,0,0,0,0
10.744410133949927,46369.1,0.0,0.0,144358.28,190727.39,46369.1,-0.010000000009313226,0.0,46369.110000000015,46369.1,0,18,0,1,0,0,0,0
11.077076971245074,64670.57,38351.0,103021.57,28248.12,0.0,129341.14000000001,92918.69,-64670.57000000001,-28248.12,1.6862372236128493,0,18,1,0,0,0,0,0
4.55870731157775,94.46,2394.0,2299.54,4272479.92,4357163.69,0.0,-84589.31000000052,94.46000000000004,84683.77000000048,0.039440501043841336,0,19,0,0,1,0,0,0
10.070482673922532,23633.97,6803508.01,6827141.98,678818.21,655184.23,47267.94000000041,47267.94999999995,-23633.97000000067,-23633.97999999998,0.00347379123997074,0,21,1,0,0,0,0,0
11.62894151821004,112300.39,23371089.47,23483389.87,9173452.56,9061152.17,224600.79000000283,224600.7800000012,-112300.40000000224,-112300.3900000006,0.004805098424660713,0,11,1,0,0,0,0,0
11.746594548014492,126321.64,21714.0,0.0,830132.71,1389997.28,104607.64,-433542.93000000005,21714.0,559864.5700000001,5.8172525903753165,0,15,0,1,0,0,0,0
11.920932539542374,150380.78,1559.0,0.0,221214.92,371595.69,148821.78,0.010000000009313226,1559.0,150380.77,96.3979358974359,0,21,0,1,0,0,0,0
11.838798946985595,138523.01,7480671.23,7619194.23,511107.5,372584.49,277046.0099999998,277046.02,-138523.0,-138523.01,0.018517454814351623,0,13,1,0,0,0,0,0
10.9467130923328,56766.15,6440621.83,6497387.98,242627.94,185861.78,113532.30000000075,113532.31000000003,-56766.15000000037,-56766.16,0.00881376716170787,0,23,1,0,0,0,0,0
13.094544886342426,486281.44,1003.0,0.0,351521.33,837802.77,485278.44,0.0,1003.0,486281.44,484.3440637450199,0,19,0,1,0,0,0,0
11.660745721309635,115929.45,1236008.61,1351938.06,851471.04,735541.58,231858.8999999999,231858.91000000003,-115929.44999999995,-115929.46000000008,0.09379332414737454,0,11,1,0,0,0,0,0
14.18876368626601,1452450.95,68483.0,0.0,76089.27,1528540.22,1383967.95,0.0,68483.0,1452450.95,21.208617341276796,0,12,0,0,0,0,1,0
5.507443126094042,245.52,0.0,0.0,0.0,0.0,245.52,245.52,0.0,0.0,245.52,1,15,0,0,0,1,0,0
9.549131346816354,14031.5,130370.0,116338.5,0.0,0.0,0.0,14031.5,14031.5,0.0,0.10762746316281996,1,10,0,0,0,1,0,0
13.523351411690651,746648.7,0.0,0.0,1628388.05,2793720.38,746648.7,-418683.6299999999,0.0,1165332.3299999998,746648.7,0,17,0,0,0,0,1,0
9.04143521149243,8444.89,21893.83,13448.93,0.0,0.0,-0.010000000002037268,8444.89,8444.900000000001,0.0,0.3857024694870889,1,20,0,0,0,1,0,0
13.290506256807628,591551.82,12360.0,0.0,518239.14,1109790.96,579191.82,0.0,12360.0,591551.82,47.856307742092056,0,0,0,0,0,0,1,0
10.316245006738072,30218.57,0.0,0.0,0.0,0.0,30218.57,30218.57,0.0,0.0,30218.57,1,22,0,0,0,1,0,0
12.301489410563182,220022.45,1686061.36,1906083.81,5914400.21,5694377.76,440044.90000000014,440044.9000000004,-220022.44999999995,-220022.4500000002,0.13049484717753856,0,14,1,0,0,0,0,0
12.940310760442815,416777.74,20367.56,0.0,4085740.42,4502518.16,396410.18,0.0,20367.56,416777.7400000002,20.46181664290455,0,16,0,1,0,0,0,0
9.759253952184133,17312.71,11562.0,0.0,0.0,0.0,5750.709999999999,17312.71,11562.0,0.0,1.49725071348266,1,17,0,0,0,1,0,0
12.476230613879125,262033.28,82609.0,0.0,33765.93,295799.2,179424.28,0.010000000009313226,82609.0,262033.27000000002,3.171931727393778,0,15,0,1,0,0,0,0
9.718467959313028,16620.76,0.0,0.0,233446.28,250067.04,16620.76,0.0,0.0,16620.76000000001,16620.76,0,18,0,1,0,0,0,0
13.140690072911589,509246.83,216075.34,725322.16,335631.25,0.0,1018493.65,844878.0800000001,-509246.82000000007,-335631.25,2.356791261829037,0,11,1,0,0,0,0,0
9.26095363519494,10518.16,73592.0,63073.84,0.0,0.0,0.0,10518.16,10518.160000000003,0.0,0.14292337586455234,1,10,0,0,0,1,0,0
9.826088555511319,18509.41,237385.0,218875.59,0.0,0.0,0.0,18509.41,18509.410000000003,0.0,0.07797178435122543,1,12,0,0,0,1,0,0
12.76439273727085,349545.8,52.0,0.0,192014.96,541560.76,349493.8,0.0,52.0,349545.80000000005,6595.203773584905,0,15,0,0,0,0,1,0
8.81386820587764,6725.89,13946.6,7220.71,0.0,0.0,0.0,6725.89,6725.89,0.0,0.4822256158765666,1,20,0,0,0,1,0,0
12.010134644293435,164411.64,27659.0,0.0,10674286.45,10838698.09,136752.64,0.0,27659.0,164411.6400000006,5.94402169197397,0,19,0,1,0,0,0,0
8.657435018628247,5751.76,538.0,0.0,0.0,0.0,5213.76,5751.76,538.0,0.0,10.671168831168831,1,20,0,0,0,1,0,0
8.945826498754396,7674.79,1418.0,0.0,0.0,0.0,6256.79,7674.79,1418.0,0.0,5.408590556730092,1,10,0,0,0,1,0,0
13.231976095621048,557921.92,0.0,0.0,1349768.19,1907690.11,557921.92,-2.3283064365386963e-10,0.0,557921.9200000002,557921.92,0,19,0,0,0,0,1,0
13.119074153834623,498357.09,51357.0,0.0,0.0,498357.09,447000.09,0.0,51357.0,498357.09,9.703592234900114,0,18,0,1,0,0,0,0
9.547373879626766,14006.86,7929916.24,7943923.1,5890364.99,5876358.13,28013.71999999974,28013.72000000067,-14006.859999999404,-14006.860000000335,0.0017663311704372844,0,16,1,0,0,0,0,0
12.081697265542763,176608.66,533304.17,709912.83,1879299.96,1702691.3,353217.31999999995,353217.31999999983,-176608.65999999992,-176608.65999999992,0.3311587247504088,0,15,1,0,0,0,0,0
10.031698252848546,22734.85,0.0,0.0,2563937.19,2586672.04,22734.85,0.0,0.0,22734.850000000093,22734.85,0,18,0,1,0,0,0,0
9.304559047215164,10987.0,19878.0,8891.0,0.0,0.0,0.0,10987.0,10987.0,0.0,0.552693797474722,1,17,0,0,0,1,0,0
12.604033265272378,297756.08,21085.0,0.0,400228.36,697984.44,276671.08,0.0,21085.0,297756.07999999996,14.121031964336527,0,18,0,0,0,0,1,0
14.055202789402593,1270856.96,19031.28,0.0,1699396.7,3232475.42,1251825.68,-262221.7599999998,19031.28,1533078.72,66.77376331159483,0,11,0,0,0,0,1,0
8.49437072900438,4886.18,0.0,0.0,231233.2,236119.38,4886.18,0.0,0.0,4886.179999999993,4886.18,0,10,0,1,0,0,0,0
11.499487478309877,98664.19,9075.0,0.0,624202.23,562450.91,89589.19,160415.5099999999,9075.0,-61751.31999999995,10.87088915821948,0,10,0,1,0,0,0,0
10.857113952751682,51901.07,0.0,0.0,335193.42,387094.49,51901.07,0.0,0.0,51901.07000000001,51901.07,0,9,0,0,0,0,1,0
8.852979478542165,6994.2,72434.0,65439.8,136994.07,143988.28,0.0,-0.009999999980209395,6994.199999999997,6994.209999999992,0.0965582936425761,0,23,0,0,1,0,0,0
12.114557012319263,182508.41,0.0,0.0,360471.94,542980.35,182508.41,0.0,0.0,182508.40999999997,182508.41,0,14,0,1,0,0,0,0
12.528162956270291,276000.88,7546820.98,7822821.86,799672.66,523671.77,552001.7599999998,552001.77,-276000.8799999999,-276000.89,0.036571802108415444,0,20,1,0,0,0,0,0
11.24967242565936,76853.74,9923488.04,10000341.78,661353.52,584499.78,153707.48000000045,153707.47999999998,-76853.74000000022,-76853.73999999999,0.007744628899192094,0,9,1,0,0,0,0,0
12.643775972743063,309828.05,10040.0,0.0,358920.41,668748.46,299788.05,0.0,10040.0,309828.05,30.856294193805397,0,11,0,1,0,0,0,0
8.370346108606824,4316.13,0.0,0.0,0.0,0.0,4316.13,4316.13,0.0,0.0,4316.13,1,21,0,0,0,1,0,0
13.22833772862655,555895.68,9097.0,0.0,1412067.28,1967962.97,546798.68,-0.010000000009313226,9097.0,555895.69,61.10086612442296,0,15,0,1,0,0,0,0
11.664020251737464,116309.69,0.0,0.0,1573785.72,1690095.41,116309.69,0.0,0.0,116309.68999999994,116309.69,0,10,0,1,0,0,0,0
7.922043485737529,2756.4,10477.0,7720.6,102933.39,105689.78,0.0,0.00999999999476131,2756.3999999999996,2756.3899999999994,0.26306547050963924,0,16,0,0,1,0,0,0
8.897709654160437,7314.2,42.0,7356.2,4346.12,0.0,14628.4,11660.32,-7314.2,-4346.12,170.09767441860464,0,21,1,0,0,0,0,0
11.828589198571855,137115.91,30433.0,0.0,25270.42,162386.34,106682.91,-0.009999999980209395,30433.0,137115.91999999998,4.505352894788723,0,12,0,1,0,0,0,0
8.317243569251572,4092.86,9018.0,4925.14,0.0,0.0,0.0,4092.86,4092.8599999999997,0.0,0.4538041911520124,1,1,0,0,0,1,0,0
13.0393105187688,460150.25,0.0,0.0,581939.94,1042090.19,460150.25,0.0,0.0,460150.25,460150.25,0,13,0,0,0,0,1,0
11.638262475161392,113352.04,0.0,0.0,273462.51,386814.54,113352.04,0.010000000009313226,0.0,113352.02999999997,113352.04,0,13,0,1,0,0,0,0
10.649165748690612,42156.41,28264.76,0.0,0.0,0.0,13891.650000000005,42156.41,28264.76,0.0,1.4914302675746205,1,16,0,0,0,1,0,0
8.872247422709465,7130.29,0.0,0.0,0.0,0.0,7130.29,7130.29,0.0,0.0,7130.29,1,14,0,0,0,1,0,0
8.198045219368227,3632.84,0.0,0.0,0.0,0.0,3632.84,3632.84,0.0,0.0,3632.84,1,13,0,0,0,1,0,0
11.99031146483823,161184.55,56969.0,0.0,238683.88,399868.43,104215.54999999999,0.0,56969.0,161184.55,2.82928822187116,0,11,0,1,0,0,0,0
8.057326806247374,3155.84,0.0,0.0,0.0,0.0,3155.84,3155.84,0.0,0.0,3155.84,1,19,0,0,0,1,0,0
11.384773406321354,87970.96,48949.0,136919.96,3376.53,0.0,175941.91999999998,91347.49,-87970.95999999999,-3376.53,1.7971595505617979,0,10,1,0,0,0,0,0
13.714668905735309,904075.18,45379.0,0.0,2383462.52,3287537.7,858696.18,0.0,45379.0,904075.1800000002,19.92232657558396,0,10,0,0,0,0,1,0
11.536759758090298,102411.06,6037.0,0.0,67525.38,169936.44,96374.06,0.0,6037.0,102411.06,16.961089764822788,0,16,0,1,0,0,0,0
12.917852234633616,407521.83,20378.0,427899.83,0.0,0.0,815043.66,407521.83,-407521.83,0.0,19.99714559104961,1,14,1,0,0,0,0,0
11.955106292378376,155608.71,4464.0,0.0,0.0,155608.71,151144.71,0.0,4464.0,155608.71,34.850774916013435,0,12,0,1,0,0,0,0
10.467265239172228,35144.97,6405476.86,6440621.83,972409.87,937264.9,70289.93999999948,70289.93999999994,-35144.96999999974,-35144.96999999997,0.005486705405613563,0,23,1,0,0,0,0,0
9.354547203786403,11550.23,0.0,0.0,277933.51,289483.73,11550.23,0.010000000009313226,0.0,11550.219999999972,11550.23,0,18,0,1,0,0,0,0
6.810120399155368,905.98,0.0,0.0,0.0,0.0,905.98,905.98,0.0,0.0,905.98,1,19,0,0,0,1,0,0
12.186465118200758,196115.69,29446.0,0.0,0.0,196115.69,166669.69,0.0,29446.0,196115.69,6.659954834108738,0,19,0,1,0,0,0,0
9.035957222483749,8398.75,0.0,0.0,0.0,0.0,8398.75,8398.75,0.0,0.0,8398.75,1,12,0,0,0,1,0,0
11.745819881701145,126223.82,80191.0,206414.82,2877485.46,2751261.64,252447.64,252447.63999999966,-126223.82,-126223.81999999983,1.5740201017557862,0,18,1,0,0,0,0,0
12.698058602005139,327111.23,16942.0,344053.23,507916.73,180805.5,654222.46,654222.46,-327111.23,-327111.23,19.306570855220443,0,16,1,0,0,0,0,0
10.845439403456586,51298.66,19343.0,70641.66,1220429.35,1169130.68,102597.32,102597.33000000007,-51298.66,-51298.67000000016,2.6519158395368074,0,20,1,0,0,0,0,0
11.656975071726139,115493.14,2765295.08,2880788.21,2458172.13,2342678.99,230986.27000000002,230986.2799999998,-115493.12999999989,-115493.13999999966,0.041765198611209836,0,19,1,0,0,0,0,0
9.486057397897461,13173.75,6412.33,0.0,0.0,0.0,6761.42,13173.75,6412.33,0.0,2.0541200904990076,1,18,0,0,0,1,0,0
11.675600707250524,117664.45,7602936.45,7720600.9,448016.24,330351.79,235328.90000000037,235328.89999999997,-117664.45000000019,-117664.45000000001,0.015476182827204503,0,9,1,0,0,0,0,0
11.176161685854632,71406.75,0.0,0.0,85195.06,156601.81,71406.75,0.0,0.0,71406.75,71406.75,0,13,0,1,0,0,0,0
10.355769132331748,31436.89,0.0,0.0,0.0,0.0,31436.89,31436.89,0.0,0.0,31436.89,1,18,0,0,0,1,0,0
13.068856835590614,473948.87,0.0,0.0,641986.49,1115935.36,473948.87,-2.3283064365386963e-10,0.0,473948.8700000001,473948.87,0,10,0,1,0,0,0,0
12.358506309271476,232932.04,11810.0,0.0,524435.56,757367.6,221122.04,1.1641532182693481e-10,11810.0,232932.03999999992,19.721618829904326,0,15,0,1,0,0,0,0
10.675375901827458,43275.97,2013.0,0.0,300617.58,343893.55,41262.97,5.820766091346741e-11,2013.0,43275.96999999997,21.487571996027807,0,14,0,1,0,0,0,0
12.149343445447174,188968.98,2810.0,191778.98,167607.01,0.0,377937.96,356575.99,-188968.98,-167607.01,67.22482390608324,0,9,1,0,0,0,0,0
12.277854836579166,214883.26,258.0,0.0,1887219.59,2102102.85,214625.26,0.0,258.0,214883.26,829.6650965250966,0,16,0,1,0,0,0,0
7.28882523025558,1462.85,0.0,0.0,0.0,0.0,1462.85,1462.85,0.0,0.0,1462.85,1,13,0,0,0,1,0,0
12.224834240944572,203786.74,15504.0,0.0,52968.04,256754.79,188282.74,-0.010000000009313226,15504.0,203786.75,13.143291841341503,0,19,0,1,0,0,0,0
9.097288128455627,8930.04,206673.51,197743.47,0.0,0.0,0.0,8930.04,8930.040000000008,0.0,0.04320823114567927,1,12,0,0,0,1,0,0
12.529856473682623,276468.69,0.0,0.0,2908813.74,3185282.43,276468.69,0.0,0.0,276468.68999999994,276468.69,0,11,0,1,0,0,0,0
12.32492111341202,225238.85,14341324.9,14566563.74,4150275.41,3925036.56,450477.6899999995,450477.6999999997,-225238.83999999985,-225238.8500000001,0.015705580611622527,0,19,1,0,0,0,0,0
12.822932072245225,370618.82,49.0,0.0,187321.2,557940.02,370569.82,0.0,49.0,370618.82,7412.3764,0,11,0,1,0,0,0,0
11.873214390603051,143373.36,32086.0,175459.36,49379.57,0.0,286746.72,192752.93,-143373.36,-49379.57,4.4682693925888985,0,9,1,0,0,0,0,0
9.008404098229795,8170.47,0.0,0.0,0.0,0.0,8170.47,8170.47,0.0,0.0,8170.47,1,11,0,0,0,1,0,0
11.298021003944156,80660.85,466.0,81126.85,499233.41,418572.56,161321.7,161321.7,-80660.85,-80660.84999999998,172.72130620985013,0,19,1,0,0,0,0,0
10.407329648134375,33100.36,55470.0,22369.64,102579.43,135679.79,0.0,-2.9103830456733704e-11,33100.36,33100.360000000015,0.5967146797425682,0,15,0,1,0,0,0,0
11.073755630642568,64456.13,34629.0,0.0,1094124.84,1158580.97,29827.129999999997,0.0,34629.0,64456.12999999989,1.8612801039561073,0,9,0,1,0,0,0,0
14.691606357007226,2401504.42,0.0,0.0,4649063.52,7050567.94,2401504.42,-9.313225746154785e-10,0.0,2401504.420000001,2401504.42,0,12,0,0,0,0,1,0
9.836663755476872,18706.2,11713.0,30419.2,647776.97,629070.77,37412.4,37412.39999999991,-18706.2,-18706.199999999953,1.5969096807239203,0,13,1,0,0,0,0,0
8.965401008291515,7826.52,0.0,0.0,0.0,0.0,7826.52,7826.52,0.0,0.0,7826.52,1,19,0,0,0,1,0,0
11.001975166766035,59991.52,0.0,0.0,2222033.39,2282024.91,59991.52,0.0,0.0,59991.52000000002,59991.52,0,15,0,1,0,0,0,0
8.140592469741478,3429.95,253.0,0.0,0.0,0.0,3176.95,3429.95,253.0,0.0,13.503740157480314,1,16,0,0,0,1,0,0
10.617198100367972,40830.05,0.0,0.0,2056103.75,2096933.79,40830.05,0.010000000009313226,0.0,40830.04000000004,40830.05,0,17,0,1,0,0,0,0
13.03077663300279,456240.08,0.0,0.0,673813.25,1130053.33,456240.08,0.0,0.0,456240.0800000001,456240.08,0,10,0,1,0,0,0,0
8.76322949263688,6393.73,11172.0,4778.27,0.0,0.0,0.0,6393.73,6393.73,0.0,0.572248277096572,1,10,0,0,0,1,0,0
12.483164008880397,263856.38,21651.0,285507.38,1853746.24,1589889.86,527712.76,527712.76,-263856.38,-263856.3799999999,12.186235913541475,0,10,1,0,0,0,0,0
13.050473742919177,465315.8,6304.0,0.0,367013.84,832329.63,459011.8,0.010000000009313226,6304.0,465315.79,73.80107850911975,0,13,0,1,0,0,0,0
9.20281109799821,9923.99,0.0,0.0,0.0,0.0,9923.99,9923.99,0.0,0.0,9923.99,1,20,0,0,0,1,0,0
8.400708812140506,4449.22,3717481.33,3721930.54,787699.93,783250.71,8898.430000000168,8898.44000000006,-4449.209999999963,-4449.2200000000885,0.0011968368925643286,0,15,1,0,0,0,0,0
11.866901259480333,142471.07,149507.0,291978.07,185395.86,42924.79,284942.14,284942.14,-142471.07,-142471.06999999998,0.9529327527623941,0,13,1,0,0,0,0,0
11.14129843652344,68960.14,0.0,0.0,675880.58,744840.72,68960.14,0.0,0.0,68960.14000000001,68960.14,0,13,0,1,0,0,0,0
9.759288028644205,17313.3,0.0,0.0,7563853.7,7581167.0,17313.3,0.0,0.0,17313.299999999814,17313.3,0,17,0,1,0,0,0,0
8.677725749383697,5869.68,10833.0,4963.32,0.0,0.0,0.0,5869.68,5869.68,0.0,0.5417832748753924,1,16,0,0,0,1,0,0
11.916654734047832,149738.85,5912.0,0.0,0.0,149738.85,143826.85,0.0,5912.0,149738.85,25.323668188736683,0,20,0,1,0,0,0,0
12.450668443162783,255420.0,12147704.93,12403124.93,516374.7,408079.19,510840.0,363715.50999999995,-255420.0,-108295.51000000001,0.02102619222689728,0,19,1,0,0,0,0,0
8.528445644437282,5055.58,196675.87,191620.28,0.0,0.0,-0.010000000009313226,5055.58,5055.5899999999965,0.0,0.025705005372517877,1,19,0,0,0,1,0,0
10.22109365178898,27475.7,46135.0,18659.3,0.0,0.0,0.0,27475.7,27475.7,0.0,0.5955371076816369,1,13,0,0,0,1,0,0
10.676718670688876,43334.12,212501.0,169166.88,0.0,0.0,0.0,43334.12,43334.119999999995,0.0,0.20392335130963474,1,9,0,0,0,1,0,0
13.134957497493563,506335.88,71561.0,577896.88,99839.0,0.0,1012671.76,606174.88,-506335.88,-99839.0,7.075485313434505,0,12,1,0,0,0,0,0
8.802770550511962,6651.65,6167.0,0.0,0.0,0.0,484.64999999999964,6651.65,6167.0,0.0,1.0784127756160828,1,21,0,0,0,1,0,0
5.659168577730182,285.91,191235.18,190949.28,0.0,0.0,0.010000000009313226,285.91,285.8999999999942,0.0,0.0014950622837163973,1,13,0,0,0,1,0,0
11.872995568825262,143341.99,693957.86,837299.86,3317439.03,3174097.03,286683.99,286683.98999999976,-143342.0,-143342.0,0.20655689877639144,0,14,1,0,0,0,0,0
9.170442949907063,9607.88,34675.0,25067.12,0.0,0.0,0.0,9607.88,9607.880000000001,0.0,0.27707578728803783,1,21,0,0,0,1,0,0
11.298242397614489,80678.71,172.0,80850.71,2024.24,0.0,161357.42,82702.95000000001,-80678.71,-2024.24,466.35092485549137,0,14,1,0,0,0,0,0
11.903552430311024,147789.71,8296.0,0.0,218520.84,366310.54,139493.71,0.010000000009313226,8296.0,147789.69999999998,17.812427383391586,0,17,0,1,0,0,0,0
9.578424087676419,14448.63,30971.0,16522.37,0.0,0.0,0.0,14448.63,14448.630000000001,0.0,0.46650619914761715,1,11,0,0,0,1,0,0
12.271283862232341,213475.89,2221068.19,2434544.08,3932678.47,3719202.58,426951.78000000026,426951.78000000026,-213475.89000000013,-213475.89000000013,0.09611402065326925,0,21,1,0,0,0,0,0
11.870350577462158,142963.35,22143.0,0.0,57978.73,200942.08,120820.35,2.9103830456733704e-11,22143.0,142963.34999999998,6.4560761380057805,0,21,0,1,0,0,0,0
9.10387702620249,8989.08,0.0,0.0,0.0,0.0,8989.08,8989.08,0.0,0.0,8989.08,1,8,0,0,0,1,0,0
12.615593750285047,301218.27,57688.0,0.0,52021.98,353240.24,243530.27000000002,0.010000000009313226,57688.0,301218.26,5.2214160411863615,0,18,0,0,0,0,1,0
8.847218979982452,6954.02,176660.0,169705.98,0.0,0.0,0.0,6954.02,6954.0199999999895,0.0,0.03936363996581023,1,21,0,0,0,1,0,0
10.255540983717124,28438.69,14867.0,0.0,1181013.94,1209452.63,13571.689999999999,0.0,14867.0,28438.689999999944,1.9127448210922786,0,11,0,1,0,0,0,0
11.065455631941871,63923.35,0.0,0.0,1207432.63,730592.61,63923.35,540763.37,0.0,-476840.0199999999,63923.35,0,21,0,1,0,0,0,0
12.936040305215768,415001.7,32282.0,0.0,30923.64,445925.35,382719.7,-0.009999999951105565,32282.0,415001.70999999996,12.855115695567326,0,11,0,0,0,0,1,0
13.099868309941957,488877.03,35837.71,0.0,2905487.99,3394365.02,453039.32,4.656612873077393e-10,35837.71,488877.0299999998,13.641033117542458,0,18,0,0,0,0,1,0
12.819677062173874,369414.41,27842.0,0.0,0.0,369414.41,341572.41,0.0,27842.0,369414.41,13.267766045325574,0,17,0,1,0,0,0,0
3.8828001467512427,47.56,0.0,0.0,0.0,0.0,47.56,47.56,0.0,0.0,47.56,1,19,0,0,0,1,0,0
11.808447871519618,134381.82,41801.0,0.0,2950107.34,3084489.16,92580.82,-4.656612873077393e-10,41801.0,134381.8200000003,3.214722262092723,0,19,0,1,0,0,0,0
11.428730264285587,91924.18,20532.0,0.0,185447.68,277371.86,71392.18,0.0,20532.0,91924.18,4.476899624993912,0,9,0,1,0,0,0,0
10.148335451141993,25547.54,574571.23,549023.69,0.0,0.0,0.0,25547.54,25547.540000000037,0.0,0.04446358293368965,1,20,0,0,0,1,0,0
9.77137515266502,17523.85,0.0,0.0,0.0,0.0,17523.85,17523.85,0.0,0.0,17523.85,1,21,0,0,0,1,0,0
12.771249371321117,351950.75,6012.0,0.0,657399.47,1009350.23,345938.75,-0.010000000009313226,6012.0,351950.76,58.531639780475636,0,18,0,1,0,0,0,0
8.512128386920491,4973.74,0.0,0.0,1937176.72,1942150.46,4973.74,0.0,0.0,4973.739999999991,4973.74,0,18,0,1,0,0,0,0
13.171098682926196,524970.2,0.0,0.0,4852858.06,5377828.26,524970.2,0.0,0.0,524970.2000000002,524970.2,0,13,0,0,0,0,1,0
12.503805278960431,269359.33,19402.0,0.0,0.0,269359.33,249957.33000000002,0.0,19402.0,269359.33,13.882354790496317,0,19,0,1,0,0,0,0
11.181551311013838,71792.65,0.0,0.0,0.0,0.0,71792.65,71792.65,0.0,0.0,71792.65,1,12,0,0,0,1,0,0
6.635526519977436,760.68,0.0,0.0,0.0,0.0,760.68,760.68,0.0,0.0,760.68,1,16,0,0,0,1,0,0
12.913717647949442,405840.37,0.0,0.0,511318.44,917158.81,405840.37,0.0,0.0,405840.37000000005,405840.37,0,11,0,1,0,0,0,0
9.369226962510982,11721.05,0.0,0.0,0.0,0.0,11721.05,11721.05,0.0,0.0,11721.05,1,15,0,0,0,1,0,0
11.237542118846655,75927.1,0.0,0.0,791361.94,867289.05,75927.1,-0.010000000125728548,0.0,75927.1100000001,75927.1,0,23,0,1,0,0,0,0
13.665762834217585,860924.14,298050.0,0.0,299218.3,1160142.44,562874.14,0.0,298050.0,860924.1399999999,2.8885128384068497,0,12,0,0,0,0,1,0
11.525377317871905,101251.97,100145.0,0.0,0.0,101251.97,1106.9700000000012,0.0,100145.0,101251.97,1.0110435763784875,0,20,0,1,0,0,0,0
9.068786024201785,8679.08,0.0,0.0,0.0,0.0,8679.08,8679.08,0.0,0.0,8679.08,1,12,0,0,0,1,0,0
9.57038891891165,14332.99,41566.89,27233.89,0.0,0.0,-0.010000000002037268,14332.99,14333.0,0.0,0.3448091784307551,1,20,0,0,0,1,0,0
8.4234779390387,4551.71,0.0,0.0,0.0,0.0,4551.71,4551.71,0.0,0.0,4551.71,1,17,0,0,0,1,0,0
13.742212708341894,929322.99,0.0,0.0,950080.9,1879403.89,929322.99,2.3283064365386963e-10,0.0,929322.9899999999,929322.99,0,19,0,0,0,0,1,0
9.478717293369957,13077.4,0.0,0.0,0.0,0.0,13077.4,13077.4,0.0,0.0,13077.4,1,14,0,0,0,1,0,0
12.289278959105891,217352.2,30673.0,0.0,1647493.96,1864846.16,186679.2,0.0,30673.0,217352.19999999995,7.08587729021321,0,20,0,1,0,0,0,0
10.176028321820558,26264.94,51298.0,25033.06,116274.11,142539.06,0.0,-0.010000000009313226,26264.94,26264.949999999997,0.5119971149535079,0,20,0,1,0,0,0,0
9.861897554843587,19184.26,0.0,0.0,0.0,0.0,19184.26,19184.26,0.0,0.0,19184.26,1,18,0,0,0,1,0,0
11.930869585308395,151882.58,228.0,0.0,2921634.79,3073517.37,151654.58,0.0,228.0,151882.58000000007,663.2427074235808,0,19,0,1,0,0,0,0
13.752716732626135,939136.08,11304.0,0.0,560646.66,1499782.73,927832.08,0.010000000009313226,11304.0,939136.07,83.07262980981866,0,18,0,0,0,0,1,0
8.004976600704106,2994.83,544041.03,541046.19,0.0,0.0,-0.010000000125728548,2994.83,2994.840000000084,0.0,0.005504776901152288,1,12,0,0,0,1,0,0
11.105432001138741,66530.58,0.0,0.0,375644.35,442174.93,66530.58,0.0,0.0,66530.58000000002,66530.58,0,18,0,1,0,0,0,0
12.564113491200267,286103.81,124127.0,410230.81,2245937.59,1959833.78,572207.62,572207.6199999999,-286103.81,-286103.8099999998,2.304909528873421,0,16,1,0,0,0,0,0
11.392671253472399,88668.5,539.0,0.0,375766.42,464434.92,88129.5,0.0,539.0,88668.5,164.20092592592593,0,19,0,1,0,0,0,0
9.228899088681368,10186.32,0.0,0.0,0.0,0.0,10186.32,10186.32,0.0,0.0,10186.32,1,9,0,0,0,1,0,0
12.01940867408609,165943.5,0.0,0.0,5085557.18,5251500.68,165943.5,0.0,0.0,165943.5,165943.5,0,13,0,0,0,0,1,0
12.001181500933049,162946.2,3037959.46,3200905.66,497360.4,334414.2,325892.4000000004,325892.4000000001,-162946.2000000002,-162946.2,0.05363670862260005,0,15,1,0,0,0,0,0
12.049873819683086,171076.82,7926754.82,8097831.64,997755.39,826678.57,342153.63999999966,342153.64,-171076.81999999937,-171076.82000000007,0.0215821988067749,0,19,1,0,0,0,0,0
12.497274802707755,267606.01,0.0,0.0,3626755.38,3894361.39,267606.01,-4.656612873077393e-10,0.0,267606.01000000024,267606.01,0,9,0,1,0,0,0,0
9.366342764895487,11687.29,0.0,0.0,0.0,0.0,11687.29,11687.29,0.0,0.0,11687.29,1,15,0,0,0,1,0,0
12.824572758650643,371227.39,6062.0,0.0,315472.42,686699.81,365165.39,0.0,6062.0,371227.3900000001,61.22833415800759,0,10,0,0,0,0,1,0
9.31931046526337,11150.29,2555794.83,2566945.13,515879.93,504729.63,22300.58999999985,22300.589999999967,-11150.299999999814,-11150.299999999988,0.004362746769173655,0,12,1,0,0,0,0,0
11.93261821184051,152148.4,23793.0,0.0,198686.36,350834.76,128355.4,0.0,23793.0,152148.40000000002,6.394401950071447,0,20,0,1,0,0,0,0
11.943501179597941,153813.28,0.0,0.0,381312.76,535126.04,153813.28,0.0,0.0,153813.28000000003,153813.28,0,10,0,1,0,0,0,0
11.20827124363612,73736.83,306776.0,233039.17,0.0,0.0,0.0,73736.83,73736.82999999999,0.0,0.24035970754000463,1,16,0,0,0,1,0,0
11.782955960956274,130999.44,72585.0,0.0,1413589.88,1544589.33,58414.44,-0.01000000024214387,72585.0,130999.45000000019,1.804748023034745,0,20,0,1,0,0,0,0
12.527603745778281,275846.58,21720.0,0.0,15104.58,290951.16,254126.58000000002,5.820766091346741e-11,21720.0,275846.57999999996,12.699534091432255,0,13,0,1,0,0,0,0
9.613781433082524,14968.67,176612.0,161643.33,0.0,0.0,0.0,14968.67,14968.670000000013,0.0,0.08475406680142458,1,20,0,0,0,1,0,0
10.9025282779223,54312.51,3982876.04,4037188.55,953724.59,899412.09,108625.01999999955,108625.01000000001,-54312.50999999978,-54312.5,0.013636501818795792,0,6,1,0,0,0,0,0
10.897112774324254,54019.17,176869.14,122849.97,0.0,0.0,0.0,54019.17,54019.17000000001,0.0,0.3054171269384419,1,12,0,0,0,1,0,0
11.675712713467242,117677.63,5796124.38,5913802.01,563650.42,445972.79,235355.25999999978,235355.26000000007,-117677.62999999989,-117677.63000000006,0.020302809598642602,0,16,1,0,0,0,0,0
9.523134481242819,13671.4,0.0,0.0,0.0,0.0,13671.4,13671.4,0.0,0.0,13671.4,1,14,0,0,0,1,0,0
9.36432246616511,11663.7,0.0,0.0,0.0,0.0,11663.7,11663.7,0.0,0.0,11663.7,1,18,0,0,0,1,0,0
11.81708508393557,135547.54,7623767.43,7759314.97,2308260.02,2172712.48,271095.0800000001,271095.0800000001,-135547.54000000004,-135547.54000000004,0.017779598271454845,0,11,1,0,0,0,0,0
11.846532099673356,139598.39,878145.07,1017743.46,191673.44,52075.05,279196.78000000014,279196.78,-139598.39,-139598.39,0.15896944115459063,0,13,1,0,0,0,0,0
10.484148053202997,35743.37,61224.0,96967.37,19622.69,0.0,71486.73999999999,55366.06,-35743.369999999995,-19622.69,0.5838035116374031,0,12,1,0,0,0,0,0
9.487793304711216,13196.64,0.0,0.0,0.0,0.0,13196.64,13196.64,0.0,0.0,13196.64,1,20,0,0,0,1,0,0
9.55235152614664,14076.76,21695.0,7618.24,0.0,0.0,0.0,14076.76,14076.76,0.0,0.648818215339233,1,16,0,0,0,1,0,0
12.344657025285318,229728.32,0.0,0.0,1837911.29,2067639.61,229728.32,0.0,0.0,229728.32000000007,229728.32,0,13,0,0,0,0,1,0
8.113088157987052,3336.87,12384286.32,12387623.19,2516793.07,2513456.2,6673.739999998361,6673.739999999758,-3336.8699999991804,-3336.869999999646,0.00026944384555832476,0,15,1,0,0,0,0,0
8.976795413088997,7916.22,51543.27,43627.05,0.0,0.0,7.275957614183426e-12,7916.22,7916.219999999994,0.0,0.15358098970069808,1,18,0,0,0,1,0,0
11.852976504316395,140500.93,6093.0,0.0,18260.37,158761.31,134407.93,-0.010000000009313226,6093.0,140500.94,23.05561700032819,0,22,0,1,0,0,0,0
7.5136601467979345,1831.91,14488.0,12656.09,0.0,0.0,0.0,1831.91,1831.9099999999999,0.0,0.12643453654496514,1,20,0,0,0,1,0,0
9.105136510714082,9000.41,0.0,0.0,0.0,0.0,9000.41,9000.41,0.0,0.0,9000.41,1,16,0,0,0,1,0,0
10.618058594501345,40865.2,6993.0,0.0,0.0,0.0,33872.2,40865.2,6993.0,0.0,5.842893909064912,1,14,0,0,0,1,0,0
9.605166418777467,14840.26,0.0,0.0,47620.12,62460.39,14840.26,-0.00999999999476131,0.0,14840.269999999997,14840.26,0,17,0,1,0,0,0,0
8.718977448456672,6116.92,0.0,0.0,0.0,0.0,6116.92,6116.92,0.0,0.0,6116.92,1,15,0,0,0,1,0,0
12.18508090251605,195844.41,0.0,0.0,619107.13,814951.54,195844.41,0.0,0.0,195844.41000000003,195844.41,0,14,0,1,0,0,0,0
11.416873269940684,90840.66,1701604.46,1792445.12,230700.36,139859.69,181681.32000000007,181681.33000000002,-90840.66000000015,-90840.66999999998,0.05338526593585331,0,19,1,0,0,0,0,0
9.207597614052146,9971.61,31617.0,21645.39,0.0,0.0,0.0,9971.61,9971.61,0.0,0.3153776329938643,1,20,0,0,0,1,0,0
11.583293896607037,107289.34,11912.0,119201.34,381312.2,274022.87,214578.68,214578.67000000004,-107289.34,-107289.33000000002,9.006072357928314,0,12,1,0,0,0,0,0
12.273327941640323,213912.7,71024.0,284936.7,0.0,0.0,427825.4,213912.7,-213912.7,0.0,3.0117944385779656,1,18,1,0,0,0,0,0
11.963105077941043,156858.39,1370097.64,1526956.03,553448.43,396590.05,313716.78,313716.7700000001,-156858.39000000013,-156858.38000000006,0.11448693212336888,0,12,1,0,0,0,0,0
9.371588944912638,11748.77,10747.14,0.0,0.0,0.0,1001.630000000001,11748.77,10747.14,0.0,1.0930979685787496,1,21,0,0,0,1,0,0
9.439186035305754,12570.48,7007767.35,7020337.82,343463.75,330893.27,25140.950000001118,25140.959999999963,-12570.47000000067,-12570.479999999981,0.0017937921706558694,0,14,1,0,0,0,0,0
9.019409864276586,8260.9,403.0,0.0,0.0,0.0,7857.9,8260.9,403.0,0.0,20.44777227722772,1,17,0,0,0,1,0,0
11.052151907253178,63078.55,0.0,0.0,280540.86,343619.41,63078.55,0.0,0.0,63078.54999999999,63078.55,0,17,0,1,0,0,0,0
12.77917682613711,354751.92,99362.08,0.0,478199.09,1052330.78,255389.83999999997,-219379.77000000002,99362.08,574131.69,3.570258892940919,0,15,0,1,0,0,0,0
12.743773386295059,342412.17,335794.05,0.0,435069.89,777482.06,6618.119999999995,0.0,335794.05,342412.17000000004,1.0197058294933175,0,14,0,0,0,0,1,0
9.63485684486134,15287.51,587.0,0.0,0.0,0.0,14700.51,15287.51,587.0,0.0,25.999166666666667,1,14,0,0,0,1,0,0
8.840184973623572,6905.27,0.0,0.0,0.0,0.0,6905.27,6905.27,0.0,0.0,6905.27,1,16,0,0,0,1,0,0
8.01046250527046,3011.31,0.0,0.0,0.0,0.0,3011.31,3011.31,0.0,0.0,3011.31,1,20,0,0,0,1,0,0
13.46969855519732,707644.51,0.0,0.0,893254.07,1600898.58,707644.51,0.0,0.0,707644.5100000001,707644.51,0,14,0,0,0,0,1,0
9.189692667703019,9794.64,315125.14,324919.77,114668.69,104874.05,19589.27000000002,19589.28,-9794.630000000005,-9794.64,0.03108164876452331,0,15,1,0,0,0,0,0
9.190296835663757,9800.56,0.0,0.0,0.0,0.0,9800.56,9800.56,0.0,0.0,9800.56,1,17,0,0,0,1,0,0
11.926275604351035,151186.43,2230897.89,2382084.31,659437.55,508251.13,302372.8500000001,302372.85,-151186.41999999993,-151186.42000000004,0.06776928828002599,0,17,1,0,0,0,0,0
7.586666608952916,1970.73,10793.0,12763.73,83065.17,81094.43,3941.459999999999,3941.470000000001,-1970.7299999999996,-1970.7400000000052,0.1825764313507504,0,19,1,0,0,0,0,0
12.295642791908785,218739.81,4015.0,0.0,4875706.67,5094446.48,214724.81,-9.313225746154785e-10,4015.0,218739.81000000052,54.46708416334661,0,20,0,1,0,0,0,0
10.49042802618606,35968.55,0.0,0.0,234255.79,270224.34,35968.55,0.0,0.0,35968.55000000002,35968.55,0,20,0,0,0,0,1,0
12.746224461961926,343252.48,0.0,0.0,500649.7,843902.18,343252.48,-1.1641532182693481e-10,0.0,343252.48000000004,343252.48,0,9,0,1,0,0,0,0
8.747023138877884,6290.93,0.0,0.0,399528.82,405819.75,6290.93,0.0,0.0,6290.929999999993,6290.93,0,18,0,1,0,0,0,0
9.482240563088364,13123.56,20340.0,7216.44,0.0,0.0,0.0,13123.56,13123.560000000001,0.0,0.6451777198761123,1,22,0,0,0,1,0,0
9.046099961580067,8484.38,0.0,0.0,0.0,0.0,8484.38,8484.38,0.0,0.0,8484.38,1,8,0,0,0,1,0,0
8.798255400844804,6621.68,147225.55,140603.88,0.0,0.0,0.010000000009313226,6621.68,6621.669999999984,0.0,0.044976126928193326,1,15,0,0,0,1,0,0
12.920230277594449,408492.09,343.0,408835.09,0.0,0.0,816984.18,408492.09,-408492.09,0.0,1187.4770058139536,1,9,1,0,0,0,0,0
12.09847646597048,179597.03,8091.0,0.0,0.0,179597.03,171506.03,0.0,8091.0,179597.03,22.194393227879388,0,19,0,0,0,0,1,0
7.8300916988005405,2514.16,20848.0,18333.84,0.0,0.0,0.0,2514.16,2514.16,0.0,0.12058899707420019,1,0,0,0,0,1,0,0
7.785575416293701,2404.65,30395.0,27990.35,0.0,0.0,0.0,2404.65,2404.6500000000015,0.0,0.07911073825503356,1,12,0,0,0,1,0,0
12.840629949961423,377236.39,144281.0,521517.39,0.0,0.0,754472.78,377236.39,-377236.39,0.0,2.614576939604386,1,17,1,0,0,0,0,0
13.418774118942745,672510.25,0.0,0.0,961628.06,1634138.31,672510.25,0.0,0.0,672510.25,672510.25,0,11,0,1,0,0,0,0
10.918843224453338,55205.9,177909.0,122703.1,0.0,0.0,0.0,55205.9,55205.899999999994,0.0,0.3103024000899331,1,11,0,0,0,1,0,0
12.45981329482176,257766.5,20622.0,0.0,959213.81,1216980.32,237144.5,-0.010000000009313226,20622.0,257766.51,12.498981719439461,0,12,0,1,0,0,0,0
11.984937139243382,160320.61,0.0,0.0,1150339.98,1310660.6,160320.61,-0.01000000024214387,0.0,160320.6200000001,160320.61,0,17,0,1,0,0,0,0
11.790721884977147,132020.74,0.0,0.0,209176.55,341197.28,132020.74,0.009999999951105565,0.0,132020.73000000004,132020.74,0,12,0,1,0,0,0,0
12.073337335947443,175138.37,388014.64,212876.27,5642323.36,5817461.74,0.0,-0.009999999776482582,175138.37000000002,175138.3799999999,0.45136935717333454,0,17,0,1,0,0,0,0
8.864979750437566,7078.65,30538.0,23459.35,0.0,0.0,0.0,7078.65,7078.6500000000015,0.0,0.23179049739677132,1,17,0,0,0,1,0,0
10.037499079877527,22867.12,0.0,0.0,0.0,0.0,22867.12,22867.12,0.0,0.0,22867.12,1,20,0,0,0,1,0,0
12.048912449983357,170912.43,0.0,0.0,174477.94,345390.37,170912.43,0.0,0.0,170912.43,170912.43,0,13,0,1,0,0,0,0
11.566415045754146,105493.6,21472.0,0.0,725019.37,830512.98,84021.6,-0.010000000009313226,21472.0,105493.60999999999,4.912848693708378,0,11,0,1,0,0,0,0
11.158070435410817,70126.51,1345432.37,1415558.89,620365.93,550239.42,140253.0299999998,140253.02000000002,-70126.51999999979,-70126.51000000001,0.05212187505056456,0,14,1,0,0,0,0,0
10.643232734326375,41907.03,1105162.24,1147069.27,763804.56,721897.54,83814.06000000006,83814.05000000005,-41907.03000000003,-41907.02000000002,0.03791931226377019,0,14,1,0,0,0,0,0
9.179214963247253,9692.54,0.0,0.0,0.0,0.0,9692.54,9692.54,0.0,0.0,9692.54,1,22,0,0,0,1,0,0
13.476802158994621,712689.24,0.0,0.0,2152915.72,2865604.96,712689.24,0.0,0.0,712689.2399999998,712689.24,0,22,0,0,0,0,1,0
11.276602191427196,78951.54,0.0,0.0,297285.51,376237.05,78951.54,0.0,0.0,78951.53999999998,78951.54,0,18,0,1,0,0,0,0
6.934163492258438,1025.76,0.0,0.0,0.0,0.0,1025.76,1025.76,0.0,0.0,1025.76,1,19,0,0,0,1,0,0
11.221627396009405,74728.29,11964.0,0.0,1906638.37,1981366.66,62764.28999999999,2.3283064365386963e-10,11964.0,74728.2899999998,6.245573756790638,0,16,0,1,0,0,0,0
11.109675850841846,66813.53,15025.0,0.0,27065.49,93879.02,51788.53,0.0,15025.0,66813.53,4.446528018101956,0,18,0,0,0,0,1,0
12.578323138381593,290198.28,30753451.03,31043649.31,837504.9,547306.62,580396.5599999987,580396.5600000002,-290198.27999999747,-290198.28,0.00943628311114185,0,18,1,0,0,0,0,0
12.440277909883516,252779.78,61183.0,0.0,765747.21,1018526.99,191596.78,0.0,61183.0,252779.78000000003,4.131468684623431,0,13,0,1,0,0,0,0
11.468559907774514,95659.42,106265.92,10606.51,577592.19,673251.6,0.00999999999476131,0.010000000009313226,95659.41,95659.41000000003,0.9001806018279254,0,16,0,1,0,0,0,0
12.35391136104272,231864.18,0.0,0.0,324813.08,556677.27,231864.18,-0.010000000009313226,0.0,231864.19,231864.18,0,17,0,1,0,0,0,0
9.513049717258664,13534.21,293099.45,279565.24,0.0,0.0,0.0,13534.21,13534.210000000021,0.0,0.04617601235344401,1,14,0,0,0,1,0,0
12.292806242275777,218120.22,0.0,0.0,2596457.84,2814578.06,218120.22,0.0,0.0,218120.2200000002,218120.22,0,16,0,1,0,0,0,0
10.846882425950334,51372.74,33968.1,0.0,0.0,0.0,17404.64,51372.74,33968.1,0.0,1.5123373889799847,1,20,0,0,0,1,0,0
10.944909368026865,56663.85,23638.0,0.0,374375.96,431039.81,33025.85,0.0,23638.0,56663.84999999998,2.39704936757054,0,14,0,1,0,0,0,0
11.64151628554313,113721.47,0.0,0.0,284174.07,397895.54,113721.47,5.820766091346741e-11,0.0,113721.46999999997,113721.47,0,12,0,1,0,0,0,0
11.914677688846487,149443.1,3534666.78,3684109.88,641453.59,492010.5,298886.2000000002,298886.18999999994,-149443.1000000001,-149443.08999999997,0.04227924922550996,0,20,1,0,0,0,0,0
11.924603631992834,150933.86,0.0,0.0,2710767.18,2861701.04,150933.86,0.0,0.0,150933.85999999987,150933.86,0,20,0,1,0,0,0,0
10.12116901375893,24862.82,59730.0,34867.18,0.0,0.0,0.0,24862.82,24862.82,0.0,0.41624650516482226,1,13,0,0,0,1,0,0
9.76630493085152,17435.22,0.0,0.0,0.0,0.0,17435.22,17435.22,0.0,0.0,17435.22,1,19,0,0,0,1,0,0
10.683809180122395,43642.48,262.0,43904.48,0.0,0.0,87284.96,43642.48,-43642.48,0.0,165.9409885931559,1,19,1,0,0,0,0,0
8.289006947070172,3978.88,757.0,0.0,0.0,0.0,3221.88,3978.88,757.0,0.0,5.249182058047493,1,0,0,0,0,1,0,0
11.793139697387094,132340.33,790486.71,922827.04,8562744.71,8430404.38,264680.66000000015,264680.66000000015,-132340.33000000007,-132340.33000000007,0.1674160500230927,0,16,1,0,0,0,0,0
10.472185401984433,35318.32,11694.0,47012.32,1342904.11,1307585.79,70636.64,70636.64000000013,-35318.32,-35318.320000000065,3.019950406156477,0,15,1,0,0,0,0,0
12.290980866603721,217722.43,0.0,0.0,416227.52,633949.95,217722.43,0.0,0.0,217722.42999999993,217722.43,0,10,0,1,0,0,0,0
9.607657038187105,14877.27,60079.0,45201.73,12183.91,27061.18,0.0,0.0,14877.269999999997,14877.27,0.24762433422103863,0,17,0,1,0,0,0,0
11.925259792542105,151032.93,21118.0,0.0,8074.05,159106.99,129914.93,-0.010000000009313226,21118.0,151032.94,7.151519011316823,0,20,0,1,0,0,0,0
10.853619940958954,51720.04,201238.1,149518.06,0.0,0.0,0.0,51720.04,51720.04000000001,0.0,0.2570079075090278,1,11,0,0,0,1,0,0
11.62801509889671,112196.4,11095.0,0.0,141657.85,253854.25,101101.4,0.0,11095.0,112196.4,10.111427541456381,0,16,0,1,0,0,0,0
12.376241616202645,237100.03,3137091.01,3374191.04,1527180.51,1290080.48,474200.06000000006,474200.06000000006,-237100.03000000026,-237100.03000000003,0.07557955879018034,0,9,1,0,0,0,0,0
11.947565806621236,154439.75,83918.0,238357.75,903904.76,749465.01,308879.5,308879.5,-154439.75,-154439.75,1.8403430689116886,0,16,1,0,0,0,0,0
9.33199589984644,11292.65,1076.0,0.0,0.0,0.0,10216.65,11292.65,1076.0,0.0,10.485283194057567,1,14,0,0,0,1,0,0
9.31460578823148,11097.95,7630941.42,7642039.37,199230.22,188132.27,22195.900000000373,22195.900000000023,-11097.950000000186,-11097.950000000012,0.0014543354397372062,0,11,1,0,0,0,0,0
8.880984553477893,7192.87,0.0,0.0,0.0,0.0,7192.87,7192.87,0.0,0.0,7192.87,1,15,0,0,0,1,0,0
12.325152262483845,225290.92,96066.74,0.0,455155.89,680446.81,129224.18000000001,0.0,96066.74,225290.92000000004,2.3451256373887843,0,17,0,1,0,0,0,0
12.33789532914258,228180.2,0.0,0.0,280814.05,508994.25,228180.2,0.0,0.0,228180.2,228180.2,0,18,0,1,0,0,0,0
10.031306283938846,22725.94,10147609.58,10170335.52,558516.28,196243.68,45451.87999999896,384998.54,-22725.93999999948,-362272.60000000003,0.002239536078058683,0,9,1,0,0,0,0,0
10.461877446513364,34956.12,91304.47,56348.36,0.0,0.0,0.010000000009313226,34956.12,34956.11,0.0,0.3828480374724538,1,13,0,0,0,1,0,0
12.072183017318373,174936.32,0.0,0.0,1190196.3,1622535.67,174936.32,-257403.0499999998,0.0,432339.3699999999,174936.32,0,10,0,1,0,0,0,0
11.724318650339724,123538.8,0.0,0.0,658754.0,977954.02,123538.8,-195661.21999999997,0.0,319200.02,123538.8,0,15,0,1,0,0,0,0
10.348805545729656,31218.73,0.0,0.0,259903.61,291122.34,31218.73,-5.820766091346741e-11,0.0,31218.73000000004,31218.73,0,17,0,1,0,0,0,0
13.556592318127718,771885.13,0.0,0.0,1432225.0,2204110.14,771885.13,-0.01000000024214387,0.0,771885.1400000001,771885.13,0,10,0,0,0,0,1,0
13.139620689701525,508702.54,0.0,0.0,1065777.29,1999806.72,508702.54,-425326.8899999999,0.0,934029.4299999999,508702.54,0,11,0,1,0,0,0,0
12.571359753098328,288184.53,8596943.94,8885128.47,1645126.89,1356942.36,576369.0600000005,576369.0599999998,-288184.5300000012,-288184.5299999998,0.033521737316140124,0,9,1,0,0,0,0,0
14.516751088830034,2016251.38,29565.0,0.0,642095.74,2658347.12,1986686.38,0.0,29565.0,2016251.3800000001,68.19493269295812,0,9,0,0,0,0,1,0
8.825196874116305,6802.53,559.0,0.0,0.0,0.0,6243.53,6802.53,559.0,0.0,12.147375,1,12,0,0,0,1,0,0
12.281902398853333,215754.78,238.0,0.0,0.0,215754.78,215516.78,0.0,238.0,215754.78,902.7396652719665,0,18,0,1,0,0,0,0
10.117320696202633,24767.32,0.0,0.0,593239.9,618007.22,24767.32,0.0,0.0,24767.31999999995,24767.32,0,13,0,1,0,0,0,0
12.674506292999226,319497.0,0.0,0.0,10206826.19,10526323.2,319497.0,-0.009999999776482582,0.0,319497.0099999998,319497.0,0,14,0,1,0,0,0,0
12.1049168885825,180757.45,36015.95,0.0,2218587.06,2399344.51,144741.5,4.656612873077393e-10,36015.95,180757.44999999972,5.018677317207593,0,15,0,1,0,0,0,0
7.739302605528084,2295.87,159047.93,156752.06,0.0,0.0,0.0,2295.87,2295.8699999999953,0.0,0.014434991797807127,1,16,0,0,0,1,0,0
9.865215948835942,19248.03,90378.0,71129.97,0.0,0.0,0.0,19248.03,19248.03,0.0,0.21297015899711214,1,13,0,0,0,1,0,0
9.685904761496264,16088.22,30051.0,13962.78,0.0,0.0,0.0,16088.22,16088.22,0.0,0.5353460668175163,1,12,0,0,0,1,0,0
8.463729121546914,4738.7,10516.0,5777.3,61884.2,66622.9,0.0,0.0,4738.7,4738.699999999997,0.4505752591043073,0,12,0,0,1,0,0,0
9.906243252105922,20054.19,105101.0,85046.81,0.0,0.0,0.0,20054.19,20054.190000000002,0.0,0.1908069304104584,1,20,0,0,0,1,0,0
11.981425526924975,159758.61,401719.0,241960.39,1518875.57,1678634.18,0.0,2.3283064365386963e-10,159758.61,159758.60999999987,0.3976864731653888,0,13,0,1,0,0,0,0
11.701879561099553,120797.55,19266.58,0.0,816646.14,937443.69,101530.97,1.1641532182693481e-10,19266.58,120797.54999999993,6.269471827806086,0,9,0,1,0,0,0,0
11.717893151492346,122747.54,1636786.71,1759534.25,4138892.27,4016144.73,245495.08000000007,245495.0799999996,-122747.54000000004,-122747.54000000004,0.07499295067409811,0,21,1,0,0,0,0,0
9.147459143436928,9389.55,11117.0,20506.55,353490.13,344100.58,18779.1,18779.099999999977,-9389.55,-9389.549999999988,0.8445358877495952,0,12,1,0,0,0,0,0
9.524766366278296,13693.73,10982.0,0.0,0.0,0.0,2711.7299999999996,13693.73,10982.0,0.0,1.2468114358554128,1,14,0,0,0,1,0,0
11.874380585637827,143540.66,66543.0,0.0,3231245.41,3374786.07,76997.66,4.656612873077393e-10,66543.0,143540.65999999968,2.157078925222409,0,15,0,1,0,0,0,0
11.031002603055619,61758.47,97998.93,36240.46,2497315.72,2559074.19,0.0,4.656612873077393e-10,61758.469999999994,61758.46999999974,0.6301889195226976,0,19,0,1,0,0,0,0
11.638094225555514,113332.97,31124.0,0.0,1170725.35,1284058.32,82208.97,0.0,31124.0,113332.96999999997,3.641219919678715,0,21,0,1,0,0,0,0
9.157526975450152,9484.57,133766.69,143251.26,251172.53,241687.96,18969.140000000014,18969.140000000014,-9484.570000000007,-9484.570000000007,0.0709032951081087,0,17,1,0,0,0,0,0
11.243650667678503,76392.33,0.0,0.0,999569.51,1075961.84,76392.33,0.0,0.0,76392.33000000007,76392.33,0,14,0,0,0,0,1,0
12.451940942747257,255745.23,838873.13,1094618.36,3743306.24,3487561.02,511490.4600000001,511490.4500000002,-255745.2300000001,-255745.2200000002,0.3048672272203698,0,9,1,0,0,0,0,0
13.03256089435411,457054.86,24474.0,0.0,347448.48,804503.34,432580.86,0.0,24474.0,457054.86,18.674355873340144,0,18,0,0,0,0,1,0
9.145763450101313,9373.64,0.0,0.0,0.0,0.0,9373.64,9373.64,0.0,0.0,9373.64,1,15,0,0,0,1,0,0
10.642809098091575,41889.28,0.0,0.0,236054.2,277943.48,41889.28,0.0,0.0,41889.27999999997,41889.28,0,18,0,1,0,0,0,0
11.79617563101719,132742.72,50408.0,0.0,0.0,199130.98,82334.72,-66388.26000000001,50408.0,199130.98,2.633313892360491,0,20,0,0,0,0,1,0
10.286019016827582,29318.82,7225993.41,7255312.22,1049049.6,1019730.78,58637.62999999989,58637.64000000013,-29318.80999999959,-29318.820000000065,0.004057409726116851,0,18,1,0,0,0,0,0
11.345199945854482,84557.59,180915.0,96357.41,500589.33,585146.93,0.0,-0.010000000009313226,84557.59,84557.60000000003,0.46738591390479556,0,13,0,1,0,0,0,0
8.161326492188303,3501.83,132546.37,129044.54,0.0,0.0,0.0,3501.83,3501.8300000000017,0.0,0.02641946045402485,1,20,0,0,0,1,0,0
8.40669282264855,4475.93,85538.08,81062.15,0.0,0.0,-1.4551915228366852e-11,4475.93,4475.930000000008,0.0,0.05232614145487653,1,15,0,0,0,1,0,0
11.754720235867055,127352.28,10666.0,0.0,175336.25,302688.53,116686.28,0.0,10666.0,127352.28000000003,11.938903159276272,0,23,0,1,0,0,0,0
7.813918904379234,2473.81,0.0,0.0,0.0,0.0,2473.81,2473.81,0.0,0.0,2473.81,1,12,0,0,0,1,0,0
9.129165023106712,9219.32,29961.56,20742.25,0.0,0.0,0.00999999999839929,9219.32,9219.310000000001,0.0,0.30769466961434533,1,10,0,0,0,1,0,0
9.339422004084541,11376.83,20030.0,31406.83,0.0,0.0,22753.660000000003,11376.83,-11376.830000000002,0.0,0.5679611602016874,1,23,1,0,0,0,0,0
13.533859608339565,754536.01,0.0,0.0,2508457.97,3262993.98,754536.01,4.656612873077393e-10,0.0,754536.0099999998,754536.01,0,15,0,0,0,0,1,0
11.442698796954984,93217.25,0.0,0.0,1274329.66,1474856.88,93217.25,-107309.96999999997,0.0,200527.21999999997,93217.25,0,15,0,1,0,0,0,0
8.15601096205362,3483.26,50985.46,47502.19,0.0,0.0,-0.00999999999476131,3483.26,3483.269999999997,0.0,0.06831735327379074,1,11,0,0,0,1,0,0
12.683049871380211,322238.35,3951185.77,4273424.12,345757.32,23518.97,644476.6999999997,644476.7,-322238.3500000001,-322238.35,0.08155482612126684,0,23,1,0,0,0,0,0
13.077711286587313,478164.07,2600876.66,3079040.73,2284577.56,1806413.49,956328.1399999997,956328.1399999999,-478164.06999999983,-478164.07000000007,0.18384719794932608,0,21,1,0,0,0,0,0
10.63791342331497,41684.7,5186201.24,5227885.94,675533.61,633848.91,83369.40000000037,83369.3999999999,-41684.700000000186,-41684.69999999995,0.008037615594412299,0,15,1,0,0,0,0,0
9.65893904087552,15660.16,270055.44,254395.28,0.0,0.0,0.0,15660.16,15660.160000000003,0.0,0.05798847085446287,1,10,0,0,0,1,0,0
8.055395798717601,3149.75,115507.0,112357.25,0.0,0.0,0.0,3149.75,3149.75,0.0,0.02726867403123593,1,21,0,0,0,1,0,0
12.30841075331143,221550.59,0.0,0.0,344086.83,565637.42,221550.59,0.0,0.0,221550.59000000003,221550.59,0,17,0,1,0,0,0,0
8.949410578163532,7702.35,0.0,0.0,1690057.89,1697760.23,7702.35,0.010000000009313226,0.0,7702.340000000084,7702.35,0,20,0,0,1,0,0,0
9.864516968098052,19234.58,7027.0,0.0,0.0,0.0,12207.580000000002,19234.58,7027.0,0.0,2.7368497438816166,1,14,0,0,0,1,0,0
10.301206402370966,29767.51,0.0,0.0,0.0,0.0,29767.51,29767.51,0.0,0.0,29767.51,1,15,0,0,0,1,0,0
8.863511085802964,7068.26,0.0,0.0,0.0,0.0,7068.26,7068.26,0.0,0.0,7068.26,1,12,0,0,0,1,0,0
10.133357629963243,25167.73,4129.0,0.0,0.0,0.0,21038.73,25167.73,4129.0,0.0,6.093881355932203,1,16,0,0,0,1,0,0
9.317057966385951,11125.2,0.0,0.0,0.0,0.0,11125.2,11125.2,0.0,0.0,11125.2,1,13,0,0,0,1,0,0
11.610579441390657,110257.12,0.0,0.0,257160.5,367417.62,110257.12,0.0,0.0,110257.12,110257.12,0,16,0,0,0,0,1,0
12.255741471182567,210183.6,2669.52,0.0,710565.33,920748.92,207514.08000000002,0.009999999892897904,2669.52,210183.59000000008,78.70512110001049,0,10,0,1,0,0,0,0
12.362336334238117,233825.89,1484036.06,1717861.95,271010.78,37184.89,467651.7799999998,467651.78,-233825.8899999999,-233825.89,0.15756068113285526,0,17,1,0,0,0,0,0
8.02815841320837,3065.09,306479.0,303413.91,0.0,0.0,0.0,3065.09,3065.0900000000256,0.0,0.010000946228138867,1,9,0,0,0,1,0,0
8.946321439299998,7678.59,21581.0,13902.41,0.0,0.0,0.0,7678.59,7678.59,0.0,0.3557867667500695,1,23,0,0,0,1,0,0
12.942379118999154,417640.68,0.0,0.0,14922081.91,15339722.59,417640.68,0.0,0.0,417640.6799999997,417640.68,0,18,0,0,0,0,1,0
12.27831586225056,214982.35,0.0,0.0,7584052.69,8201504.38,214982.35,-402469.33999999985,0.0,617451.6899999995,214982.35,0,17,0,1,0,0,0,0
8.143645267428123,3440.44,224085.86,220645.42,0.0,0.0,2.9103830456733704e-11,3440.44,3440.439999999973,0.0,0.015353153683352966,1,15,0,0,0,1,0,0
11.369068489379984,86600.16,0.0,0.0,627940.01,714540.18,86600.16,-0.010000000009313226,0.0,86600.17000000004,86600.16,0,16,0,1,0,0,0,0
11.909052306875434,148604.78,45244.0,0.0,681390.57,829995.36,103360.78,-0.010000000009313226,45244.0,148604.79000000004,3.2844464581721735,0,17,0,1,0,0,0,0
12.053205633115917,171647.77,17189002.76,17360650.54,1638304.85,1466657.08,343295.549999997,343295.54000000004,-171647.77999999747,-171647.77000000002,0.009985905663679951,0,15,1,0,0,0,0,0
9.866693891707115,19276.5,30883.96,11607.46,0.0,0.0,0.0,19276.5,19276.5,0.0,0.6241387393734685,1,19,0,0,0,1,0,0
12.306536612636975,221135.76,526.0,221661.76,429376.96,208241.19,442271.52,442271.52999999997,-221135.76,-221135.77000000002,419.6124478178368,0,14,1,0,0,0,0,0
12.534683706778118,277806.5,0.0,0.0,653424.2,931230.7,277806.5,0.0,0.0,277806.5,277806.5,0,23,0,1,0,0,0,0
11.859841333665273,141468.77,0.0,0.0,2758905.33,2900374.1,141468.77,0.0,0.0,141468.77000000002,141468.77,0,11,0,1,0,0,0,0
9.985753479333251,21713.89,30998.0,9284.11,0.0,0.0,0.0,21713.89,21713.89,0.0,0.7004706603438821,1,11,0,0,0,1,0,0
9.50874500178995,13476.07,17589.42,4113.35,0.0,0.0,0.0,13476.07,13476.069999999998,0.0,0.7661027991372578,1,21,0,0,0,1,0,0
13.914164658809394,1103683.47,55985.67,0.0,1131132.71,2234816.19,1047697.7999999999,-0.01000000024214387,55985.67,1103683.48,19.71332586846119,0,19,0,0,0,0,1,0
8.07491367268526,3211.85,0.0,0.0,0.0,0.0,3211.85,3211.85,0.0,0.0,3211.85,1,17,0,0,0,1,0,0
13.158378072153026,518334.54,0.0,0.0,906261.19,1424595.72,518334.54,0.010000000009313226,0.0,518334.53,518334.54,0,20,0,0,0,0,1,0
9.106720562631887,9014.68,8033.0,0.0,0.0,0.0,981.6800000000003,9014.68,8033.0,0.0,1.122066218571073,1,22,0,0,0,1,0,0
9.671310193982638,15855.11,0.0,0.0,0.0,0.0,15855.11,15855.11,0.0,0.0,15855.11,1,10,0,0,0,1,0,0
11.93601481634612,152666.07,16700889.03,16853555.1,588778.08,436112.01,305332.14000000246,305332.1399999999,-152666.07000000216,-152666.06999999995,0.009141193656491612,0,19,1,0,0,0,0,0
7.486114309734695,1782.11,0.0,0.0,0.0,0.0,1782.11,1782.11,0.0,0.0,1782.11,1,13,0,0,0,1,0,0
11.892832462719527,146213.86,50259.0,0.0,0.0,484788.59,95954.85999999999,-338574.73000000004,50259.0,484788.59,2.9091496219657778,0,16,0,1,0,0,0,0
9.253229348815887,10437.22,0.0,0.0,0.0,0.0,10437.22,10437.22,0.0,0.0,10437.22,1,12,0,0,0,1,0,0
11.771645790657367,129526.15,0.0,0.0,1335179.9,1464706.05,129526.15,-2.3283064365386963e-10,0.0,129526.15000000014,129526.15,0,20,0,1,0,0,0,0
11.152282229194698,69721.77,0.0,0.0,877619.59,947341.36,69721.77,0.0,0.0,69721.77000000002,69721.77,0,13,0,1,0,0,0,0
11.20811351025498,73725.2,22580.0,0.0,0.0,73725.2,51145.2,0.0,22580.0,73725.2,3.264921836942562,0,12,0,1,0,0,0,0
9.289667131112026,10824.58,0.0,0.0,0.0,0.0,10824.58,10824.58,0.0,0.0,10824.58,1,21,0,0,0,1,0,0
10.089142298079281,24079.13,6025.0,0.0,0.0,0.0,18054.13,24079.13,6025.0,0.0,3.995872884168603,1,14,0,0,0,1,0,0
12.339953720758608,228650.37,18759199.73,18987850.1,10197893.95,9969243.59,457300.7400000021,457300.7299999986,-228650.37000000104,-228650.3599999994,0.012188705334035838,0,10,1,0,0,0,0,0
8.233311886886478,3763.28,18896.98,15133.7,0.0,0.0,0.0,3763.28,3763.279999999999,0.0,0.1991366273009073,1,19,0,0,0,1,0,0
9.530800089757454,13776.61,0.0,0.0,5928375.36,6045103.13,13776.61,-102951.15999999922,0.0,116727.76999999955,13776.61,0,21,0,1,0,0,0,0
8.842111798301538,6918.59,9157.0,2238.41,0.0,0.0,0.0,6918.59,6918.59,0.0,0.755469534832933,1,20,0,0,0,1,0,0
8.802917849381634,6652.63,0.0,0.0,0.0,0.0,6652.63,6652.63,0.0,0.0,6652.63,1,11,0,0,0,1,0,0
10.832105194900125,50619.16,8629101.17,8679720.33,2188698.35,2138079.19,101238.3200000003,101238.3200000003,-50619.16000000015,-50619.16000000015,0.005866098118061801,0,16,1,0,0,0,0,0
12.623844151668663,303713.73,0.0,0.0,1114438.02,1418151.76,303713.73,-0.010000000009313226,0.0,303713.74,303713.73,0,12,0,0,0,0,1,0
10.695160419431884,44140.71,116179.4,72038.69,0.0,0.0,0.0,44140.71,44140.70999999999,0.0,0.3799325015234928,1,18,0,0,0,1,0,0
6.577388366879903,717.66,51314.0,50596.34,0.0,0.0,0.0,717.66,717.6600000000035,0.0,0.013985384390529085,1,19,0,0,0,1,0,0
11.64361788151304,113960.72,1799069.44,1913030.16,237091.97,123131.24,227921.43999999994,227921.45,-113960.71999999997,-113960.73,0.0633442234757634,0,15,1,0,0,0,0,0
12.301510680797005,220027.13,10684.0,230711.13,3598143.03,3969615.63,440054.26,-151445.4700000002,-220027.13,371472.6000000001,20.592150678521293,0,15,1,0,0,0,0,0
8.269372652389587,3901.5,307743.0,303841.5,0.0,0.0,0.0,3901.5,3901.5,0.0,0.01267774513881668,1,23,0,0,0,1,0,0
11.457708694332299,94627.0,0.0,0.0,172614.82,267241.82,94627.0,0.0,0.0,94627.0,94627.0,0,9,0,1,0,0,0,0
12.796276553212191,360870.26,0.0,0.0,1263514.7,1624384.96,360870.26,0.0,0.0,360870.26,360870.26,0,18,0,0,0,0,1,0
11.281885695418277,79369.79,0.0,0.0,87126.44,166496.23,79369.79,-2.9103830456733704e-11,0.0,79369.79000000001,79369.79,0,23,0,0,0,0,1,0
9.413877772691402,12256.31,0.0,0.0,0.0,0.0,12256.31,12256.31,0.0,0.0,12256.31,1,19,0,0,0,1,0,0
9.750026884595904,17153.69,0.0,0.0,2466340.74,2483494.43,17153.69,0.0,0.0,17153.689999999944,17153.69,0,16,0,1,0,0,0,0
9.07991045052812,8776.18,101535.0,92758.82,0.0,0.0,0.0,8776.18,8776.179999999993,0.0,0.08643417113142136,1,20,0,0,0,1,0,0
11.980475962747887,159606.98,9285.0,0.0,741471.64,901078.62,150321.98,0.0,9285.0,159606.97999999998,17.187915141072583,0,15,0,1,0,0,0,0
10.813966830576684,49709.27,0.0,0.0,1913445.9,1963155.17,49709.27,0.0,0.0,49709.27000000002,49709.27,0,22,0,0,0,0,1,0
12.11212294485429,182064.71,0.0,0.0,1616469.24,1798533.95,182064.71,0.0,0.0,182064.70999999996,182064.71,0,13,0,1,0,0,0,0
13.474068178620662,710743.42,30668.0,0.0,665498.03,2048674.57,680075.42,-672433.1199999999,30668.0,1383176.54,23.1746525807819,0,14,0,0,0,0,1,0
9.591395294274445,14637.28,12433.25,0.0,0.0,0.0,2204.0300000000007,14637.28,12433.25,0.0,1.1771743370126868,1,8,0,0,0,1,0,0
12.999100364060112,442014.56,0.0,0.0,559443.24,1001457.79,442014.56,0.010000000009313226,0.0,442014.55000000005,442014.56,0,12,0,1,0,0,0,0
10.973557009356615,58310.64,0.0,0.0,6864130.67,6922441.31,58310.64,0.0,0.0,58310.639999999665,58310.64,0,14,0,1,0,0,0,0
11.669003999576416,116890.8,0.0,0.0,9989311.49,10106202.29,116890.8,1.862645149230957e-09,0.0,116890.79999999888,116890.8,0,13,0,1,0,0,0,0
12.690543647082636,324662.21,0.0,0.0,432408.41,757070.62,324662.21,0.0,0.0,324662.21,324662.21,0,16,0,1,0,0,0,0
11.436251526616152,92618.18,0.0,0.0,418851.59,511469.77,92618.18,0.0,0.0,92618.18,92618.18,0,19,0,1,0,0,0,0
12.836328347832447,375617.15,5592960.85,5968578.0,400405.77,24788.62,751234.3000000007,751234.3,-375617.1500000004,-375617.15,0.06715889721293201,0,18,1,0,0,0,0,0
11.167380071466248,70782.42,2055000.09,2125782.51,72421.44,1639.02,141564.83999999962,141564.84,-70782.41999999969,-70782.42,0.03444398173044278,0,18,1,0,0,0,0,0
8.60461781634051,5455.8,0.0,0.0,0.0,0.0,5455.8,5455.8,0.0,0.0,5455.8,1,15,0,0,0,1,0,0
10.697860788640432,44260.07,6759.0,0.0,0.0,0.0,37501.07,44260.07,6759.0,0.0,6.547347633136095,1,12,0,0,0,1,0,0
11.799618973954118,133200.59,22019.0,0.0,0.0,133200.59,111181.59,0.0,22019.0,133200.59,6.049073115349682,0,20,0,1,0,0,0,0
12.351592587458383,231327.16,20422.0,251749.16,0.0,0.0,462654.32,231327.16,-231327.16,0.0,11.32679625911962,1,19,1,0,0,0,0,0
12.451050758363284,255517.67,349395.0,93877.33,0.0,255517.67,0.0,0.0,255517.66999999998,255517.67,0.7313125221811355,0,18,0,1,0,0,0,0
7.928164555587416,2773.33,24953.43,22180.1,0.0,0.0,0.0,2773.33,2773.3300000000017,0.0,0.11113577829667919,1,16,0,0,0,1,0,0
7.694934550211067,2196.19,30952.0,28755.81,0.0,0.0,0.0,2196.19,2196.1899999999987,0.0,0.07095241172099635,1,14,0,0,0,1,0,0
12.091835571763275,178408.29,7237987.31,7416395.6,3270626.16,3092217.87,356816.5800000001,356816.5800000001,-178408.29000000004,-178408.29000000004,0.024648877886900043,0,18,1,0,0,0,0,0
12.723454013370363,335524.76,10507.0,0.0,0.0,335524.76,325017.76,0.0,10507.0,335524.76,31.930411115340693,0,12,0,1,0,0,0,0
12.884446231981501,394133.0,15330.0,0.0,175439.39,569572.39,378803.0,0.0,15330.0,394133.0,25.708238210162417,0,20,0,1,0,0,0,0
11.644061353163718,114011.27,183366.77,69355.5,0.0,114011.27,2.9103830456733704e-11,0.0,114011.26999999999,114011.27,0.6217628648698733,0,19,0,1,0,0,0,0
9.96036823336739,21169.59,52176.0,31006.41,269650.2,290819.79,0.0,5.820766091346741e-11,21169.59,21169.589999999967,0.40572646951722025,0,16,0,1,0,0,0,0
8.78200676157641,6514.94,0.0,0.0,0.0,0.0,6514.94,6514.94,0.0,0.0,6514.94,1,21,0,0,0,1,0,0
12.930978682165609,412906.42,24342373.8,24755280.22,5759257.69,5346351.28,825812.8399999999,825812.8300000001,-412906.41999999806,-412906.41000000015,0.01696245429595472,0,10,1,0,0,0,0,0
9.774911291515785,17585.93,715276.3,697690.37,0.0,0.0,0.0,17585.93,17585.93000000005,0.0,0.02458617098571421,1,9,0,0,0,1,0,0
10.148713092212539,25557.19,1268501.6,1242944.41,0.0,0.0,-2.3283064365386963e-10,25557.19,25557.190000000177,0.0,0.02014752669801386,1,13,0,0,0,1,0,0
12.399667049356232,242719.79,0.0,0.0,11116250.78,11358970.56,242719.79,0.009999997913837433,0.0,242719.7800000012,242719.79,0,19,0,1,0,0,0,0
9.43570784853443,12526.83,0.0,0.0,0.0,0.0,12526.83,12526.83,0.0,0.0,12526.83,1,15,0,0,0,1,0,0
13.520503523361016,744525.35,0.0,0.0,2647962.48,3392487.83,744525.35,0.0,0.0,744525.3500000001,744525.35,0,12,0,0,0,0,1,0
12.272189217764899,213669.25,68832.0,0.0,35096.96,248766.21,144837.25,0.0,68832.0,213669.25,3.1041687853209945,0,10,0,1,0,0,0,0
7.405130855023724,1643.4,3567.0,1923.6,0.0,0.0,0.0,1643.4,1643.4,0.0,0.46059417040358747,1,18,0,0,0,1,0,0
12.277467157435328,214799.97,52296.0,0.0,1379313.4,1594113.36,162503.97,0.009999999776482582,52296.0,214799.9600000002,4.107309597108821,0,20,0,1,0,0,0,0
9.310416449553545,11051.55,122395.36,111343.81,0.0,0.0,0.0,11051.55,11051.550000000003,0.0,0.0902931263642154,1,11,0,0,0,1,0,0
12.539658828645406,279192.07,37771.0,316963.07,206817.48,0.0,558384.14,486009.55000000005,-279192.07,-206817.48,7.391508789579583,0,9,1,0,0,0,0,0
7.234696525386035,1385.72,43367.49,41981.77,0.0,0.0,0.0,1385.72,1385.7200000000012,0.0,0.03195223075555548,1,21,0,0,0,1,0,0
12.044293736267516,170124.85,1339494.09,1509618.94,226193.34,56068.49,340249.69999999995,340249.7,-170124.84999999986,-170124.85,0.1270066992182853,0,9,1,0,0,0,0,0
13.080450704977775,479475.76,0.0,0.0,846529.62,1326005.38,479475.76,0.0,0.0,479475.7599999999,479475.76,0,19,0,0,0,0,1,0
7.459701732612653,1735.63,0.0,0.0,0.0,0.0,1735.63,1735.63,0.0,0.0,1735.63,1,18,0,0,0,1,0,0
10.19482493619052,26763.32,228896.0,202132.68,332073.45,358836.77,0.0,0.0,26763.320000000007,26763.320000000007,0.11692298282633673,0,19,0,1,0,0,0,0
12.409194248699144,245043.29,6992.0,252035.29,72267.74,0.0,490086.58,317311.03,-245043.29,-72267.74,35.04122551122551,0,12,1,0,0,0,0,0
12.106141530631465,180978.95,2598702.72,2779681.66,1066763.81,885784.87,361957.89000000013,361957.89,-180978.93999999994,-180978.94000000006,0.06964200982480603,0,16,1,0,0,0,0,0
12.815199099915672,367763.88,0.0,0.0,9670664.17,10038428.05,367763.88,0.0,0.0,367763.8800000008,367763.88,0,15,0,1,0,0,0,0
12.093733334630862,178747.19,889185.22,1067932.4,330519.47,151772.29,357494.3699999999,357494.37,-178747.17999999993,-178747.17999999996,0.20102334694300594,0,15,1,0,0,0,0,0
13.222221237182486,552505.92,0.0,0.0,10054978.33,10607484.25,552505.92,0.0,0.0,552505.9199999999,552505.92,0,18,0,0,0,0,1,0
8.679230404907486,5878.52,0.0,0.0,0.0,0.0,5878.52,5878.52,0.0,0.0,5878.52,1,17,0,0,0,1,0,0
9.214182979693634,10037.5,0.0,0.0,0.0,0.0,10037.5,10037.5,0.0,0.0,10037.5,1,12,0,0,0,1,0,0
11.141609722829248,68981.61,0.0,0.0,1382403.88,1451385.49,68981.61,0.0,0.0,68981.6100000001,68981.61,0,12,0,1,0,0,0,0
11.455884314842857,94454.52,2192.76,0.0,2649758.35,2744212.87,92261.76000000001,0.0,2192.76,94454.52000000002,43.05599518634673,0,18,0,0,0,0,1,0
11.83044384969777,137370.45,1143470.86,1280841.31,584828.74,447458.29,274740.8999999999,274740.89999999997,-137370.44999999995,-137370.45,0.12013452609144225,0,16,1,0,0,0,0,0
12.385263180787918,239248.73,5994.0,0.0,37345.75,276594.49,233254.73,-0.010000000009313226,5994.0,239248.74,39.90804503753128,0,17,0,1,0,0,0,0
9.879033986371883,19515.86,66728.06,47212.2,0.0,0.0,0.0,19515.86,19515.86,0.0,0.29246418277134434,1,21,0,0,0,1,0,0
12.351090404048323,231211.02,183602.0,414813.02,159038.44,0.0,462422.04000000004,390249.45999999996,-231211.02000000002,-159038.44,1.259298704269538,0,16,1,0,0,0,0,0
7.511617591037119,1828.17,26117.0,24288.83,0.0,0.0,0.0,1828.17,1828.1699999999983,0.0,0.06999655410062026,1,9,0,0,0,1,0,0
5.696422120249909,296.8,0.0,0.0,0.0,0.0,296.8,296.8,0.0,0.0,296.8,1,17,0,0,0,1,0,0
10.255919608140813,28449.46,0.0,0.0,0.0,0.0,28449.46,28449.46,0.0,0.0,28449.46,1,9,0,0,0,1,0,0
9.21806049499132,10076.5,1150.0,0.0,0.0,0.0,8926.5,10076.5,1150.0,0.0,8.754561251086011,1,11,0,0,0,1,0,0
11.514980851215974,100204.75,10549858.53,10650063.28,15065380.66,14965175.91,200409.5,200409.5,-100204.75,-100204.75,0.009498207034421054,0,19,1,0,0,0,0,0
8.407777799180186,4480.79,16318.0,11837.21,491191.17,495671.96,0.0,-5.820766091346741e-11,4480.790000000001,4480.790000000037,0.27457503523500215,0,14,0,1,0,0,0,0
10.916465878779825,55074.81,0.0,0.0,1774207.59,1829282.4,55074.81,2.3283064365386963e-10,0.0,55074.80999999982,55074.81,0,18,0,1,0,0,0,0
12.623113923814357,303492.03,5069.0,0.0,0.0,303492.03,298423.03,0.0,5069.0,303492.03,59.860360946745566,0,13,0,1,0,0,0,0
10.972138791405325,58228.0,0.0,0.0,4381580.98,4439808.99,58228.0,-0.009999999776482582,0.0,58228.00999999978,58228.0,0,10,0,1,0,0,0,0
9.178921941697755,9689.7,0.0,0.0,621307.18,630996.88,9689.7,0.0,0.0,9689.699999999953,9689.7,0,19,0,1,0,0,0,0
10.72801424959501,45615.02,64048.0,109663.02,0.0,0.0,91230.04000000001,45615.02,-45615.020000000004,0.0,0.712189417477244,1,17,1,0,0,0,0,0
10.559744322677101,38550.27,0.0,0.0,71543.38,395812.32,38550.27,-285718.67000000004,0.0,324268.94,38550.27,0,16,0,1,0,0,0,0
10.199463262500007,26887.75,50331.0,23443.25,0.0,0.0,0.0,26887.75,26887.75,0.0,0.534207859810856,1,19,0,0,0,1,0,0
9.840067339192569,18769.98,11076.0,0.0,0.0,0.0,7693.98,18769.98,11076.0,0.0,1.694500315970028,1,10,0,0,0,1,0,0
8.299263524154865,4019.91,7003.0,2983.09,0.0,0.0,0.0,4019.91,4019.91,0.0,0.5739448886350657,1,0,0,0,0,1,0,0
12.577587269731012,289984.81,21040.0,0.0,0.0,289984.81,268944.81,0.0,21040.0,289984.81,13.781892970866403,0,13,0,1,0,0,0,0
12.678456876393955,320761.7,557460.0,236698.3,0.0,445007.69,0.0,-124245.98999999999,320761.7,445007.69,0.5753975614437602,0,15,0,1,0,0,0,0
7.799618063239056,2438.67,124825.0,122386.33,0.0,0.0,0.0,2438.67,2438.6699999999983,0.0,0.019536554884399083,1,10,0,0,0,1,0,0
11.840451950264965,138752.18,28889950.83,29028703.0,221106.71,82354.54,277504.3500000015,277504.35000000003,-138752.1700000018,-138752.16999999998,0.004802783362757861,0,11,1,0,0,0,0,0
12.76106731538472,348385.34,0.0,0.0,947181.42,1295566.76,348385.34,0.0,0.0,348385.33999999997,348385.34,0,20,0,1,0,0,0,0
12.697380562006424,326889.51,0.0,0.0,3336118.5,3663008.01,326889.51,0.0,0.0,326889.5099999998,326889.51,0,20,0,1,0,0,0,0
13.999849894337778,1202422.78,0.0,0.0,4533265.92,5735688.71,1202422.78,-0.009999999776482582,0.0,1202422.79,1202422.78,0,16,0,0,0,0,1,0
8.404409637498116,4465.72,262492.87,258027.15,0.0,0.0,0.0,4465.72,4465.720000000001,0.0,0.01701266395287631,1,14,0,0,0,1,0,0
10.924549566504105,55521.83,4689470.22,4744992.05,766149.16,710627.33,111043.66000000015,111043.66000000003,-55521.830000000075,-55521.830000000075,0.011839678163117078,0,14,1,0,0,0,0,0
8.964414257764728,7818.8,0.0,0.0,0.0,0.0,7818.8,7818.8,0.0,0.0,7818.8,1,18,0,0,0,1,0,0
11.234595656776659,75703.71,50285.0,0.0,404551.06,480254.78,25418.710000000006,-0.010000000009313226,50285.0,75703.72000000003,1.505462951915046,0,12,0,1,0,0,0,0
10.42405388122491,33658.61,0.0,0.0,72068.73,105727.34,33658.61,0.0,0.0,33658.61,33658.61,0,9,0,1,0,0,0,0
11.99059767782309,161230.69,0.0,0.0,1019483.6,1180714.29,161230.69,0.0,0.0,161230.69000000006,161230.69,0,17,0,0,0,0,1,0
11.625833436789723,111951.89,144.0,0.0,1046399.8,1158351.7,111807.89,-0.010000000009313226,144.0,111951.8999999999,772.082,0,11,0,1,0,0,0,0
5.441248195737072,229.73,0.0,0.0,0.0,0.0,229.73,229.73,0.0,0.0,229.73,1,19,0,0,0,1,0,0
12.264642121686599,212062.73,0.0,0.0,3919446.84,4131509.57,212062.73,0.0,0.0,212062.72999999998,212062.73,0,17,0,1,0,0,0,0
11.924715064586136,150950.68,0.0,0.0,1565464.04,1716414.73,150950.68,-0.010000000009313226,0.0,150950.68999999994,150950.68,0,14,0,1,0,0,0,0
8.725453738220972,6156.67,30872.0,24715.33,0.0,0.0,0.0,6156.67,6156.669999999998,0.0,0.19941923363456743,1,12,0,0,0,1,0,0
7.960253818684223,2863.8,5060.0,2196.2,0.0,0.0,0.0,2863.8,2863.8,0.0,0.5658565500889152,1,12,0,0,0,1,0,0
12.397922249308541,242296.66,33679.0,0.0,1190177.72,1432474.38,208617.66,0.0,33679.0,242296.65999999992,7.19408135391924,0,10,0,1,0,0,0,0
11.228241427251122,75224.19,7157440.87,7232665.06,237465.39,162241.19,150448.3799999999,150448.39,-75224.18999999948,-75224.20000000001,0.010509926781983071,0,14,1,0,0,0,0,0
11.81606086728018,135408.78,0.0,0.0,573841.33,709250.11,135408.78,0.0,0.0,135408.78000000003,135408.78,0,17,0,1,0,0,0,0
10.983112041845589,58870.48,12515262.16,12574132.64,150621.54,91751.07,117740.9600000009,117740.95000000001,-58870.48000000045,-58870.47,0.0047038946962102875,0,21,1,0,0,0,0,0
9.846059690633604,18882.8,5165.0,0.0,0.0,0.0,13717.8,18882.8,5165.0,0.0,3.6552071234998063,1,13,0,0,0,1,0,0
10.752064166398062,46725.38,2631267.29,2677992.67,1974436.7,1927711.32,93450.75999999978,93450.75999999978,-46725.37999999989,-46725.37999999989,0.01775774069773782,0,18,1,0,0,0,0,0
12.818954849966781,369147.71,0.0,0.0,1374720.06,1743867.77,369147.71,0.0,0.0,369147.70999999996,369147.71,0,20,0,1,0,0,0,0
12.133132637194935,185930.32,0.0,0.0,809008.2,994938.52,185930.32,0.0,0.0,185930.32000000007,185930.32,0,17,0,1,0,0,0,0
11.453837131208749,94261.35,0.0,0.0,660361.07,754622.41,94261.35,0.009999999892897904,0.0,94261.34000000008,94261.35,0,14,0,1,0,0,0,0
9.406383193511882,12164.79,30622.0,18457.21,0.0,0.0,0.0,12164.79,12164.79,0.0,0.3972435750906182,1,17,0,0,0,1,0,0
10.798739717655492,48958.06,4082.0,0.0,283.0,0.0,44876.06,49241.06,4082.0,-283.0,11.990707812882684,0,12,0,1,0,0,0,0
13.51505449775638,740479.44,383370.23,0.0,1044057.85,1784537.29,357109.20999999996,0.0,383370.23,740479.4400000001,1.931494546421754,0,10,0,0,0,0,1,0
12.849438651031567,380574.04,1774106.03,2154680.07,13653460.14,13272886.1,761148.0799999998,761148.0800000001,-380574.0399999998,-380574.04000000097,0.21451582884489218,0,11,1,0,0,0,0,0
8.273946417631645,3919.39,201256.0,197336.61,0.0,0.0,0.0,3919.39,3919.390000000014,0.0,0.019474552437927624,1,23,0,0,0,1,0,0
12.027977265856068,167371.52,0.0,0.0,4422947.09,4590318.61,167371.52,-9.313225746154785e-10,0.0,167371.52000000048,167371.52,0,16,0,1,0,0,0,0
13.746012387406676,932860.84,0.0,0.0,1231489.79,2164350.63,932860.84,0.0,0.0,932860.8399999999,932860.84,0,18,0,0,0,0,1,0
12.381096597795898,238253.95,153758.0,0.0,198910.35,437164.3,84495.95000000001,5.820766091346741e-11,153758.0,238253.94999999998,1.5495284828855547,0,22,0,1,0,0,0,0
9.675106559738483,15915.42,489399.74,473484.33,0.0,0.0,0.010000000009313226,15915.42,15915.409999999974,0.0,0.03252022054564119,1,18,0,0,0,1,0,0
10.01495647383934,22357.38,20028.0,0.0,630937.07,653294.44,2329.380000000001,0.010000000009313226,20028.0,22357.369999999995,1.1162504368665436,0,11,0,1,0,0,0,0
12.671126011163791,318418.83,222.0,0.0,411466.76,729885.59,318196.83,1.1641532182693481e-10,222.0,318418.82999999996,1427.8871300448432,0,10,0,1,0,0,0,0
9.666180419579767,15773.98,13738.03,0.0,0.0,0.0,2035.949999999999,15773.98,13738.03,0.0,1.1481145321030668,1,19,0,0,0,1,0,0
7.48715128499907,1783.96,52172.0,50388.04,0.0,0.0,0.0,1783.96,1783.9599999999991,0.0,0.03419316504705499,1,23,0,0,0,1,0,0
9.700835729268922,16330.25,254824.68,238494.43,0.0,0.0,0.0,16330.25,16330.25,0.0,0.06408400440646328,1,22,0,0,0,1,0,0
8.823803980003287,6793.06,0.0,0.0,0.0,0.0,6793.06,6793.06,0.0,0.0,6793.06,1,18,0,0,0,1,0,0
7.766497403253599,2359.19,33706.0,31346.81,0.0,0.0,0.0,2359.19,2359.1899999999987,0.0,0.0699910997715608,1,16,0,0,0,1,0,0
12.136775781413574,186608.93,50984.0,0.0,0.0,186608.93,135624.93,0.0,50984.0,186608.93,3.6600751201333726,0,20,0,1,0,0,0,0
10.84911007059437,51487.31,7917203.13,7968690.44,471001.77,419514.46,102974.62000000011,102974.62,-51487.31000000052,-51487.31,0.006503218706323794,0,13,1,0,0,0,0,0
13.155878421062075,517040.5,0.0,0.0,628440.32,1145480.82,517040.5,-2.3283064365386963e-10,0.0,517040.5000000001,517040.5,0,22,0,1,0,0,0,0
10.65070498067756,42221.35,10114.0,52335.35,299785.05,261756.18,84442.7,80250.21999999997,-42221.35,-38028.869999999995,4.17413247652002,0,11,1,0,0,0,0,0
9.051733779298324,8532.32,1175789.94,1184322.27,644379.73,635847.41,17064.65000000014,17064.639999999898,-8532.330000000075,-8532.319999999949,0.007256664182154695,0,10,1,0,0,0,0,0
12.76211468379401,348750.42,36937.0,0.0,0.0,348750.42,311813.42,0.0,36937.0,348750.42,9.441507932210731,0,10,0,1,0,0,0,0
10.846227597001722,51339.11,619863.0,568523.89,1003197.36,1054536.47,0.0,0.0,51339.109999999986,51339.109999999986,0.08282318379515506,0,20,0,1,0,0,0,0
9.835340930022346,18681.47,321235.0,302553.53,0.0,0.0,0.0,18681.47,18681.469999999972,0.0,0.058154970177688683,1,16,0,0,0,1,0,0
12.641630005803178,309163.88,0.0,0.0,13742296.94,14051460.83,309163.88,-0.009999999776482582,0.0,309163.8900000006,309163.88,0,22,0,1,0,0,0,0
9.86704709089931,19283.31,138986.87,119703.56,0.0,0.0,0.0,19283.31,19283.309999999998,0.0,0.13874095631510866,1,10,0,0,0,1,0,0
10.513710356566872,36815.83,0.0,0.0,290431.27,327247.1,36815.83,5.820766091346741e-11,0.0,36815.82999999996,36815.83,0,12,0,1,0,0,0,0
11.63494219255864,112976.3,42125.0,155101.3,3460917.35,4675482.07,225952.59999999998,-1101588.4200000004,-112976.29999999999,1214564.7200000002,2.681866305844372,0,9,1,0,0,0,0,0
11.13470580575226,68507.0,0.0,0.0,2896984.97,2965491.97,68507.0,0.0,0.0,68507.0,68507.0,0,19,0,1,0,0,0,0
12.395846820779518,241794.31,0.0,0.0,754258.96,996053.27,241794.31,0.0,0.0,241794.31000000006,241794.31,0,16,0,1,0,0,0,0
9.803162670101905,18089.87,0.0,0.0,0.0,0.0,18089.87,18089.87,0.0,0.0,18089.87,1,19,0,0,0,1,0,0
10.608466214268057,40475.07,0.0,0.0,0.0,0.0,40475.07,40475.07,0.0,0.0,40475.07,1,19,0,0,0,1,0,0
12.008627907733427,164164.1,6315.0,0.0,344979.2,509143.29,157849.1,0.010000000067520887,6315.0,164164.08999999997,25.991782773907538,0,10,0,1,0,0,0,0
12.47143261070994,260779.05,9997.0,0.0,0.0,260779.05,250782.05,0.0,9997.0,260779.05,26.083121624324864,0,19,0,1,0,0,0,0
9.97640663967462,21511.87,170.0,0.0,0.0,0.0,21341.87,21511.87,170.0,0.0,125.80040935672514,1,12,0,0,0,1,0,0
12.22856420342957,204548.28,0.0,0.0,3553141.7,3757689.98,204548.28,0.0,0.0,204548.2799999998,204548.28,0,16,0,1,0,0,0,0
12.987971980796654,437122.91,99648.0,0.0,0.0,437122.91,337474.91,0.0,99648.0,437122.91,4.386626157813927,0,20,0,1,0,0,0,0
12.4121004342921,245756.47,28121896.77,28367653.24,536171.81,290415.34,491512.9399999976,491512.94,-245756.4699999988,-245756.47000000003,0.008738971744011144,0,12,1,0,0,0,0,0
8.203109647105432,3651.29,118.0,0.0,0.0,0.0,3533.29,3651.29,118.0,0.0,30.68310924369748,1,20,0,0,0,1,0,0
11.486259055724217,97367.6,0.0,0.0,103711.55,201079.15,97367.6,2.9103830456733704e-11,0.0,97367.59999999999,97367.6,0,14,0,1,0,0,0,0
10.086223606747492,24008.95,24342.0,333.05,0.0,0.0,0.0,24008.95,24008.95,0.0,0.9862773692642649,1,19,0,0,0,1,0,0
11.056815746770196,63373.43,0.0,0.0,1720292.31,1783665.74,63373.43,0.0,0.0,63373.429999999935,63373.43,0,10,0,1,0,0,0,0
12.397306824977338,242147.59,0.0,0.0,2149255.47,2391403.06,242147.59,0.0,0.0,242147.58999999985,242147.59,0,20,0,1,0,0,0,0
12.654090186086899,313040.23,104384.0,417424.23,952174.51,639134.28,626080.46,626080.46,-313040.23,-313040.23,2.9989005125257457,0,12,1,0,0,0,0,0
12.21187657012775,201163.16,2750.0,0.0,0.0,201163.16,198413.16,0.0,2750.0,201163.16,73.1236495819702,0,14,0,0,0,0,1,0
10.235158639202888,27864.89,157268.0,129403.11,0.0,27864.89,0.0,0.0,27864.89,27864.89,0.1771798002149184,0,10,0,1,0,0,0,0
12.340822264565487,228849.05,219157.0,0.0,124870.53,353719.58,9692.049999999988,-5.820766091346741e-11,219157.0,228849.05000000002,1.0442194672336853,0,14,0,1,0,0,0,0
11.488629493707284,97598.68,0.0,0.0,9184057.28,9032733.24,97598.68,248922.7199999988,0.0,-151324.0399999991,97598.68,0,21,0,0,0,0,1,0
9.876783142637938,19471.98,57809.14,38337.16,0.0,0.0,0.0,19471.98,19471.979999999996,0.0,0.33682637682593397,1,20,0,0,0,1,0,0
7.927414543833326,2771.25,315826.71,313055.46,0.0,0.0,0.0,2771.25,2771.25,0.0,0.008774562561340802,1,19,0,0,0,1,0,0
11.0027877711928,60040.29,0.0,0.0,824675.34,884715.63,60040.29,0.0,0.0,60040.29000000004,60040.29,0,16,0,1,0,0,0,0
12.095157620999018,179001.96,48921.0,227922.96,321328.47,142326.51,358003.92,358003.9199999999,-179001.96,-179001.95999999996,3.658925636727852,0,18,1,0,0,0,0,0
10.250734744553535,28302.33,30011.0,1708.67,462819.05,491121.38,0.0,0.0,28302.33,28302.330000000016,0.9430337864854059,0,16,0,1,0,0,0,0
9.416204286575113,12284.86,0.0,0.0,0.0,0.0,12284.86,12284.86,0.0,0.0,12284.86,1,14,0,0,0,1,0,0
12.184365439675153,195704.34,11701.0,0.0,51124.2,246828.54,184003.34,-2.9103830456733704e-11,11701.0,195704.34000000003,16.72400786190395,0,19,0,0,0,0,1,0
9.708271011650032,16452.13,226209.0,209756.87,0.0,0.0,0.0,16452.13,16452.130000000005,0.0,0.07272945493125857,1,22,0,0,0,1,0,0
11.318032093033752,82291.24,0.0,0.0,911190.49,993481.74,82291.24,-0.010000000009313226,0.0,82291.25,82291.24,0,13,0,1,0,0,0,0
12.85773422601573,383744.26,4142793.94,4526538.2,725929.33,342185.07,767488.52,767488.5199999998,-383744.26000000024,-383744.25999999995,0.09262931560884836,0,17,1,0,0,0,0,0
12.193447988853375,197489.94,821.0,0.0,0.0,197489.94,196668.94,0.0,821.0,197489.94,240.25540145985403,0,15,0,1,0,0,0,0
11.811713264903789,134821.35,0.0,0.0,149649.28,284470.63,134821.35,0.0,0.0,134821.35,134821.35,0,13,0,1,0,0,0,0
7.741889737842974,2301.82,115286.0,112984.18,0.0,0.0,0.0,2301.82,2301.820000000007,0.0,0.019965997900890823,1,14,0,0,0,1,0,0
11.017935624038124,60956.71,20592.0,0.0,35155.07,96111.78,40364.71,0.0,20592.0,60956.71,2.960069441072209,0,14,0,1,0,0,0,0
11.052606151000635,63107.21,3593.84,0.0,225342.06,288449.27,59513.369999999995,0.0,3593.84,63107.21000000002,17.55494264000623,0,18,0,1,0,0,0,0
13.810441682895751,994942.95,0.0,0.0,1806439.33,2801382.28,994942.95,4.656612873077393e-10,0.0,994942.9499999997,994942.95,0,13,0,0,0,0,1,0
9.229470223990209,10192.14,172011.81,161819.66,0.0,0.0,-0.010000000009313226,10192.14,10192.149999999994,0.0,0.05925221499491811,1,16,0,0,0,1,0,0
11.927227809424132,151330.46,4861674.8,5013005.26,266260.84,114930.38,302660.9199999999,302660.92000000004,-151330.45999999996,-151330.46000000002,0.031127221605356737,0,20,1,0,0,0,0,0
8.459212321805186,4717.34,0.0,0.0,751513.75,756231.09,4717.34,0.0,0.0,4717.339999999967,4717.34,0,17,0,1,0,0,0,0
12.3173723989462,223544.98,0.0,0.0,1324205.34,1733971.34,223544.98,-186221.02000000002,0.0,409766.0,223544.98,0,18,0,1,0,0,0,0
11.661145363861689,115975.79,22184660.47,22300636.26,178095.0,62119.21,231951.58000000194,231951.58,-115975.79000000283,-115975.79000000001,0.005227746664371345,0,10,1,0,0,0,0,0
11.855084287981612,140797.39,524385.22,383587.83,262361.25,438003.23,0.0,-34844.58999999997,140797.38999999996,175641.97999999998,0.26849940869918365,0,17,0,1,0,0,0,0
12.609692285141737,299445.87,0.0,0.0,357555.81,657001.69,299445.87,-0.010000000009313226,0.0,299445.87999999995,299445.87,0,23,0,0,0,0,1,0
8.072326953880754,3203.55,0.0,0.0,0.0,0.0,3203.55,3203.55,0.0,0.0,3203.55,1,19,0,0,0,1,0,0
7.534671840948069,1870.83,37921.0,36050.17,0.0,0.0,0.0,1870.83,1870.8300000000017,0.0,0.049333632192394915,1,0,0,0,0,1,0,0
12.155803142678648,190193.62,0.0,0.0,382926.39,794151.4,190193.62,-221031.39,0.0,411225.01,190193.62,0,15,0,1,0,0,0,0
10.901001156953686,54229.63,3657904.6,3712134.23,430019.51,375789.88,108459.25999999978,108459.26000000001,-54229.62999999989,-54229.630000000005,0.014825322446812186,0,10,1,0,0,0,0,0
10.466817292349171,35129.23,0.0,0.0,259411.02,1784524.73,35129.23,-1489984.48,0.0,1525113.71,35129.23,0,12,0,1,0,0,0,0
13.077431030280326,478030.08,0.0,0.0,1489886.0,1967916.08,478030.08,0.0,0.0,478030.0800000001,478030.08,0,19,0,0,0,0,1,0
10.246892488084445,28193.79,0.0,0.0,0.0,0.0,28193.79,28193.79,0.0,0.0,28193.79,1,14,0,0,0,1,0,0
13.736179787636527,923733.33,0.0,0.0,1453731.89,2377465.22,923733.33,-4.656612873077393e-10,0.0,923733.3300000003,923733.33,0,19,0,0,0,0,1,0
10.141982663354774,25385.75,12622.0,38007.75,165761.91,140376.17,50771.5,50771.48999999999,-25385.75,-25385.73999999999,2.011071060762101,0,13,1,0,0,0,0,0
8.961173635752736,7793.5,150356.49,142562.99,0.0,0.0,0.0,7793.5,7793.5,0.0,0.05183313448501967,1,11,0,0,0,1,0,0
9.499058157891557,13346.15,42943.44,29597.29,0.0,0.0,0.0,13346.15,13346.150000000001,0.0,0.310777134362446,1,13,0,0,0,1,0,0
12.124359752206095,184306.3,5435286.85,5619593.15,1208248.4,1023942.1,368612.60000000056,368612.6,-184306.30000000075,-184306.29999999993,0.03390920685093063,0,20,1,0,0,0,0,0
9.950246607780596,20956.39,20980.0,23.61,0.0,0.0,0.0,20956.39,20956.39,0.0,0.9988270339831276,1,13,0,0,0,1,0,0
12.422794179765049,248398.64,5068865.34,5317263.98,1320004.05,1071605.41,496797.28000000026,496797.28,-248398.6400000006,-248398.64000000013,0.04900477214003635,0,19,1,0,0,0,0,0
11.257111887823749,77427.63,0.0,0.0,8184681.18,8262108.81,77427.63,0.0,0.0,77427.62999999989,77427.63,0,20,0,1,0,0,0,0
12.55252399618296,282807.14,19535.0,0.0,146.0,153416.92,263272.14,129536.22,19535.0,153270.92,14.476204954954955,0,9,0,1,0,0,0,0
8.228062069599346,3743.57,0.0,0.0,0.0,0.0,3743.57,3743.57,0.0,0.0,3743.57,1,20,0,0,0,1,0,0
8.175969685369537,3553.5,30204.0,26650.5,0.0,0.0,0.0,3553.5,3553.5,0.0,0.11764608508525079,1,0,0,0,0,1,0,0
12.608132562550283,298979.18,0.0,0.0,1663834.97,1962814.15,298979.18,0.0,0.0,298979.17999999993,298979.18,0,11,0,0,0,0,1,0
12.630388751808532,305707.94,20483.0,326190.94,32982.44,0.0,611415.88,338690.38,-305707.94,-32982.44,14.924230619019722,0,18,1,0,0,0,0,0
11.85496105454782,140780.04,0.0,0.0,183272.71,324052.74,140780.04,0.010000000009313226,0.0,140780.03,140780.04,0,15,0,0,0,0,1,0
11.027178558108533,61522.75,0.0,0.0,79517.14,141039.89,61522.75,0.0,0.0,61522.750000000015,61522.75,0,13,0,0,0,0,1,0
13.01445475140234,448853.81,0.0,0.0,1953042.51,2401896.32,448853.81,0.0,0.0,448853.8099999998,448853.81,0,13,0,1,0,0,0,0
11.042309648376051,62460.75,9138707.88,9201168.63,2639776.61,2577315.87,124921.5,124921.48999999976,-62460.75,-62460.73999999976,0.00683474556637808,0,10,1,0,0,0,0,0
9.671658264182831,15860.63,0.0,0.0,0.0,0.0,15860.63,15860.63,0.0,0.0,15860.63,1,23,0,0,0,1,0,0
8.97903737272027,7933.99,1461.0,0.0,0.0,0.0,6472.99,7933.99,1461.0,0.0,5.426805745554035,1,10,0,0,0,1,0,0
9.497883434766567,13330.48,0.0,0.0,0.0,0.0,13330.48,13330.48,0.0,0.0,13330.48,1,9,0,0,0,1,0,0
9.115257966229377,9091.98,29041.0,19949.02,0.0,0.0,0.0,9091.98,9091.98,0.0,0.31306314992080436,1,17,0,0,0,1,0,0
8.22196538807546,3720.81,168.0,0.0,0.0,3720.81,3552.81,0.0,168.0,3720.81,22.01662721893491,0,20,0,1,0,0,0,0
12.439126012025318,252488.77,129494.0,0.0,21267.06,273755.83,122994.76999999999,0.0,129494.0,252488.77000000002,1.9497955133402833,0,11,0,1,0,0,0,0
10.525367223007684,37247.51,6731175.18,6768422.7,922024.12,537246.69,74495.03000000026,422024.94000000006,-37247.520000000484,-384777.43000000005,0.0055335812054172085,0,12,1,0,0,0,0,0
12.720074021253554,334392.6,51837.0,0.0,30973.0,438049.06,282555.6,-72683.46000000002,51837.0,407076.06,6.450723407538871,0,9,0,1,0,0,0,0
9.981640475691197,21624.76,0.0,0.0,0.0,0.0,21624.76,21624.76,0.0,0.0,21624.76,1,10,0,0,0,1,0,0
9.822020414176059,18434.26,32.0,0.0,378778.04,397212.3,18402.26,0.0,32.0,18434.26000000001,558.6139393939393,0,19,0,1,0,0,0,0
11.069617825579714,64189.97,18892885.42,18957075.39,830461.22,766271.25,128379.93999999762,128379.93999999994,-64189.96999999881,-64189.96999999997,0.003397573487344344,0,20,1,0,0,0,0,0
9.981606719082354,21624.03,512.0,0.0,0.0,0.0,21112.03,21624.03,512.0,0.0,42.15210526315789,1,10,0,0,0,1,0,0
8.946407377695243,7679.25,0.0,0.0,0.0,0.0,7679.25,7679.25,0.0,0.0,7679.25,1,10,0,0,0,1,0,0
12.641357783892797,309079.73,199362.0,508441.73,0.0,0.0,618159.46,309079.73,-309079.73,0.0,1.550336471662244,1,17,1,0,0,0,0,0
12.119104940314191,183340.34,0.0,0.0,397110.81,580451.15,183340.34,0.0,0.0,183340.34000000003,183340.34,0,20,0,1,0,0,0,0
10.665660904028591,42857.57,55447.0,12589.43,0.0,0.0,0.0,42857.57,42857.57,0.0,0.7729326576251623,1,12,0,0,0,1,0,0
8.099423693831831,3291.57,353.0,0.0,0.0,0.0,2938.57,3291.57,353.0,0.0,9.298220338983052,1,21,0,0,0,1,0,0
9.39038099608654,11971.66,1006.0,0.0,0.0,0.0,10965.66,11971.66,1006.0,0.0,11.888440913604766,1,23,0,0,0,1,0,0
12.250967040559589,209182.48,5373744.35,5582926.83,889682.4,680499.92,418364.9600000009,418364.9600000001,-209182.48000000045,-209182.47999999998,0.03892675710805686,0,20,1,0,0,0,0,0
12.845562766525363,379101.83,0.0,0.0,747737.9,1126839.73,379101.83,0.0,0.0,379101.82999999996,379101.83,0,0,0,0,0,0,1,0
10.64662512908,42049.44,0.0,0.0,0.0,0.0,42049.44,42049.44,0.0,0.0,42049.44,1,21,0,0,0,1,0,0
12.182087743703452,195259.09,0.0,0.0,240221.09,435480.18,195259.09,0.0,0.0,195259.09,195259.09,0,11,0,0,0,0,1,0
10.38895290587785,32497.62,22324.0,0.0,0.0,0.0,10173.619999999999,32497.62,22324.0,0.0,1.455660470324748,1,12,0,0,0,1,0,0
12.007348986694756,163954.28,0.0,0.0,16546907.81,16710862.1,163954.28,-0.009999999776482582,0.0,163954.2899999991,163954.28,0,20,0,1,0,0,0,0
12.528354675715338,276053.8,376223.0,100169.2,138998.3,415052.1,0.0,0.0,276053.8,276053.8,0.7337485115250488,0,19,0,1,0,0,0,0
12.784636746359293,356694.14,138055.0,0.0,199092.52,555786.66,218639.14,0.0,138055.0,356694.14,2.5836916903285623,0,18,0,1,0,0,0,0
9.930146523259474,20539.35,0.0,0.0,0.0,0.0,20539.35,20539.35,0.0,0.0,20539.35,1,12,0,0,0,1,0,0
9.014512818434667,8220.54,24762.0,16541.46,0.0,0.0,0.0,8220.54,8220.54,0.0,0.33196866292452454,1,18,0,0,0,1,0,0
10.566780754794362,38822.49,0.0,0.0,491220.71,530043.2,38822.49,1.1641532182693481e-10,0.0,38822.48999999993,38822.49,0,20,0,1,0,0,0,0
11.153623788473885,69815.37,0.0,0.0,155508.27,225323.65,69815.37,-0.010000000009313226,0.0,69815.38,69815.37,0,18,0,1,0,0,0,0
10.313472099245757,30134.89,22813.0,0.0,2182905.65,2213040.53,7321.889999999999,0.01000000024214387,22813.0,30134.87999999989,1.3208946261067764,0,19,0,1,0,0,0,0
13.253541453149557,570084.4,186.0,0.0,4399317.83,4969402.23,569898.4,0.0,186.0,570084.4000000004,3048.579679144385,0,21,0,0,0,0,1,0
7.109315578629121,1222.31,29075.0,27852.69,0.0,0.0,0.0,1222.31,1222.3100000000013,0.0,0.042038450956115005,1,22,0,0,0,1,0,0
11.954694793809473,155544.69,10021468.97,10177013.66,204869.21,49324.52,311089.37999999896,311089.38,-155544.68999999948,-155544.69,0.015521145147930827,0,15,1,0,0,0,0,0
10.384760259043258,32361.65,21270.0,53631.65,0.0,0.0,64723.3,32361.65,-32361.65,0.0,1.521397677589206,1,17,1,0,0,0,0,0
12.634824793508173,307067.09,0.0,0.0,427120.71,734187.8,307067.09,0.0,0.0,307067.09,307067.09,0,17,0,1,0,0,0,0
12.511403520108118,271413.79,3305638.69,3577052.49,1228093.86,956680.06,542827.5900000003,542827.5900000001,-271413.8000000003,-271413.80000000005,0.08210628364036855,0,21,1,0,0,0,0,0
11.863018445232184,141918.95,21375.0,0.0,0.0,141918.95,120543.95000000001,0.0,21375.0,141918.95,6.639172436377246,0,11,0,1,0,0,0,0
9.304156709280466,10982.58,61332.0,50349.42,0.0,0.0,0.0,10982.58,10982.580000000002,0.0,0.1790647775259648,1,20,0,0,0,1,0,0
12.079845369921127,176281.9,0.0,0.0,337481.71,513763.61,176281.9,0.0,0.0,176281.89999999997,176281.9,0,10,0,1,0,0,0,0
12.392785753664656,241055.29,56148.0,297203.29,24022.9,0.0,482110.57999999996,265078.19,-241055.28999999998,-24022.9,4.293135941868956,0,18,1,0,0,0,0,0
9.49766513059898,13327.57,45.0,0.0,0.0,0.0,13282.57,13327.57,45.0,0.0,289.72978260869564,1,21,0,0,0,1,0,0
9.843441856859613,18833.43,295758.3,276924.87,0.0,0.0,0.0,18833.43,18833.429999999993,0.0,0.06367823429390049,1,13,0,0,0,1,0,0
6.585026171452788,723.17,9366.0,8642.83,0.0,0.0,0.0,723.17,723.1700000000001,0.0,0.0772040140920252,1,12,0,0,0,1,0,0
11.945687401509266,154149.92,123993.0,0.0,3445016.02,3599165.94,30156.920000000013,0.0,123993.0,154149.91999999993,1.2432046711937677,0,23,0,1,0,0,0,0
14.611471969649335,2216570.01,0.0,0.0,2247933.24,4464503.25,2216570.01,0.0,0.0,2216570.01,2216570.01,0,22,0,0,0,0,1,0
12.111307906945738,181916.38,2454663.51,2636579.89,1356988.47,1175072.09,363832.76000000024,363832.76,-181916.38000000035,-181916.3799999999,0.07411048608023425,0,17,1,0,0,0,0,0
11.177993980780151,71537.71,0.0,0.0,0.0,0.0,71537.71,71537.71,0.0,0.0,71537.71,1,20,0,0,0,1,0,0
9.710908365677438,16495.58,0.0,0.0,0.0,0.0,16495.58,16495.58,0.0,0.0,16495.58,1,13,0,0,0,1,0,0
12.04857274665842,170854.38,139610.0,0.0,1108720.31,1279574.69,31244.380000000005,0.0,139610.0,170854.3799999999,1.2237888132023982,0,12,0,1,0,0,0,0
9.983881583103933,21673.28,8060.0,0.0,0.0,0.0,13613.279999999999,21673.28,8060.0,0.0,2.6886589753132366,1,12,0,0,0,1,0,0
9.756311493396142,17261.84,0.0,0.0,0.0,0.0,17261.84,17261.84,0.0,0.0,17261.84,1,9,0,0,0,1,0,0
10.092514494568668,24160.47,0.0,0.0,0.0,0.0,24160.47,24160.47,0.0,0.0,24160.47,1,17,0,0,0,1,0,0
9.148717064138832,9401.37,11269.0,1867.63,0.0,0.0,0.0,9401.37,9401.369999999999,0.0,0.8341943212067436,1,1,0,0,0,1,0,0
7.532152415712965,1866.12,0.0,0.0,0.0,0.0,1866.12,1866.12,0.0,0.0,1866.12,1,15,0,0,0,1,0,0
11.667161712565033,116675.65,5966746.27,6083421.92,428939.16,312263.51,233351.30000000075,233351.29999999993,-116675.65000000037,-116675.64999999997,0.019554314054263607,0,20,1,0,0,0,0,0
7.525526761085907,1853.79,0.0,0.0,0.0,0.0,1853.79,1853.79,0.0,0.0,1853.79,1,13,0,0,0,1,0,0
10.356931702291982,31473.46,176857.07,145383.61,0.0,0.0,-2.9103830456733704e-11,31473.46,31473.46000000002,0.0,0.17795885706544234,1,22,0,0,0,1,0,0
12.452616970491977,255918.18,4550957.63,4806875.8,1119700.1,863781.92,511836.3499999996,511836.36,-255918.16999999993,-255918.18000000005,0.05623390604190133,0,13,1,0,0,0,0,0
8.087710967518358,3253.23,326784.0,323530.77,823010.21,826263.43,0.0,0.009999999892897904,3253.2299999999814,3253.2200000000885,0.009955261104395857,0,10,0,0,1,0,0,0
12.362371145710476,233834.03,141981.0,0.0,0.0,233834.03,91853.03,0.0,141981.0,233834.03,1.646927286557451,0,20,0,1,0,0,0,0
13.446722517222119,691570.98,30861.0,0.0,21450.64,713021.62,660709.98,0.0,30861.0,691570.98,22.408495236860865,0,22,0,0,0,0,1,0
12.055759742009581,172086.74,0.0,0.0,177528.84,349615.57,172086.74,0.009999999951105565,0.0,172086.73,172086.74,0,15,0,1,0,0,0,0
11.79042908730162,131982.09,0.0,0.0,191687.58,311868.11,131982.09,11801.559999999998,0.0,120180.53,131982.09,0,18,0,1,0,0,0,0
9.304165813738647,10982.68,0.0,0.0,236666.55,309142.22,10982.68,-61492.98999999999,0.0,72475.66999999998,10982.68,0,14,0,1,0,0,0,0
9.004219853167209,8136.35,242332.99,234196.65,0.0,0.0,0.010000000009313226,8136.35,8136.3399999999965,0.0,0.03357494340764992,1,9,0,0,0,1,0,0
14.747346813612307,2539166.46,0.0,0.0,7545519.51,10201783.05,2539166.46,-117097.08000000194,0.0,2656263.540000001,2539166.46,0,10,0,0,0,0,1,0
10.4325062737056,33944.32,191.0,0.0,41370.22,76903.2,33753.32,-1588.659999999989,191.0,35532.979999999996,176.79333333333332,0,21,0,1,0,0,0,0
11.955207373506349,155624.44,52729.0,0.0,115556.55,271180.99,102895.44,0.0,52729.0,155624.44,2.951345344206334,0,20,0,1,0,0,0,0
12.386469100504124,239537.42,29930.0,0.0,1617899.99,1857437.41,209607.42,0.0,29930.0,239537.41999999993,8.002987538004076,0,11,0,1,0,0,0,0
9.589349931101061,14607.37,0.0,0.0,0.0,0.0,14607.37,14607.37,0.0,0.0,14607.37,1,23,0,0,0,1,0,0
11.784345219827303,131181.56,16261.14,0.0,3144730.25,3275911.81,114920.42,0.0,16261.14,131181.56000000006,8.066684950443177,0,19,0,0,0,0,1,0
12.292797898256827,218118.4,5737636.04,5955754.43,1188659.56,1387317.13,436236.79000000004,19460.830000000075,-218118.38999999966,198657.56999999983,0.03801537087121147,0,9,1,0,0,0,0,0
6.1949154650764555,489.25,200888.0,200398.75,0.0,0.0,0.0,489.25,489.25,0.0,0.002435424537928906,1,20,0,0,0,1,0,0
10.514785644899169,36855.44,20978.0,0.0,12455480.13,12492335.58,15877.440000000002,-0.009999999776482582,20978.0,36855.449999999255,1.7567777301110636,0,10,0,1,0,0,0,0
12.308025125425727,221465.17,174.0,0.0,0.0,221465.17,221291.17,0.0,174.0,221465.17,1265.5152571428573,0,17,0,1,0,0,0,0
13.95583427295043,1150645.22,0.0,0.0,5973742.99,7124388.21,1150645.22,0.0,0.0,1150645.2199999997,1150645.22,0,17,0,0,0,0,1,0
10.05491853734342,23268.96,1267.0,24535.96,1471500.51,1836110.17,46537.92,-341340.69999999995,-23268.96,364609.6599999999,18.35091482649842,0,9,1,0,0,0,0,0
10.322297553480116,30402.03,14299.0,44701.03,804635.96,1355823.03,60804.06,-520785.04000000004,-30402.03,551187.0700000001,2.1260160839160838,0,16,1,0,0,0,0,0
12.178660183751102,194590.97,128264.0,322854.97,0.0,0.0,389181.93999999994,194590.97,-194590.96999999997,0.0,1.5171010797957354,1,14,1,0,0,0,0,0
12.152547124735921,189575.35,2358205.85,2547781.2,4531883.36,4342308.01,379150.7000000002,379150.7000000002,-189575.3500000001,-189575.35000000056,0.08038961891744144,0,11,1,0,0,0,0,0
9.428380523067991,12435.37,181296.0,168860.63,0.0,0.0,0.0,12435.37,12435.369999999995,0.0,0.0685911515358776,1,18,0,0,0,1,0,0
10.761627849268107,47174.4,1586328.65,1633503.06,150077.53,102903.13,94348.81000000006,94348.79999999999,-47174.41000000015,-47174.399999999994,0.029738081236771942,0,11,1,0,0,0,0,0
10.385944874134063,32400.01,0.0,0.0,0.0,0.0,32400.01,32400.01,0.0,0.0,32400.01,1,16,0,0,0,1,0,0
12.563535913659724,285938.61,104884.0,0.0,0.0,285938.61,181054.61,0.0,104884.0,285938.61,2.7262107069647707,0,18,0,1,0,0,0,0
8.353751483348072,4245.08,0.0,0.0,0.0,0.0,4245.08,4245.08,0.0,0.0,4245.08,1,15,0,0,0,1,0,0
8.350077832148548,4229.51,443.0,0.0,0.0,0.0,3786.51,4229.51,443.0,0.0,9.525923423423423,1,12,0,0,0,1,0,0
11.791625872760225,132140.14,14435.0,0.0,658269.95,790410.09,117705.14000000001,0.0,14435.0,132140.14,9.153514824050985,0,19,0,1,0,0,0,0
8.944132731190946,7661.8,0.0,0.0,0.0,0.0,7661.8,7661.8,0.0,0.0,7661.8,1,20,0,0,0,1,0,0
11.853244934348893,140538.65,99251.0,239789.65,2425429.86,2284891.21,281077.3,281077.2999999998,-140538.65,-140538.6499999999,1.4159780155563615,0,12,1,0,0,0,0,0
11.775416567547273,130015.49,0.0,0.0,638806.38,768821.87,130015.49,0.0,0.0,130015.48999999999,130015.49,0,15,0,1,0,0,0,0
12.293125738316354,218189.92,11997933.42,12216123.33,853577.53,635387.61,436379.8300000001,436379.83999999997,-218189.91000000015,-218189.92000000004,0.01818562365504245,0,18,1,0,0,0,0,0
11.225633583050886,75028.27,0.0,0.0,1396156.92,1471185.19,75028.27,0.0,0.0,75028.27000000002,75028.27,0,13,0,1,0,0,0,0
10.887819102838511,53519.45,15219.0,68738.45,0.0,0.0,107038.9,53519.45,-53519.45,0.0,3.5163896189224704,1,16,1,0,0,0,0,0
11.281186579380215,79314.32,13226586.5,13305900.83,747722.87,668408.55,158628.65000000037,158628.6399999999,-79314.33000000007,-79314.31999999995,0.005996582262809663,0,23,1,0,0,0,0,0
8.008062796604008,3004.09,104016.0,101011.91,1092077.8,1095081.89,0.0,2.3283064365386963e-10,3004.0899999999965,3004.089999999851,0.028880759875789537,0,18,0,0,1,0,0,0
12.028079009760416,167388.55,19944.0,0.0,44321.77,211710.32,147444.55,-2.9103830456733704e-11,19944.0,167388.55000000002,8.392506893958386,0,17,0,1,0,0,0,0
8.165315294655175,3515.83,11642.0,8126.17,0.0,0.0,0.0,3515.83,3515.83,0.0,0.3019694236880529,1,21,0,0,0,1,0,0
11.640572579135291,113614.2,9961226.39,10074840.59,3459704.59,4081177.35,227228.3999999985,-507858.56000000006,-113614.19999999925,621472.7600000002,0.011405642653440119,0,12,1,0,0,0,0,0
12.744620191331009,342702.25,0.0,0.0,1542208.3,1936226.35,342702.25,-51315.80000000005,0.0,394018.05000000005,342702.25,0,18,0,1,0,0,0,0
9.427586568024308,12425.5,13102.0,676.5,0.0,0.0,0.0,12425.5,12425.5,0.0,0.9482942837518126,1,12,0,0,0,1,0,0
7.586027371956869,1969.47,1157.0,0.0,0.0,0.0,812.47,1969.47,1157.0,0.0,1.7007512953367876,1,13,0,0,0,1,0,0
9.291093288929854,10840.03,22269.0,11428.97,0.0,0.0,0.0,10840.03,10840.03,0.0,0.4867548271216884,1,16,0,0,0,1,0,0
10.670587085998891,43069.22,123291.0,80221.78,273787.69,316856.9,0.0,0.010000000009313226,43069.22,43069.21000000002,0.34932696363105475,0,19,0,1,0,0,0,0
9.184360806617235,9742.55,105982.46,96239.91,0.0,0.0,0.0,9742.55,9742.550000000003,0.0,0.09192519285556443,1,23,0,0,0,1,0,0
12.151186536284865,189317.59,0.0,0.0,1454819.32,2126699.46,189317.59,-482562.5499999998,0.0,671880.1399999999,189317.59,0,14,0,1,0,0,0,0
9.446655989469507,12664.74,522.0,0.0,0.0,0.0,12142.74,12664.74,522.0,0.0,24.215564053537285,1,11,0,0,0,1,0,0
9.69670505131466,16262.93,60019.0,43756.07,0.0,0.0,0.0,16262.93,16262.93,0.0,0.27095851382872377,1,15,0,0,0,1,0,0
12.237760587311612,206438.07,49773.0,0.0,182930.61,389368.68,156665.07,0.0,49773.0,206438.07,4.147508136778238,0,10,0,1,0,0,0,0
9.763162851842207,17380.52,19170.0,1789.48,0.0,0.0,0.0,17380.52,17380.52,0.0,0.906604767617756,1,12,0,0,0,1,0,0
9.998920452082805,22001.7,10355.0,0.0,0.0,22001.7,11646.7,0.0,10355.0,22001.7,2.1245365005793744,0,16,0,0,0,0,1,0
12.743117822835694,342187.77,0.0,0.0,2648507.58,3736877.88,342187.77,-746182.5299999998,0.0,1088370.2999999998,342187.77,0,20,0,1,0,0,0,0
12.022692748892126,166489.37,0.0,0.0,1129311.07,1295800.44,166489.37,0.0,0.0,166489.36999999988,166489.37,0,12,0,1,0,0,0,0
10.745408124042081,46415.4,0.0,0.0,663370.92,709786.32,46415.4,1.1641532182693481e-10,0.0,46415.39999999991,46415.4,0,10,0,1,0,0,0,0
12.281330014017634,215631.32,2643135.8,2858767.11,379011.35,163380.03,431262.6299999999,431262.6399999999,-215631.31000000006,-215631.31999999998,0.08158159653333116,0,13,1,0,0,0,0,0
10.926855325994174,55650.0,0.0,0.0,0.0,0.0,55650.0,55650.0,0.0,0.0,55650.0,1,17,0,0,0,1,0,0
12.515837831227563,272620.0,22799286.58,23071906.58,1270447.37,1575591.08,545240.0,-32523.709999999963,-272620.0,305143.70999999996,0.011957391170377966,0,15,1,0,0,0,0,0
12.369996073258392,235623.82,2673.0,0.0,2968817.77,3204441.59,232950.82,0.0,2673.0,235623.81999999983,88.11661181750188,0,18,0,1,0,0,0,0
12.350752734839036,231132.96,167.0,0.0,0.0,231132.96,230965.96,0.0,167.0,231132.96,1375.7914285714285,0,13,0,1,0,0,0,0
8.011554094337546,3014.6,35147.44,32132.84,0.0,0.0,0.0,3014.6,3014.600000000002,0.0,0.08576767560665564,1,13,0,0,0,1,0,0
12.321280011439711,224420.22,0.0,0.0,423939.28,648359.5,224420.22,0.0,0.0,224420.21999999997,224420.22,0,11,0,1,0,0,0,0
11.695954271604043,120083.9,8407110.29,8527194.19,377096.9,257013.01,240167.80000000075,240167.79000000004,-120083.90000000037,-120083.89000000001,0.01428361013167937,0,22,1,0,0,0,0,0
11.130596539331037,68226.06,0.0,0.0,599432.0,667658.06,68226.06,0.0,0.0,68226.06000000006,68226.06,0,21,0,1,0,0,0,0
11.742498860460335,125805.32,2734524.82,2860330.14,240028.51,114223.19,251610.64000000013,251610.64,-125805.3200000003,-125805.32,0.046006265173974485,0,21,1,0,0,0,0,0
12.125490917611323,184514.9,16475.0,0.0,157494.15,342009.05,168039.9,0.0,16475.0,184514.9,11.199010682204419,0,10,0,1,0,0,0,0
11.249590709728873,76847.46,625503.65,702351.11,630297.28,553449.82,153694.91999999993,153694.92000000004,-76847.45999999996,-76847.46000000008,0.12285673655663472,0,12,1,0,0,0,0,0
10.491262550703524,35998.58,0.0,0.0,0.0,0.0,35998.58,35998.58,0.0,0.0,35998.58,1,13,0,0,0,1,0,0
12.262473016572711,211603.24,228.0,0.0,526208.4,737811.64,211375.24,0.0,228.0,211603.24,924.031615720524,0,9,0,1,0,0,0,0
9.121697118745967,9150.72,22841.37,13690.64,0.0,0.0,-0.00999999999839929,9150.72,9150.73,0.0,0.4006029146712885,1,13,0,0,0,1,0,0
12.673037318071023,319028.01,12712129.53,13031157.54,406560.62,87532.61,638056.0199999996,638056.02,-319028.0099999998,-319028.01,0.0250963447273539,0,12,1,0,0,0,0,0
10.572834746996111,39058.24,20963.0,60021.24,289457.91,250399.67,78116.48,78116.47999999995,-39058.24,-39058.23999999996,1.863110093493608,0,20,1,0,0,0,0,0
12.447006604906248,254486.4,533881.83,279395.43,1616834.53,1871320.93,0.0,0.0,254486.39999999997,254486.3999999999,0.47667088301004173,0,18,0,0,0,0,1,0
12.82764734455399,372370.52,2117.0,0.0,191054.71,633469.64,370253.52,-70044.41000000003,2117.0,442414.93000000005,175.81233238904628,0,11,0,1,0,0,0,0
11.242294525505272,76288.8,10095.0,0.0,1110062.6,1186351.4,66193.8,2.3283064365386963e-10,10095.0,76288.79999999981,7.556339144215531,0,19,0,1,0,0,0,0
10.061940251110897,23432.93,27101.0,50533.93,15261.66,0.0,46865.86,38694.59,-23432.93,-15261.66,0.8646199542469191,0,13,1,0,0,0,0,0
13.353256979343396,629861.6,20412.0,0.0,2201522.16,2831383.76,609449.6,4.656612873077393e-10,20412.0,629861.5999999996,30.85590555038456,0,16,0,0,0,0,1,0
12.849848000288354,380729.86,114597.01,495326.87,0.0,0.0,761459.72,380729.86,-380729.86,0.0,3.3223077782938812,1,10,1,0,0,0,0,0
9.784743430183848,17759.7,0.0,0.0,2650926.7,2668686.4,17759.7,4.656612873077393e-10,0.0,17759.69999999972,17759.7,0,18,0,1,0,0,0,0
12.989221874477225,437669.61,472.0,438141.61,721922.93,284253.32,875339.22,875339.22,-437669.61,-437669.61000000004,925.3057293868922,0,16,1,0,0,0,0,0
12.02630181287173,167091.33,30482.0,0.0,256272.36,423363.69,136609.33,-5.820766091346741e-11,30482.0,167091.33000000002,5.481459502017517,0,18,0,1,0,0,0,0
9.086571456635001,8834.84,226944.79,218109.95,0.0,0.0,0.0,8834.84,8834.839999999997,0.0,0.03892929672764584,1,13,0,0,0,1,0,0
12.489955560313037,265654.48,0.0,0.0,1183453.61,1449108.1,265654.48,-0.010000000009313226,0.0,265654.49,265654.48,0,19,0,1,0,0,0,0
11.611148307940788,110319.86,3295.0,0.0,194901.0,305220.86,107024.86,0.0,3295.0,110319.85999999999,33.470831310679614,0,23,0,0,0,0,1,0
10.831118737704285,50569.25,1246.9,0.0,3686609.45,4695962.19,49322.35,-958783.4900000002,1246.9,1009352.7400000002,40.52347944546838,0,14,0,1,0,0,0,0
9.236423237229513,10263.26,9993.0,0.0,505348.42,515611.68,270.2600000000002,0.0,9993.0,10263.26000000001,1.0269421652991795,0,18,0,1,0,0,0,0
13.842903268348987,1027770.34,32978.0,0.0,86452.61,1114222.95,994792.34,0.0,32978.0,1027770.34,31.164387640619786,0,16,0,0,0,0,1,0
11.830942664459057,137438.99,13919.77,0.0,9333305.7,9470744.68,123519.21999999999,0.009999999776482582,13919.77,137438.98000000045,9.872944528212159,0,19,0,1,0,0,0,0
9.724145552451166,16715.4,0.0,0.0,1263076.39,1279791.79,16715.4,-2.3283064365386963e-10,0.0,16715.40000000014,16715.4,0,18,0,1,0,0,0,0
11.430451921875434,92082.58,1937674.62,2029757.2,712974.27,620891.69,184165.15999999968,184165.16000000003,-92082.57999999984,-92082.58000000007,0.047522185369705996,0,12,1,0,0,0,0,0
12.027032638557172,167213.49,533536.06,700749.55,3342779.62,3175566.13,334426.98,334426.98000000045,-167213.49,-167213.49000000022,0.31340557673725605,0,22,1,0,0,0,0,0
9.84913537400272,18940.97,267690.43,248749.46,0.0,0.0,0.0,18940.97,18940.97,0.0,0.07075672911904576,1,13,0,0,0,1,0,0
12.63930407656186,308445.62,11189.0,0.0,0.0,675643.4,297256.62,-367197.78,11189.0,675643.4,27.56439857015192,0,15,0,1,0,0,0,0
11.573551969137833,106249.2,77011.0,183260.2,0.0,0.0,212498.40000000002,106249.2,-106249.20000000001,0.0,1.3796447306913209,1,20,1,0,0,0,0,0
12.429640226930918,250105.03,9671893.92,9921998.96,803783.45,553678.42,500210.0700000003,500210.05999999994,-250105.04000000097,-250105.0299999999,0.02585894822769642,0,14,1,0,0,0,0,0
8.911808991378873,7418.07,101.0,0.0,0.0,0.0,7317.07,7418.07,101.0,0.0,72.72617647058823,1,23,0,0,0,1,0,0
12.980001199344589,433652.54,0.0,0.0,812004.22,1245656.76,433652.54,0.0,0.0,433652.54000000004,433652.54,0,12,0,0,0,0,1,0
11.105532249256674,66537.25,159610.0,93072.75,6748392.48,6814929.72,0.0,0.010000000707805157,66537.25,66537.23999999929,0.4168713309233073,0,20,0,1,0,0,0,0
11.22401517189754,74906.94,21430.0,0.0,6452579.67,6527486.61,53476.94,0.0,21430.0,74906.94000000041,3.49526107041202,0,19,0,1,0,0,0,0
12.583397401920028,291674.57,3250687.07,3542361.65,30217099.03,29925424.46,583349.1499999999,583349.1400000006,-291674.5800000001,-291674.5700000003,0.08972702508487689,0,17,1,0,0,0,0,0
9.268782849941703,10600.84,419.0,0.0,0.0,0.0,10181.84,10600.84,419.0,0.0,25.24009523809524,1,20,0,0,0,1,0,0
11.324275727409885,82806.65,20287.53,0.0,11018362.06,11101168.72,62519.119999999995,-0.009999999776482582,20287.53,82806.66000000015,4.081451440789451,0,12,0,1,0,0,0,0
12.185161728307538,195860.24,20814.0,216674.24,716605.69,520745.46,391720.48,391720.4699999999,-195860.24,-195860.22999999992,9.409571943310112,0,16,1,0,0,0,0,0
10.954683408034159,57220.41,20863.0,0.0,0.0,57220.41,36357.41,0.0,20863.0,57220.41,2.742542657208589,0,18,0,0,0,0,1,0
10.266643101915488,28756.19,0.0,0.0,1529052.03,1557808.21,28756.19,0.010000000009313226,0.0,28756.179999999935,28756.19,0,11,0,1,0,0,0,0
4.454928522657548,85.05,25179.0,25093.95,0.0,0.0,0.0,85.05,85.04999999999927,0.0,0.0033776806989674344,1,21,0,0,0,1,0,0
11.980529216812453,159615.48,391.0,160006.48,149454.21,0.0,319230.96,309069.69,-159615.48,-149454.21,407.18234693877554,0,13,1,0,0,0,0,0
7.9796539141318235,2919.92,40223.0,37303.08,0.0,0.0,0.0,2919.92,2919.9199999999983,0.0,0.07259148766905331,1,20,0,0,0,1,0,0
11.358687447995859,85705.8,8015467.53,8101173.34,521036.14,435330.34,171411.6099999994,171411.60000000003,-85705.80999999959,-85705.79999999999,0.01069255024571845,0,20,1,0,0,0,0,0
14.827776266797967,2751827.8,0.0,0.0,50160964.55,52912792.35,2751827.8,-7.450580596923828e-09,0.0,2751827.8000000045,2751827.8,0,14,0,0,0,0,1,0
9.803106286480999,18088.85,117839.0,99750.15,0.0,0.0,0.0,18088.85,18088.850000000006,0.0,0.15350347929395788,1,11,0,0,0,1,0,0
10.72913471900351,45666.16,31014.0,0.0,0.0,45666.16,14652.160000000003,0.0,31014.0,45666.16,1.4723894889569564,0,15,0,1,0,0,0,0
10.036518194806117,22844.7,0.0,0.0,0.0,0.0,22844.7,22844.7,0.0,0.0,22844.7,1,17,0,0,0,1,0,0
6.5233713921850445,679.87,0.0,0.0,0.0,0.0,679.87,679.87,0.0,0.0,679.87,1,11,0,0,0,1,0,0
11.631557651107384,112594.57,10066.0,122660.57,236574.31,123979.74,225189.14,225189.14,-112594.57,-112594.56999999999,11.184520711234729,0,17,1,0,0,0,0,0
12.279639414116804,215267.08,440485.82,225218.74,395970.3,611237.38,-5.820766091346741e-11,0.0,215267.08000000002,215267.08000000002,0.48870265857216794,0,17,0,1,0,0,0,0
11.145340219553935,69239.43,5199803.03,5269042.46,250494.0,166309.88,138478.8599999994,153423.55,-69239.4299999997,-84184.12,0.013315776825535478,0,7,1,0,0,0,0,0
9.740298398488049,16987.61,0.0,0.0,0.0,0.0,16987.61,16987.61,0.0,0.0,16987.61,1,11,0,0,0,1,0,0
11.67683123735669,117809.33,2726100.05,2843909.38,225302.9,107493.56,235618.66000000015,235618.66999999998,-117809.33000000007,-117809.34,0.043215320283156784,0,16,1,0,0,0,0,0
12.556004958939786,283793.3,886090.44,1169883.74,1472490.36,1188697.06,567586.6000000001,567586.6000000001,-283793.30000000005,-283793.30000000005,0.3202754108537602,0,21,1,0,0,0,0,0
9.841406276563973,18795.13,77216.88,58421.75,0.0,0.0,0.0,18795.13,18795.130000000005,0.0,0.2434038593134129,1,14,0,0,0,1,0,0
11.902656031887831,147657.29,9297.0,0.0,0.0,147657.29,138360.29,0.0,9297.0,147657.29,15.880543127554313,0,22,0,1,0,0,0,0
10.228793390622075,27688.08,17826.0,0.0,0.0,0.0,9862.080000000002,27688.08,17826.0,0.0,1.5531542042968531,1,16,0,0,0,1,0,0
10.095428940029537,24230.99,0.0,0.0,0.0,0.0,24230.99,24230.99,0.0,0.0,24230.99,1,19,0,0,0,1,0,0
12.195322519426036,197860.49,11696.0,0.0,58154.07,256014.56,186164.49,0.0,11696.0,197860.49,16.91549029665726,0,20,0,1,0,0,0,0
7.415018565151337,1659.74,5094.0,3434.26,3567348.54,3569008.29,0.0,-0.009999999776482582,1659.7399999999998,1659.75,0.3257585868498528,0,13,0,1,0,0,0,0
13.126161096929978,501901.47,128616.0,0.0,41136.48,543037.96,373285.47,-0.010000000009313226,128616.0,501901.48,3.9022949532332425,0,9,0,1,0,0,0,0
13.128566319320456,503110.11,0.0,0.0,4032280.09,4535390.21,503110.11,-0.009999999776482582,0.0,503110.1200000001,503110.11,0,16,0,1,0,0,0,0
8.969932394406424,7862.07,217726.24,209864.16,0.0,0.0,-0.009999999980209395,7862.07,7862.079999999987,0.0,0.036109721502922645,1,14,0,0,0,1,0,0
6.865734649719525,957.85,186194.0,185236.15,0.0,0.0,0.0,957.85,957.8500000000058,0.0,0.0051443379252933755,1,20,0,0,0,1,0,0
9.683224847596307,16045.16,0.0,0.0,0.0,0.0,16045.16,16045.16,0.0,0.0,16045.16,1,14,0,0,0,1,0,0
8.31719227160429,4092.65,5676.0,1583.35,0.0,0.0,0.0,4092.65,4092.65,0.0,0.7209177382420292,1,14,0,0,0,1,0,0
13.729322460169126,917420.65,0.0,0.0,2232424.53,3149845.17,917420.65,0.009999999776482582,0.0,917420.6400000001,917420.65,0,20,0,0,0,0,1,0
10.528555015985301,37366.44,100.0,37466.44,21585000.02,21547633.58,74732.88,74732.88000000268,-37366.44,-37366.44000000134,369.96475247524756,0,15,1,0,0,0,0,0
9.647070269667314,15475.38,69794.0,54318.62,0.0,0.0,0.0,15475.38,15475.379999999997,0.0,0.22172619815173006,1,16,0,0,0,1,0,0
10.667644768738763,42942.68,29949.0,0.0,0.0,0.0,12993.68,42942.68,29949.0,0.0,1.4338123539232053,1,10,0,0,0,1,0,0
9.663048416167456,15724.65,101727.0,86002.35,0.0,0.0,0.0,15724.65,15724.649999999994,0.0,0.15457543645800567,1,22,0,0,0,1,0,0
9.773149341989166,17554.97,0.0,0.0,0.0,0.0,17554.97,17554.97,0.0,0.0,17554.97,1,16,0,0,0,1,0,0
6.878141075205956,969.82,431965.55,430995.73,0.0,0.0,0.0,969.82,969.820000000007,0.0,0.00224512754517682,1,10,0,0,0,1,0,0
9.299038741859448,10926.51,0.0,0.0,0.0,0.0,10926.51,10926.51,0.0,0.0,10926.51,1,9,0,0,0,1,0,0
7.48735294985517,1784.32,6148.0,4363.68,0.0,0.0,0.0,1784.32,1784.3199999999997,0.0,0.29018051715726134,1,19,0,0,0,1,0,0
8.686981534585321,5924.27,161079.0,155154.73,0.0,0.0,0.0,5924.27,5924.2699999999895,0.0,0.036778433076732064,1,11,0,0,0,1,0,0
13.853737460143288,1038965.95,0.0,0.0,2068069.87,3107035.82,1038965.95,4.656612873077393e-10,0.0,1038965.9499999997,1038965.95,0,23,0,0,0,0,1,0
12.081041933806764,176492.96,209453.0,32960.04,0.0,176492.96,0.0,0.0,176492.96,176492.96,0.8426335138025532,0,12,0,1,0,0,0,0
8.549071631314014,5160.96,67164.96,62004.0,0.0,0.0,0.0,5160.96,5160.960000000006,0.0,0.07683892257327968,1,19,0,0,0,1,0,0
10.776042883373064,47859.36,0.0,0.0,229400.6,277259.96,47859.36,0.0,0.0,47859.360000000015,47859.36,0,17,0,1,0,0,0,0
6.522901294778083,679.55,3289.26,2609.7,0.0,0.0,-0.010000000000218279,679.55,679.5600000000004,0.0,0.20653383015324014,1,19,0,0,0,1,0,0
5.871300554221184,353.71,0.0,0.0,0.0,0.0,353.71,353.71,0.0,0.0,353.71,1,20,0,0,0,1,0,0
7.298844209945794,1477.59,212144.0,210666.41,0.0,0.0,0.0,1477.59,1477.5899999999965,0.0,0.006965000353531782,1,22,0,0,0,1,0,0
10.525124230748812,37238.46,9627756.71,9664995.17,1065719.75,1028481.29,74476.91999999993,74476.91999999993,-37238.45999999903,-37238.45999999996,0.0038678227186088997,0,12,1,0,0,0,0,0
9.955581301474439,21068.49,3459539.96,3480608.45,1138070.85,1117002.37,42136.98000000045,42136.96999999997,-21068.490000000224,-21068.47999999998,0.006089966918616857,0,12,1,0,0,0,0,0
9.11351774900609,9076.17,40270.0,31193.83,0.0,0.0,0.0,9076.17,9076.169999999998,0.0,0.2253773186660376,1,9,0,0,0,1,0,0
12.822251736929154,370366.76,13895.0,384261.76,1215481.4,926900.06,740733.52,658948.0999999999,-370366.76,-288581.33999999985,26.65276050662061,0,11,1,0,0,0,0,0
12.098352347775386,179574.74,201152.0,21577.26,905502.26,1085077.01,0.0,-0.010000000009313226,179574.74,179574.75,0.8927271281064662,0,10,0,1,0,0,0,0
8.624291795722495,5564.22,67075.0,61510.78,0.0,5564.22,0.0,0.0,5564.220000000001,5564.22,0.08295396266921105,0,16,0,1,0,0,0,0
11.428098899540709,91866.16,30952.0,0.0,0.0,91866.16,60914.16,0.0,30952.0,91866.16,2.9679242722837853,0,20,0,1,0,0,0,0
12.31193724911433,222333.27,0.0,0.0,428863.22,651196.48,222333.27,0.010000000009313226,0.0,222333.26,222333.27,0,16,0,1,0,0,0,0
9.172697693071663,9629.57,32883.0,23253.43,0.0,0.0,0.0,9629.57,9629.57,0.0,0.2928345091837976,1,18,0,0,0,1,0,0
11.716537022763635,122581.19,0.0,0.0,193946.21,316527.4,122581.19,0.0,0.0,122581.19000000003,122581.19,0,12,0,1,0,0,0,0
10.795956587462761,48821.99,0.0,0.0,230041.73,278863.72,48821.99,5.820766091346741e-11,0.0,48821.98999999996,48821.99,0,20,0,1,0,0,0,0
12.800264337714463,362312.21,0.0,0.0,711245.73,1073557.94,362312.21,0.0,0.0,362312.20999999996,362312.21,0,10,0,0,0,0,1,0
10.911367185200168,54794.71,10037688.34,10092483.05,232852.92,178058.21,109589.42000000179,109589.42000000001,-54794.710000000894,-54794.71000000002,0.005458896778329663,0,19,1,0,0,0,0,0
10.371045380747464,31920.83,420458.43,388537.6,0.0,0.0,0.0,31920.83,31920.830000000016,0.0,0.07591892991911253,1,12,0,0,0,1,0,0
9.48477229766584,13156.83,28859.24,15702.41,0.0,0.0,-3.637978807091713e-12,13156.83,13156.830000000002,0.0,0.45588082427588955,1,21,0,0,0,1,0,0
12.458908893034355,257533.48,18642.0,276175.48,786915.12,529381.63,515066.95999999996,515066.97,-257533.47999999998,-257533.49,13.813950544440273,0,12,1,0,0,0,0,0
10.150916218790671,25613.56,72979.0,98592.56,0.0,0.0,51227.119999999995,25613.56,-25613.559999999998,0.0,0.3509668402302001,1,9,1,0,0,0,0,0
11.588136642654604,107810.18,0.0,0.0,352478.17,757120.35,107810.18,-296832.0,0.0,404642.18,107810.18,0,13,0,0,0,0,1,0
11.587007086776783,107688.47,0.0,0.0,208480.05,316168.52,107688.47,0.0,0.0,107688.47000000003,107688.47,0,18,0,1,0,0,0,0
9.638762603844956,15347.34,51332.0,35984.66,0.0,0.0,0.0,15347.34,15347.339999999997,0.0,0.2989760972473847,1,11,0,0,0,1,0,0
3.85248529271195,46.11,231513.39,231467.28,0.0,0.0,-2.9103830456733704e-11,46.11,46.110000000015134,0.0,0.00019916688547955917,1,10,0,0,0,1,0,0
9.727204328262497,16766.61,0.0,0.0,0.0,0.0,16766.61,16766.61,0.0,0.0,16766.61,1,8,0,0,0,1,0,0
8.345605025140824,4210.63,0.0,0.0,0.0,0.0,4210.63,4210.63,0.0,0.0,4210.63,1,18,0,0,0,1,0,0
9.20370943583161,9932.91,100204.0,90271.09,0.0,0.0,0.0,9932.91,9932.910000000003,0.0,0.0991258919215608,1,20,0,0,0,1,0,0
6.547230075153819,696.31,30300.0,29603.69,0.0,0.0,0.0,696.31,696.3100000000013,0.0,0.022979769644566186,1,18,0,0,0,1,0,0
9.268375290462567,10596.52,0.0,0.0,0.0,0.0,10596.52,10596.52,0.0,0.0,10596.52,1,13,0,0,0,1,0,0
12.380281340207501,238059.79,93841.96,331901.75,269411.84,31352.04,476119.58,476119.59,-238059.78999999998,-238059.80000000002,2.5367890143277663,0,21,1,0,0,0,0,0
13.113757876062449,495714.71,0.0,0.0,1237521.5,1733236.21,495714.71,0.0,0.0,495714.70999999996,495714.71,0,18,0,0,0,0,1,0
9.569002440274907,14313.13,117956.0,103642.87,0.0,0.0,0.0,14313.13,14313.130000000005,0.0,0.12134192968624159,1,9,0,0,0,1,0,0
7.468450484137124,1750.89,142952.98,141202.08,5357315.69,5242099.0,-0.010000000009313226,116967.58000000007,1750.9000000000233,-115216.69000000041,0.012247927619783654,0,18,0,1,0,0,0,0
10.115866977955791,24731.34,248194.89,223463.55,0.0,0.0,-2.9103830456733704e-11,24731.34,24731.340000000026,0.0,0.09964443810894692,1,10,0,0,0,1,0,0
10.933747121918994,56034.86,5544726.47,5600761.33,884390.48,828355.62,112069.72000000067,112069.71999999997,-56034.860000000335,-56034.859999999986,0.010105971899102194,0,13,1,0,0,0,0,0
12.762031354496623,348721.36,1343928.49,1692649.85,537527.65,188806.29,697442.72,697442.72,-348721.3600000001,-348721.36,0.25947891060862127,0,15,1,0,0,0,0,0
12.109928858371765,181665.68,204168.0,385833.68,0.0,0.0,363331.36,181665.68,-181665.68,0.0,0.8897809167895224,1,10,1,0,0,0,0,0
11.417646294685104,90910.91,4161266.69,4252177.59,550094.5,459183.6,181821.81000000006,181821.81000000006,-90910.8999999999,-90910.90000000002,0.021846926651334947,0,11,1,0,0,0,0,0
12.47851232822891,262631.85,42005.0,0.0,7304955.76,7567587.62,220626.84999999998,-0.010000000707805157,42005.0,262631.86000000034,6.2522461076989,0,17,0,1,0,0,0,0
12.847188180240835,379718.53,210.0,0.0,24191.0,114293.88,379508.53,289615.65,210.0,90102.88,1799.6138862559244,0,14,0,1,0,0,0,0
13.579553120859154,789813.29,253.0,0.0,0.0,789813.29,789560.29,0.0,253.0,789813.29,3109.5011417322835,0,12,0,0,0,0,1,0
9.938397545563863,20709.53,59051.36,38341.83,3428937.08,3449646.61,0.0,0.0,20709.53,20709.529999999795,0.3506977536545533,0,20,0,1,0,0,0,0
7.877886259001696,2637.29,206631.76,203994.46,0.0,0.0,-0.010000000009313226,2637.29,2637.3000000000175,0.0,0.012763174629231105,1,11,0,0,0,1,0,0
8.135906417338429,3413.91,12023.0,8609.09,0.0,0.0,0.0,3413.91,3413.91,0.0,0.2839246506986028,1,20,0,0,0,1,0,0
10.835353163832062,50783.84,25802.0,0.0,0.0,0.0,24981.839999999997,50783.84,25802.0,0.0,1.9681370383288763,1,9,0,0,0,1,0,0
9.120760244023506,9142.15,150306.0,141163.85,0.0,0.0,0.0,9142.15,9142.149999999994,0.0,0.06082318188773643,1,20,0,0,0,1,0,0
11.928600078263784,151538.27,0.0,0.0,1673051.44,1824589.71,151538.27,0.0,0.0,151538.27000000002,151538.27,0,20,0,1,0,0,0,0
11.88806331565078,145518.2,1244541.77,1390059.96,148581.9,3063.7,291036.3899999999,291036.39999999997,-145518.18999999994,-145518.19999999998,0.11692502942265295,0,14,1,0,0,0,0,0
10.536544968218161,37666.2,3312186.83,3349853.02,531207.2,773349.79,75332.39000000013,-204476.39000000013,-37666.189999999944,242142.59000000008,0.011371999999166714,0,18,1,0,0,0,0,0
11.956707672967946,155858.1,20945.0,0.0,431413.81,587271.9,134913.1,0.010000000009313226,20945.0,155858.09000000003,7.440948152391865,0,19,0,1,0,0,0,0
12.373934200255471,236553.57,0.0,0.0,323597.97,560151.54,236553.57,0.0,0.0,236553.57000000007,236553.57,0,20,0,1,0,0,0,0
12.224426773276834,203703.72,35380.0,239083.72,135141.88,0.0,407407.44,338845.6,-203703.72,-135141.88,5.757432520279246,0,12,1,0,0,0,0,0
12.354919283765526,232098.0,3086959.3,3319057.3,2365160.23,2133062.23,464196.0,464196.0,-232098.0,-232098.0,0.07518658403219504,0,21,1,0,0,0,0,0
9.527606489069363,13732.68,11980.0,0.0,0.0,0.0,1752.6800000000003,13732.68,11980.0,0.0,1.14620482430515,1,14,0,0,0,1,0,0
10.47090568004515,35273.15,0.0,0.0,0.0,0.0,35273.15,35273.15,0.0,0.0,35273.15,1,9,0,0,0,1,0,0
5.884185525627525,358.31,26143.81,25785.5,0.0,0.0,0.0,358.31,358.3100000000013,0.0,0.013704823251727588,1,13,0,0,0,1,0,0
12.872978360896584,389638.94,1329912.42,1719551.35,1213547.85,823908.91,779277.8700000001,779277.88,-389638.93000000017,-389638.94000000006,0.29298068140405714,0,18,1,0,0,0,0,0
7.070579661824289,1175.83,0.0,0.0,0.0,0.0,1175.83,1175.83,0.0,0.0,1175.83,1,22,0,0,0,1,0,0
11.874612895382503,143574.01,95148.0,0.0,31894.04,175468.05,48426.01000000001,2.9103830456733704e-11,95148.0,143574.00999999998,1.5089387171699125,0,19,0,1,0,0,0,0
9.194351224115481,9840.38,51201.0,41360.62,0.0,152459.5,0.0,-142619.12,9840.379999999997,152459.5,0.19218741455411897,0,13,0,1,0,0,0,0
9.832386209785072,18626.35,0.0,0.0,0.0,0.0,18626.35,18626.35,0.0,0.0,18626.35,1,19,0,0,0,1,0,0
8.9870605613791,7997.91,0.0,0.0,0.0,0.0,7997.91,7997.91,0.0,0.0,7997.91,1,19,0,0,0,1,0,0
10.928485055106584,55740.77,0.0,0.0,0.0,0.0,55740.77,55740.77,0.0,0.0,55740.77,1,17,0,0,0,1,0,0
11.920326897192277,150289.73,170985.65,20695.92,181202.36,331492.09,2.9103830456733704e-11,-5.820766091346741e-11,150289.72999999998,150289.73000000004,0.8789559301851929,0,20,0,1,0,0,0,0
12.703540834651074,328909.46,0.0,0.0,4835205.45,5164114.91,328909.46,0.0,0.0,328909.45999999996,328909.46,0,23,0,1,0,0,0,0
11.084311118906104,65140.11,247858.04,312998.15,416391.74,351251.63,130280.22,130280.21999999997,-65140.110000000015,-65140.109999999986,0.26281111231609705,0,11,1,0,0,0,0,0
13.566461731268795,779540.91,602320.84,0.0,886441.81,1665982.71,177220.07000000007,0.01000000024214387,602320.84,779540.8999999999,1.2942265384233786,0,20,0,0,0,0,1,0
12.431232323095319,250503.54,2225155.35,2475658.89,719449.53,468945.99,501007.0800000001,501007.0800000001,-250503.54000000004,-250503.54000000004,0.11257794985956829,0,20,1,0,0,0,0,0
9.232685841937226,10224.97,469690.0,459465.03,0.0,0.0,0.0,10224.97,10224.969999999972,0.0,0.021769567651924348,1,16,0,0,0,1,0,0
12.586449867937842,292566.26,24501.0,317067.26,0.0,0.0,585132.52,292566.26,-292566.26,0.0,11.940505264876338,1,20,1,0,0,0,0,0
8.808857822941395,6692.27,30253.0,23560.73,0.0,0.0,0.0,6692.27,6692.27,0.0,0.2212028161565413,1,23,0,0,0,1,0,0
9.328019402224191,11247.83,338974.17,327726.34,0.0,0.0,5.820766091346741e-11,11247.83,11247.829999999958,0.0,0.03318186992870304,1,14,0,0,0,1,0,0
12.19803286291685,198397.49,0.0,0.0,1622195.69,1820593.17,198397.49,0.010000000009313226,0.0,198397.47999999998,198397.49,0,11,0,1,0,0,0,0
11.413200594744344,90507.64,0.0,0.0,113246.33,203753.96,90507.64,0.010000000009313226,0.0,90507.62999999999,90507.64,0,15,0,1,0,0,0,0
8.98576579723619,7987.56,0.0,0.0,0.0,0.0,7987.56,7987.56,0.0,0.0,7987.56,1,15,0,0,0,1,0,0
9.67529314208136,15918.39,14689.0,0.0,0.0,0.0,1229.3899999999994,15918.39,14689.0,0.0,1.0836208304969366,1,10,0,0,0,1,0,0
10.742383069034158,46275.2,5532091.96,5578367.16,328763.28,282488.08,92550.40000000037,92550.40000000002,-46275.200000000186,-46275.20000000001,0.008364863051758984,0,18,1,0,0,0,0,0
8.548356530941785,5157.27,30254.0,25096.73,0.0,0.0,0.0,5157.27,5157.27,0.0,0.1704600892414477,1,13,0,0,0,1,0,0
7.560528281403768,1919.86,7621.0,5701.14,0.0,0.0,0.0,1919.86,1919.8599999999997,0.0,0.25188401994227233,1,21,0,0,0,1,0,0
9.058395923296876,8589.36,106886.32,98296.96,0.0,0.0,0.0,8589.36,8589.36,0.0,0.08035901732778032,1,20,0,0,0,1,0,0
11.937580725268282,152905.32,0.0,0.0,304554.03,457459.35,152905.32,5.820766091346741e-11,0.0,152905.31999999995,152905.32,0,20,0,1,0,0,0,0
9.232911711867418,10227.28,12469.0,2241.72,0.0,0.0,0.0,10227.28,10227.28,0.0,0.8201507618283882,1,12,0,0,0,1,0,0
13.01426854914085,448770.24,0.0,0.0,1078666.64,1731052.49,448770.24,-203615.6100000001,0.0,652385.8500000001,448770.24,0,19,0,1,0,0,0,0
6.881205943748601,972.8,62097.0,61124.2,0.0,0.0,0.0,972.8,972.8000000000029,0.0,0.01566556088762923,1,20,0,0,0,1,0,0
8.139084461994418,3424.78,0.0,0.0,0.0,0.0,3424.78,3424.78,0.0,0.0,3424.78,1,19,0,0,0,1,0,0
12.990295576064508,438139.79,438139.79,0.0,0.0,0.0,0.0,438139.79,438139.79,0.0,0.9999977176286189,1,21,0,0,0,0,1,1
8.044048634617935,3114.2,0.0,0.0,0.0,0.0,3114.2,3114.2,0.0,0.0,3114.2,1,15,0,0,0,1,0,0
12.295280699723493,218660.62,9976.0,0.0,961399.61,1180060.23,208684.62,0.0,9976.0,218660.62,21.916469880725668,0,16,0,1,0,0,0,0
12.998870571992864,441913.0,0.0,0.0,2039744.51,2431023.5,441913.0,50634.00999999978,0.0,391278.99,441913.0,0,11,0,1,0,0,0,0
12.52268628471748,274493.44,661.0,0.0,820863.42,1095356.86,273832.44,0.0,661.0,274493.44000000006,414.6426586102719,0,16,0,1,0,0,0,0
12.239987480450965,206898.3,2466.0,0.0,392925.18,504354.49,204432.3,95468.98999999999,2466.0,111429.31,83.86635589785163,0,9,0,1,0,0,0,0
9.20760563599215,9971.69,240961.68,250933.37,873709.88,863738.19,19943.380000000005,19943.380000000005,-9971.690000000002,-9971.69000000006,0.04138271536488555,0,18,1,0,0,0,0,0
11.9584144892188,156124.35,23406127.97,23562252.32,585293.55,429169.2,312248.700000003,312248.7,-156124.3500000015,-156124.35000000003,0.006670233689650563,0,15,1,0,0,0,0,0
12.558770390889512,284579.2,114769.0,0.0,0.0,109993.41,169810.2,174585.79,114769.0,109993.41,2.479560860852139,0,20,0,0,0,0,1,0
10.526915347761836,37305.22,0.0,0.0,0.0,0.0,37305.22,37305.22,0.0,0.0,37305.22,1,9,0,0,0,1,0,0
10.715018033002263,45026.02,0.0,0.0,57813711.78,57858737.8,45026.02,7.450580596923828e-09,0.0,45026.01999999583,45026.02,0,18,0,1,0,0,0,0
9.01186260362414,8198.78,0.0,0.0,0.0,0.0,8198.78,8198.78,0.0,0.0,8198.78,1,9,0,0,0,1,0,0
9.526792100424045,13721.5,497784.52,484063.03,0.0,0.0,0.010000000009313226,13721.5,13721.48999999999,0.0,0.02756508465734399,1,13,0,0,0,1,0,0
13.241989708702535,563536.81,0.0,0.0,2034217.62,2597754.43,563536.81,0.0,0.0,563536.81,563536.81,0,14,0,1,0,0,0,0
9.907499991923908,20079.41,0.0,0.0,0.0,0.0,20079.41,20079.41,0.0,0.0,20079.41,1,19,0,0,0,1,0,0
12.102928893258065,180398.46,375363.67,194965.21,4508770.27,4689168.73,0.0,-9.313225746154785e-10,180398.46,180398.4600000009,0.4805952035922827,0,10,0,1,0,0,0,0
8.97457499955427,7898.66,11479.0,3580.34,83187.23,91085.89,0.0,0.0,7898.66,7898.6600000000035,0.6880365853658537,0,12,0,1,0,0,0,0
12.140454448418872,187296.67,25297.0,0.0,66144.99,253441.66,161999.67,2.9103830456733704e-11,25297.0,187296.66999999998,7.403615700845918,0,12,0,1,0,0,0,0
8.133563936316893,3405.92,2269.0,0.0,0.0,0.0,1136.92,3405.92,2269.0,0.0,1.5004052863436124,1,20,0,0,0,1,0,0
11.195254315055129,72783.21,1834910.85,1907694.06,597456.58,524673.37,145566.41999999993,145566.41999999993,-72783.20999999996,-72783.20999999996,0.039665780129982814,0,19,1,0,0,0,0,0
9.886472107436484,19661.57,13383.77,0.0,0.0,0.0,6277.799999999999,19661.57,13383.77,0.0,1.4689509046475957,1,11,0,0,0,1,0,0
10.050848376230093,23174.44,0.0,0.0,0.0,0.0,23174.44,23174.44,0.0,0.0,23174.44,1,13,0,0,0,1,0,0
10.396198287972947,32733.94,106734.0,74000.06,823444.72,856178.65,0.0,0.009999999892897904,32733.940000000002,32733.93000000005,0.30668421792289313,0,16,0,1,0,0,0,0
11.557877033052259,104596.72,976.0,105572.72,0.0,0.0,209193.44,104596.72,-104596.72,0.0,107.05907881269192,1,19,1,0,0,0,0,0
12.612856916493627,300395.01,21156.0,0.0,139018.54,2794.81,279239.01,436618.74000000005,21156.0,-136223.73,14.198374533251407,0,14,0,1,0,0,0,0
10.160258511285253,25853.98,11814401.36,11840255.35,3751375.7,3725521.72,51707.97000000067,51707.95999999996,-25853.990000000224,-25853.97999999998,0.002188344294717249,0,21,1,0,0,0,0,0
12.992517208849607,439114.26,0.0,0.0,1915588.46,2756975.83,439114.26,-402273.11000000034,0.0,841387.3700000001,439114.26,0,13,0,1,0,0,0,0
12.122046589849488,183880.46,0.0,0.0,1007611.18,1191491.64,183880.46,2.3283064365386963e-10,0.0,183880.45999999985,183880.46,0,20,0,1,0,0,0,0
11.37286744876954,86929.78,9665294.45,9752224.23,587429.27,500499.49,173859.56000000052,173859.56000000006,-86929.78000000119,-86929.78000000003,0.00899401166262331,0,9,1,0,0,0,0,0
11.069903806221896,64208.33,200526.07,136317.74,0.0,0.0,0.0,64208.33,64208.330000000016,0.0,0.3201978166838023,1,21,0,0,0,1,0,0
12.904967402084848,402304.65,51760.0,454064.65,5109.0,0.0,804609.3,407413.65,-402304.65,-5109.0,7.7723508046598795,0,18,1,0,0,0,0,0
11.388949417139916,88339.1,6736042.05,6824381.15,691974.37,603635.27,176678.2000000002,176678.19999999995,-88339.10000000056,-88339.09999999998,0.013114390651051437,0,23,1,0,0,0,0,0
12.94680917433051,419494.96,9660108.95,10079603.91,627511.4,208016.43,838989.9200000018,838989.9300000002,-419494.9600000009,-419494.97000000003,0.04342548502773512,0,13,1,0,0,0,0,0
13.82674726899636,1011299.08,0.0,0.0,1068189.79,2079488.86,1011299.08,0.010000000009313226,0.0,1011299.0700000001,1011299.08,0,11,0,0,0,0,1,0
6.916358167789405,1007.64,0.0,0.0,0.0,0.0,1007.64,1007.64,0.0,0.0,1007.64,1,10,0,0,0,1,0,0
12.624870739695293,304025.68,967.0,304992.68,1008642.41,704616.74,608051.36,608051.3500000001,-304025.68,-304025.67000000004,314.07611570247934,0,17,1,0,0,0,0,0
9.18302158901711,9729.51,81755.0,72025.49,0.0,0.0,0.0,9729.51,9729.509999999995,0.0,0.11900667840892412,1,19,0,0,0,1,0,0
12.019222811547175,165912.66,7044.0,172956.66,193375.39,27462.72,331825.32,331825.3300000001,-165912.66,-165912.67,23.550413058907026,0,13,1,0,0,0,0,0
11.360568142782116,85867.14,2546509.75,2632376.9,2493077.99,2407210.84,171734.29000000004,171734.2900000005,-85867.1499999999,-85867.15000000037,0.03371952778915228,0,22,1,0,0,0,0,0
10.944583539800762,56645.39,0.0,0.0,170509.56,227154.95,56645.39,0.0,0.0,56645.390000000014,56645.39,0,18,0,1,0,0,0,0
10.02300730145484,22538.11,9834712.47,9857250.59,25652.81,3114.7,45076.229999998584,45076.22,-22538.11999999918,-22538.11,0.002291689541210396,0,19,1,0,0,0,0,0
12.726869342508465,336672.65,16237.0,0.0,1444710.9,1781383.56,320435.65,-0.01000000024214387,16237.0,336672.66000000015,20.733627909841115,0,16,0,1,0,0,0,0
11.609863410154459,110178.2,46124.92,0.0,2340811.75,2450989.95,64053.28,0.0,46124.92,110178.20000000019,2.3886396195458,0,20,0,1,0,0,0,0
12.297776420977929,219207.02,104383.54,0.0,893488.0,1405469.83,114823.48,-292774.81000000006,104383.54,511981.8300000001,2.0999950758991703,0,11,0,1,0,0,0,0
8.758033625089375,6360.59,11027.0,4666.41,0.0,0.0,0.0,6360.59,6360.59,0.0,0.5767673195502357,1,14,0,0,0,1,0,0
14.71215906623689,2451372.57,0.0,0.0,2866724.72,5318097.3,2451372.57,-0.009999999776482582,0.0,2451372.5799999996,2451372.57,0,18,0,0,0,0,1,0
12.78512850204811,356869.59,0.0,0.0,2003930.47,2360800.05,356869.59,0.01000000024214387,0.0,356869.57999999984,356869.59,0,11,0,1,0,0,0,0
12.721270457336981,334792.92,0.0,0.0,925978.51,1112559.36,334792.92,148212.06999999983,0.0,186580.8500000001,334792.92,0,13,0,1,0,0,0,0
9.85007622723017,18958.8,0.0,0.0,0.0,0.0,18958.8,18958.8,0.0,0.0,18958.8,1,10,0,0,0,1,0,0
10.419192950812473,33495.39,5310529.42,5344024.81,1773816.13,1740320.74,66990.77999999933,66990.7799999998,-33495.389999999665,-33495.3899999999,0.0063073530044857554,0,15,1,0,0,0,0,0
11.350826447297141,85034.7,41728.0,0.0,26029.27,111063.97,43306.7,0.0,41728.0,85034.7,2.0377842747250114,0,15,0,1,0,0,0,0
11.930643794796188,151848.29,0.0,0.0,678410.67,830258.96,151848.29,1.1641532182693481e-10,0.0,151848.28999999992,151848.29,0,22,0,1,0,0,0,0
12.59574527294544,295298.47,0.0,0.0,836398.4,1131696.87,295298.47,0.0,0.0,295298.4700000001,295298.47,0,20,0,1,0,0,0,0
10.08937150645187,24084.65,14302345.25,14326429.91,8115606.55,8091521.89,48169.31000000052,48169.31000000052,-24084.66000000015,-24084.66000000015,0.001683964964839248,0,13,1,0,0,0,0,0
11.2189438587218,74528.02,0.0,0.0,617447.78,691975.8,74528.02,0.0,0.0,74528.02000000002,74528.02,0,17,0,1,0,0,0,0
11.986405544354533,160556.2,994.0,0.0,0.0,160556.2,159562.2,0.0,994.0,160556.2,161.3630150753769,0,14,0,1,0,0,0,0
5.990939409247229,398.79,0.0,0.0,0.0,0.0,398.79,398.79,0.0,0.0,398.79,1,20,0,0,0,1,0,0
8.362691449974061,4283.21,24047.0,19763.79,0.0,0.0,0.0,4283.21,4283.209999999999,0.0,0.1781108616101131,1,23,0,0,0,1,0,0
9.087267243419705,8840.99,0.0,0.0,0.0,0.0,8840.99,8840.99,0.0,0.0,8840.99,1,16,0,0,0,1,0,0
12.61962734448709,302435.72,122779.0,425214.72,1046114.99,743679.26,604871.44,604871.45,-302435.72,-302435.73,2.4632327740674373,0,11,1,0,0,0,0,0
13.13173879054873,504708.75,0.0,0.0,779241.25,1283950.0,504708.75,0.0,0.0,504708.75,504708.75,0,11,0,0,0,0,1,0
8.973625140631878,7891.16,85849.46,77958.3,0.0,0.0,0.0,7891.16,7891.1600000000035,0.0,0.09191750399473689,1,17,0,0,0,1,0,0
13.826670315581804,1011221.26,0.0,0.0,4378382.14,5389603.4,1011221.26,-9.313225746154785e-10,0.0,1011221.2600000007,1011221.26,0,22,0,0,0,0,1,0
12.188110182093473,196438.58,5447775.82,5644214.4,1995657.26,1799218.68,392877.16000000015,392877.1599999999,-196438.58000000007,-196438.58000000007,0.03605848522994376,0,16,1,0,0,0,0,0
6.74145273002707,845.79,717.0,0.0,0.0,0.0,128.78999999999996,845.79,717.0,0.0,1.1779805013927576,1,14,0,0,0,1,0,0
12.33287180242444,227036.8,0.0,0.0,3398983.24,3626020.03,227036.8,0.01000000024214387,0.0,227036.78999999957,227036.8,0,11,0,1,0,0,0,0
14.682668090239071,2380134.77,2044.0,0.0,0.0,2380134.77,2378090.77,0.0,2044.0,2380134.77,1163.8800831295844,0,10,0,0,0,0,1,0
9.348373864921149,11479.14,424857.13,413377.99,0.0,0.0,0.0,11479.14,11479.140000000014,0.0,0.02701876035654537,1,9,0,0,0,1,0,0
9.65859737307994,15654.81,77181.96,61527.15,0.0,0.0,0.0,15654.81,15654.810000000005,0.0,0.20282728208402473,1,12,0,0,0,1,0,0
10.082812122849193,23927.18,11065.0,0.0,0.0,0.0,12862.18,23927.18,11065.0,0.0,2.1622248328212543,1,9,0,0,0,1,0,0
14.613271739609367,2220562.92,41051.0,0.0,1502291.43,3722854.35,2179511.92,-4.656612873077393e-10,41051.0,2220562.92,54.091467407190876,0,10,0,0,0,0,1,0
9.241617115187472,10316.71,54241.0,43924.29,18587.79,28904.5,0.0,0.0,10316.71,10316.71,0.19019781718963163,0,11,0,1,0,0,0,0
9.67177867330923,15862.54,0.0,0.0,0.0,0.0,15862.54,15862.54,0.0,0.0,15862.54,1,12,0,0,0,1,0,0
6.944646357565886,1036.58,181.0,0.0,0.0,0.0,855.5799999999999,1036.58,181.0,0.0,5.695494505494505,1,12,0,0,0,1,0,0
11.468846296613911,95686.82,106426.0,202112.82,31072.0,769116.95,191373.64,-642358.1299999999,-95686.82,738044.95,0.8990840670130701,0,12,1,0,0,0,0,0
9.389744343420881,11964.04,0.0,0.0,0.0,0.0,11964.04,11964.04,0.0,0.0,11964.04,1,17,0,0,0,1,0,0
12.049959975591783,171091.56,0.0,0.0,649977.99,821069.54,171091.56,0.010000000009313226,0.0,171091.55000000005,171091.56,0,13,0,0,0,0,1,0
11.378737170918914,87441.54,11780.0,99221.54,0.0,0.0,174883.08,87441.54,-87441.54,0.0,7.422251082251082,1,15,1,0,0,0,0,0
12.388334075516548,239984.57,0.0,0.0,2493035.95,2733020.52,239984.57,0.0,0.0,239984.56999999983,239984.57,0,16,0,1,0,0,0,0
8.804658240320112,6664.22,89040.82,82376.59,0.0,0.0,-0.010000000009313226,6664.22,6664.2300000000105,0.0,0.07484370827101243,1,15,0,0,0,1,0,0
12.351112115486615,231216.04,7650382.9,7881598.94,2070399.18,1908898.5,462432.0800000001,392716.71999999974,-231216.04000000004,-161500.67999999993,0.030222802283163853,0,15,1,0,0,0,0,0
9.863814377037196,19221.07,0.0,0.0,0.0,0.0,19221.07,19221.07,0.0,0.0,19221.07,1,12,0,0,0,1,0,0
9.31736170770852,11128.58,130539.89,119411.31,0.0,0.0,0.0,11128.58,11128.580000000002,0.0,0.0852497635032211,1,16,0,0,0,1,0,0
12.063859792124829,173486.32,387201.63,560687.95,2193118.83,2019632.51,346972.64,346972.6399999999,-173486.31999999995,-173486.32000000007,0.4480504690786837,0,15,1,0,0,0,0,0
7.823669940150568,2498.06,0.0,0.0,0.0,0.0,2498.06,2498.06,0.0,0.0,2498.06,1,17,0,0,0,1,0,0
12.031552696895753,167971.02,36969.0,0.0,1286342.22,1454313.24,131002.01999999999,0.0,36969.0,167971.02000000002,4.543441168515012,0,21,0,1,0,0,0,0
8.742230947591144,6260.85,878534.38,872273.53,0.0,0.0,0.0,6260.85,6260.849999999977,0.0,0.007126463136863083,1,15,0,0,0,1,0,0
7.974006208579107,2903.47,0.0,0.0,0.0,0.0,2903.47,2903.47,0.0,0.0,2903.47,1,11,0,0,0,1,0,0
12.199658619573809,198720.3,0.0,0.0,737056.82,935777.11,198720.3,0.009999999892897904,0.0,198720.29000000004,198720.3,0,14,0,1,0,0,0,0
10.760128275004842,47103.71,41840.0,0.0,0.0,0.0,5263.709999999999,47103.71,41840.0,0.0,1.1257787815778781,1,11,0,0,0,1,0,0
11.335312963152344,83725.68,0.0,0.0,1320443.66,1404169.34,83725.68,-2.3283064365386963e-10,0.0,83725.68000000017,83725.68,0,18,0,1,0,0,0,0
8.032425101969537,3078.2,69.0,0.0,0.0,0.0,3009.2,3078.2,69.0,0.0,43.97428571428571,1,19,0,0,0,1,0,0
9.318060501554156,11136.36,110525.0,99388.64,0.0,0.0,0.0,11136.36,11136.36,0.0,0.10075783073665925,1,9,0,0,0,1,0,0
10.890626420495737,53669.91,124311.0,70641.09,71200.68,124870.59,0.0,0.0,53669.91,53669.91,0.43173555248085466,0,9,0,1,0,0,0,0
11.871680444135015,143153.6,10554.0,153707.6,0.0,0.0,286307.2,143153.6,-143153.6,0.0,13.562633822832781,1,16,1,0,0,0,0,0
10.245299081163658,28148.9,0.0,0.0,0.0,0.0,28148.9,28148.9,0.0,0.0,28148.9,1,23,0,0,0,1,0,0
12.220860563299208,202978.56,0.0,0.0,617518.99,820497.55,202978.56,0.0,0.0,202978.56000000006,202978.56,0,16,0,1,0,0,0,0
12.894501863989285,398116.26,0.0,0.0,2115007.94,2513124.2,398116.26,0.0,0.0,398116.26000000024,398116.26,0,17,0,1,0,0,0,0
12.620520553878409,302705.98,677.0,0.0,459461.07,683834.19,302028.98,78332.8600000001,677.0,224373.11999999994,446.4689970501475,0,17,0,0,0,0,1,0
12.194775067547013,197752.2,343094.62,540846.83,1784687.77,1586935.57,395504.41000000003,395504.3999999999,-197752.20999999996,-197752.19999999995,0.5763763466289661,0,18,1,0,0,0,0,0
11.385118343115819,88001.31,0.0,0.0,916645.13,1004646.45,88001.31,-0.010000000009313226,0.0,88001.31999999995,88001.31,0,11,0,1,0,0,0,0
12.45108269289749,255525.83,0.0,0.0,280037.33,535563.15,255525.83,0.010000000009313226,0.0,255525.82,255525.83,0,14,0,1,0,0,0,0
12.367771040981944,235100.13,0.0,0.0,5115179.07,5350279.2,235100.13,0.0,0.0,235100.1299999999,235100.13,0,18,0,1,0,0,0,0
12.70350091417521,328896.33,0.0,0.0,1032327.02,1361223.34,328896.33,0.010000000009313226,0.0,328896.32000000007,328896.33,0,13,0,1,0,0,0,0
8.585485284081726,5352.39,0.0,0.0,0.0,0.0,5352.39,5352.39,0.0,0.0,5352.39,1,16,0,0,0,1,0,0
6.933403532363332,1024.98,25554.0,24529.02,0.0,0.0,0.0,1024.98,1024.9799999999996,0.0,0.04010878497358638,1,21,0,0,0,1,0,0
11.863886586069476,142042.21,0.0,0.0,439829.16,581871.37,142042.21,0.0,0.0,142042.21000000002,142042.21,0,18,0,1,0,0,0,0
9.34342003758742,11422.41,43040.99,31618.58,0.0,0.0,7.275957614183426e-12,11422.41,11422.409999999996,0.0,0.2653782968677796,1,21,0,0,0,1,0,0
11.380513331455758,87596.99,2001.0,0.0,1153499.85,1241096.84,85595.99,0.0,2001.0,87596.98999999999,43.75474025974026,0,13,0,1,0,0,0,0
12.791335433688747,359091.55,54156.0,413247.55,436653.61,77562.05,718183.1,718183.1099999999,-359091.55,-359091.56,6.6305657625053085,0,13,1,0,0,0,0,0
8.60829817814062,5475.92,0.0,0.0,0.0,0.0,5475.92,5475.92,0.0,0.0,5475.92,1,14,0,0,0,1,0,0
12.962776287039402,426246.86,0.0,0.0,1188683.97,1614930.83,426246.86,0.0,0.0,426246.8600000001,426246.86,0,21,0,1,0,0,0,0
12.202160352482258,199218.07,30616.0,0.0,10292.71,209510.79,168602.07,-0.010000000009313226,30616.0,199218.08000000002,6.506779566907274,0,14,0,1,0,0,0,0
9.19504803799788,9847.24,0.0,0.0,0.0,0.0,9847.24,9847.24,0.0,0.0,9847.24,1,20,0,0,0,1,0,0
10.395335534611714,32705.71,9025.0,0.0,0.0,0.0,23680.71,32705.71,9025.0,0.0,3.6234998892089516,1,18,0,0,0,1,0,0
10.499438575954004,36294.12,80564.28,44270.16,105502.0,226344.55,0.0,-84548.43,36294.119999999995,120842.54999999999,0.45049331424156913,0,13,0,1,0,0,0,0
10.084569174261551,23969.26,257704.13,233734.86,0.0,0.0,-0.010000000009313226,23969.26,23969.27000000002,0.0,0.09301041077451581,1,22,0,0,0,1,0,0
11.89927074861929,147158.27,0.0,0.0,404233.33,551391.61,147158.27,-0.010000000009313226,0.0,147158.27999999997,147158.27,0,15,0,1,0,0,0,0
11.003407818761854,60077.53,11451.34,0.0,98588.31,158665.84,48626.19,0.0,11451.34,60077.53,5.245873769028862,0,18,0,1,0,0,0,0
14.87302548781397,2879206.06,0.0,0.0,7995272.2,10874478.26,2879206.06,0.0,0.0,2879206.0599999996,2879206.06,0,22,0,0,0,0,1,0
12.052133451671514,171463.83,0.0,0.0,270384.48,441848.31,171463.83,-5.820766091346741e-11,0.0,171463.83000000002,171463.83,0,19,0,1,0,0,0,0
10.395673328715512,32716.76,93864.47,61147.71,0.0,0.0,0.0,32716.76,32716.760000000002,0.0,0.34854947191975916,1,9,0,0,0,1,0,0
10.501565524255913,36371.4,0.0,0.0,0.0,0.0,36371.4,36371.4,0.0,0.0,36371.4,1,9,0,0,0,1,0,0
12.863220973166651,385855.56,45627.0,0.0,0.0,385855.56,340228.56,0.0,45627.0,385855.56,8.456552117121065,0,15,0,1,0,0,0,0
12.002926494209378,163230.79,0.0,0.0,201952.39,365183.18,163230.79,5.820766091346741e-11,0.0,163230.78999999998,163230.79,0,21,0,1,0,0,0,0
11.988289824789769,160859.02,792.0,0.0,1448865.07,1609724.09,160067.02,0.0,792.0,160859.02000000002,202.84870113493062,0,16,0,1,0,0,0,0
8.3696463250014,4313.11,0.0,0.0,2509441.76,2513754.87,4313.11,-4.656612873077393e-10,0.0,4313.110000000335,4313.11,0,15,0,0,1,0,0,0
11.76012462603157,128042.41,6939801.02,7067843.43,345444.92,217402.5,256084.8200000003,256084.82999999996,-128042.41000000015,-128042.41999999998,0.018450441328295993,0,13,1,0,0,0,0,0
13.06420543832306,471749.46,0.0,0.0,2048615.48,2520364.94,471749.46,0.0,0.0,471749.45999999996,471749.46,0,16,0,0,0,0,1,0
12.611764661226198,300067.08,3273155.68,3573222.76,563445.02,263377.94,600134.1599999997,600134.1600000001,-300067.0799999996,-300067.08,0.09167513484261315,0,16,1,0,0,0,0,0
13.675529070990963,869373.33,0.0,0.0,3944595.44,4813968.77,869373.33,0.0,0.0,869373.3299999996,869373.33,0,17,0,0,0,0,1,0
11.652726884827011,115003.54,229397.66,114394.12,1980570.29,2095573.82,-2.9103830456733704e-11,0.010000000009313226,115003.54000000001,115003.53000000003,0.5013261193417607,0,19,0,1,0,0,0,0
12.111922063132821,182028.14,1703660.21,1885688.34,818909.28,636881.15,364056.27,364056.27,-182028.13000000012,-182028.13,0.10684526884309353,0,10,1,0,0,0,0,0
7.920599054349102,2752.42,30063.0,27310.58,0.0,0.0,0.0,2752.42,2752.4199999999983,0.0,0.09155202235231506,1,18,0,0,0,1,0,0
12.617233170582919,301712.5,21259.0,322971.5,1905277.17,1603564.68,603425.0,603424.99,-301712.5,-301712.49,14.191556914393226,0,12,1,0,0,0,0,0
10.079392315674628,23845.49,10654.0,0.0,0.0,0.0,13191.490000000002,23845.49,10654.0,0.0,2.237962458939465,1,10,0,0,0,1,0,0
10.357058463707947,31477.45,0.0,0.0,386096.02,341350.95,31477.45,76222.52000000002,0.0,-44745.07000000001,31477.45,0,17,0,1,0,0,0,0
12.01878809342392,165840.55,5054772.3,5220612.85,401042.8,235202.25,331681.0999999996,331681.1,-165840.5499999998,-165840.55,0.03280870182644986,0,19,1,0,0,0,0,0
9.27542280766541,10671.47,230229.0,219557.53,0.0,0.0,0.0,10671.47,10671.470000000001,0.0,0.04635134430786604,1,10,0,0,0,1,0,0
8.539453580254333,5111.55,8031.0,2919.45,0.0,0.0,0.0,5111.55,5111.55,0.0,0.636398157370518,1,18,0,0,0,1,0,0
12.030096692737427,167726.63,22422.0,0.0,159289.74,327016.37,145304.63,0.0,22422.0,167726.63,7.480115506399679,0,17,0,1,0,0,0,0
11.990788751033392,161261.5,589.0,161850.5,2188852.33,2027590.83,322523.0,322523.0,-161261.5,-161261.5,273.32457627118646,0,17,1,0,0,0,0,0
12.966610401252316,427884.28,112.0,0.0,0.0,427884.28,427772.28,0.0,112.0,427884.28,3786.5865486725666,0,18,0,1,0,0,0,0
11.734584875492137,124813.62,0.0,0.0,891029.99,1015843.61,124813.62,0.0,0.0,124813.62,124813.62,0,15,0,1,0,0,0,0
8.929958256551254,7553.95,0.0,0.0,0.0,0.0,7553.95,7553.95,0.0,0.0,7553.95,1,18,0,0,0,1,0,0
11.584230913721237,107389.92,300001.0,192611.08,270735.05,378124.98,0.0,-0.010000000009313226,107389.92000000001,107389.93,0.3579640135732428,0,16,0,1,0,0,0,0
12.819576953055392,369377.43,0.0,0.0,809332.21,1178709.64,369377.43,0.0,0.0,369377.42999999993,369377.43,0,10,0,1,0,0,0,0
9.936108167495888,20662.17,0.0,0.0,12505131.1,12525793.26,20662.17,0.009999999776482582,0.0,20662.16000000015,20662.17,0,18,0,1,0,0,0,0
9.904071382074491,20010.68,10167.0,0.0,0.0,0.0,9843.68,20010.68,10167.0,0.0,1.9680055074744296,1,10,0,0,0,1,0,0
13.146685326185406,512309.07,6681.0,518990.07,0.0,0.0,1024618.14,512309.07,-512309.07,0.0,76.67001945525291,1,9,1,0,0,0,0,0
12.161837907135162,191344.87,0.0,0.0,1120081.99,1311426.86,191344.87,-2.3283064365386963e-10,0.0,191344.8700000001,191344.87,0,8,0,1,0,0,0,0
8.436054716942817,4609.33,139460.0,134850.67,0.0,0.0,0.0,4609.33,4609.329999999987,0.0,0.03305103218821032,1,20,0,0,0,1,0,0
11.842063946658685,138976.03,0.0,0.0,270374.14,409350.17,138976.03,5.820766091346741e-11,0.0,138976.02999999997,138976.03,0,19,0,1,0,0,0,0
10.657041213474336,42489.73,0.0,0.0,4294369.81,4336859.54,42489.73,0.0,0.0,42489.73000000045,42489.73,0,18,0,0,0,0,1,0
9.54822732170445,14018.82,7876.0,0.0,0.0,0.0,6142.82,14018.82,7876.0,0.0,1.7797156277770725,1,10,0,0,0,1,0,0
11.17150542814828,71075.03,0.0,0.0,721401.63,792476.66,71075.03,0.0,0.0,71075.03000000003,71075.03,0,10,0,1,0,0,0,0
9.999364389941523,22011.47,2939.0,0.0,0.0,0.0,19072.47,22011.47,2939.0,0.0,7.486894557823129,1,22,0,0,0,1,0,0
11.547529093465625,103519.93,0.0,0.0,764079.33,867599.27,103519.93,-0.010000000009313226,0.0,103519.94000000006,103519.93,0,13,0,1,0,0,0,0
12.599040520848849,296273.16,41164.0,337437.16,1249459.05,953185.89,592546.32,592546.32,-296273.16,-296273.16000000003,7.197210251427182,0,14,1,0,0,0,0,0
9.50627703138912,13442.85,26604.0,13161.15,0.0,0.0,0.0,13442.85,13442.85,0.0,0.5052753241871829,1,11,0,0,0,1,0,0
7.622517169514491,2042.7,1311879.34,1313922.04,9340.31,7297.61,4085.399999999907,4085.4000000000005,-2042.6999999999534,-2042.6999999999998,0.0015570779877683051,0,15,1,0,0,0,0,0
10.192009397280433,26688.07,90034.0,63345.93,0.0,0.0,0.0,26688.07,26688.07,0.0,0.2964188371188982,1,11,0,0,0,1,0,0
9.412486614646554,12239.27,79376.98,67137.71,0.0,0.0,1.4551915228366852e-11,12239.27,12239.26999999999,0.0,0.154189738766343,1,23,0,0,0,1,0,0
12.317920636936536,223667.57,156683.0,0.0,372119.78,595787.35,66984.57,1.1641532182693481e-10,156683.0,223667.56999999995,1.4275074034362156,0,15,0,1,0,0,0,0
15.570077045734193,5780940.09,0.0,0.0,23982783.73,29763723.81,5780940.09,0.010000001639127731,0.0,5780940.079999998,5780940.09,0,12,0,0,0,0,1,0
12.482528160347721,263688.66,21439.0,285127.66,0.0,0.0,527377.32,263688.66,-263688.66,0.0,12.298911380597014,1,9,1,0,0,0,0,0
8.031902102147649,3076.59,958752.73,961829.32,1183682.89,1180606.3,6153.179999999935,6153.179999999935,-3076.5899999999674,-3076.589999999851,0.0032089470984378856,0,17,1,0,0,0,0,0
11.990147168625938,161158.07,0.0,0.0,5008777.73,4993304.18,161158.07,176631.62000000104,0.0,-15473.550000000745,161158.07,0,19,0,1,0,0,0,0
8.819378580469962,6763.06,54983.0,48219.94,0.0,0.0,0.0,6763.06,6763.059999999998,0.0,0.12300050923905137,1,13,0,0,0,1,0,0
10.938459227937823,56299.53,564511.66,620811.19,658472.58,602173.05,112599.05999999994,112599.05999999994,-56299.52999999991,-56299.52999999991,0.09973120886252577,0,15,1,0,0,0,0,0
8.33465881197715,4164.78,162.0,0.0,0.0,0.0,4002.7799999999997,4164.78,162.0,0.0,25.55079754601227,1,11,0,0,0,1,0,0
12.890875029926079,396674.97,733.0,0.0,11999849.68,12396524.66,395941.97,-0.009999999776482582,733.0,396674.98000000045,540.4291144414168,0,16,0,1,0,0,0,0
12.347372318035578,230352.95,9772.0,0.0,0.0,230352.95,220580.95,0.0,9772.0,230352.95,23.570341757904433,0,19,0,0,0,0,1,0
8.426859209775033,4567.13,22029.0,17461.87,7411970.61,7416537.74,0.0,0.0,4567.130000000001,4567.129999999888,0.2073141171130277,0,11,0,0,1,0,0,0
11.54356620597673,103110.5,10801.0,113911.5,0.0,0.0,206221.0,103110.5,-103110.5,0.0,9.545500833179041,1,22,1,0,0,0,0,0
11.943916269452394,153877.14,19977.0,173854.14,0.0,0.0,307754.28,153877.14,-153877.14,0.0,7.702329562518772,1,20,1,0,0,0,0,0
11.271629653754074,78559.92,0.0,0.0,305017.59,383577.51,78559.92,0.0,0.0,78559.91999999998,78559.92,0,18,0,1,0,0,0,0
12.260548898924878,211196.48,2970091.36,3181287.84,4164055.78,3952859.31,422392.95999999996,422392.9499999997,-211196.47999999998,-211196.46999999974,0.07110771464359446,0,17,1,0,0,0,0,0
11.85415508157826,140666.62,776777.82,917444.44,922356.22,781689.6,281333.2400000001,281333.2399999999,-140666.62,-140666.62,0.18108966977240704,0,20,1,0,0,0,0,0
8.204833106267506,3657.59,106037.0,102379.41,0.0,0.0,0.0,3657.59,3657.5899999999965,0.0,0.03449320055074596,1,15,0,0,0,1,0,0
11.655773336616184,115354.43,0.0,0.0,1430350.96,1545705.4,115354.43,-0.010000000009313226,0.0,115354.43999999994,115354.43,0,10,0,1,0,0,0,0
9.648116478611861,15491.58,125658.98,141150.56,105917.39,90425.81,30983.15999999999,30983.160000000003,-15491.580000000002,-15491.580000000002,0.12328173217917113,0,12,1,0,0,0,0,0
10.574473220817028,39122.29,160401.0,199523.29,1234549.32,1195427.03,78244.58000000002,78244.58000000007,-39122.29000000001,-39122.29000000004,0.24390150995623497,0,11,1,0,0,0,0,0
13.026693951078698,454381.19,73604.0,0.0,2257385.16,2711766.35,380777.19,0.0,73604.0,454381.18999999994,6.173238095238095,0,9,0,1,0,0,0,0
10.3586179972941,31526.58,0.0,0.0,0.0,0.0,31526.58,31526.58,0.0,0.0,31526.58,1,18,0,0,0,1,0,0
12.153240114493887,189706.77,3541498.99,3731205.77,285042.12,95335.35,379413.5499999998,379413.54000000004,-189706.7799999998,-189706.77,0.05356678541173735,0,11,1,0,0,0,0,0
9.866142838595417,19265.88,20586.0,1320.12,0.0,0.0,0.0,19265.88,19265.88,0.0,0.9358274639335503,1,10,0,0,0,1,0,0
11.81888871378082,135792.24,0.0,0.0,2888394.09,3024186.34,135792.24,-0.009999999776482582,0.0,135792.25,135792.24,0,19,0,1,0,0,0,0
11.958712666668996,156170.91,10167325.25,10323496.17,789094.36,632923.45,312341.8300000001,312341.82000000007,-156170.91999999993,-156170.91000000003,0.015360076598309217,0,17,1,0,0,0,0,0
7.899198009253475,2694.12,1729.0,0.0,0.0,2694.12,965.1199999999999,0.0,1729.0,2694.12,1.5572947976878613,0,13,0,1,0,0,0,0
11.965469305329357,157229.68,27774.0,0.0,118966.58,276196.27,129455.68,-0.010000000009313226,27774.0,157229.69,5.660834563456345,0,10,0,1,0,0,0,0
13.279348168769346,584987.91,39881.0,0.0,27263.0,612250.91,545106.91,0.0,39881.0,584987.91,14.667968256356252,0,10,0,1,0,0,0,0
12.470969431226171,260658.29,0.0,0.0,754801.06,1015459.35,260658.29,1.1641532182693481e-10,0.0,260658.28999999992,260658.29,0,11,0,1,0,0,0,0
12.811316842646653,366338.89,0.0,0.0,645108.35,1011447.23,366338.89,0.010000000009313226,0.0,366338.88,366338.89,0,16,0,1,0,0,0,0
9.05096707801048,8525.78,0.0,0.0,0.0,0.0,8525.78,8525.78,0.0,0.0,8525.78,1,23,0,0,0,1,0,0
12.783562956664545,356311.33,0.0,0.0,671365.7,1027677.03,356311.33,0.0,0.0,356311.3300000001,356311.33,0,14,0,1,0,0,0,0
10.033140307962896,22767.66,28.0,0.0,0.0,0.0,22739.66,22767.66,28.0,0.0,785.091724137931,1,12,0,0,0,1,0,0
12.813093366536446,366990.28,35062.0,0.0,60080.78,427071.06,331928.28,5.820766091346741e-11,35062.0,366990.28,10.4665966973733,0,11,0,1,0,0,0,0
12.3570755190667,232599.0,0.0,0.0,731221.27,963820.26,232599.0,0.010000000009313226,0.0,232598.99,232599.0,0,0,0,1,0,0,0,0
12.153139955435947,189687.77,0.0,0.0,891478.29,1081166.06,189687.77,0.0,0.0,189687.77000000002,189687.77,0,23,0,0,0,0,1,0
11.797838808025777,132963.68,0.0,0.0,451187.93,584151.61,132963.68,0.0,0.0,132963.68,132963.68,0,16,0,1,0,0,0,0
11.65961682166396,115798.65,485.0,116283.65,1010850.62,895051.97,231597.3,231597.30000000005,-115798.65,-115798.65000000002,238.26882716049383,0,10,1,0,0,0,0,0
13.032646460102649,457093.97,0.0,0.0,2523934.99,2981028.96,457093.97,0.0,0.0,457093.96999999974,457093.97,0,10,0,0,0,0,1,0
11.045897563850625,62685.26,0.0,0.0,2466106.56,2528791.82,62685.26,0.0,0.0,62685.25999999978,62685.26,0,11,0,1,0,0,0,0
12.646724604518553,310742.97,841.0,311583.97,0.0,0.0,621485.94,310742.97,-310742.97,0.0,369.05340855106886,1,14,1,0,0,0,0,0
9.96165598391437,21196.87,20689.0,0.0,117436.86,138633.72,507.869999999999,0.010000000009313226,20689.0,21196.86,1.0244983083615273,0,10,0,1,0,0,0,0
11.88235267206713,144689.56,29194.0,0.0,585231.66,729921.23,115495.56,-0.010000000009313226,29194.0,144689.56999999995,4.9559705429011816,0,19,0,1,0,0,0,0
9.49376514497528,13275.69,0.0,0.0,0.0,0.0,13275.69,13275.69,0.0,0.0,13275.69,1,12,0,0,0,1,0,0
9.161292974725159,9520.36,0.0,0.0,0.0,0.0,9520.36,9520.36,0.0,0.0,9520.36,1,12,0,0,0,1,0,0
9.032834401611332,8372.56,0.0,0.0,0.0,0.0,8372.56,8372.56,0.0,0.0,8372.56,1,18,0,0,0,1,0,0
10.840659349591071,51054.03,0.0,0.0,967197.85,1018251.88,51054.03,0.0,0.0,51054.03000000003,51054.03,0,16,0,1,0,0,0,0
7.412426000136175,1655.44,213943.99,212288.55,0.0,0.0,0.0,1655.44,1655.4400000000023,0.0,0.007737689954786977,1,12,0,0,0,1,0,0
10.920694177349986,55308.18,144.0,0.0,434061.68,489369.86,55164.18,0.0,144.0,55308.17999999999,381.43572413793106,0,9,0,1,0,0,0,0
5.821506249297426,336.48,135024.0,134687.52,0.0,0.0,0.0,336.48,336.4800000000105,0.0,0.002491982966117386,1,22,0,0,0,1,0,0
9.482796617583844,13130.86,503112.0,489981.14,0.0,0.0,0.0,13130.86,13130.859999999986,0.0,0.026099226217569414,1,17,0,0,0,1,0,0
12.642521074751501,309439.49,0.0,0.0,906466.81,1215906.3,309439.49,0.0,0.0,309439.49,309439.49,0,11,0,1,0,0,0,0
8.238917407463978,3784.44,308187.0,304402.56,0.0,0.0,0.0,3784.44,3784.4400000000023,0.0,0.012279647487896998,1,9,0,0,0,1,0,0
9.431082642522034,12469.02,0.0,0.0,0.0,0.0,12469.02,12469.02,0.0,0.0,12469.02,1,10,0,0,0,1,0,0
13.063907185343812,471608.78,489190.0,960798.78,77855.51,0.0,943217.56,549464.29,-471608.78,-77855.51,0.964058578346699,0,9,1,0,0,0,0,0
8.603807489580504,5451.38,47459.0,42007.62,0.0,0.0,0.0,5451.38,5451.379999999997,0.0,0.11486262115465655,1,14,0,0,0,1,0,0
11.572614213699913,106149.61,0.0,0.0,1396520.1,1532422.33,106149.61,-29752.61999999988,0.0,135902.22999999998,106149.61,0,11,0,1,0,0,0,0
11.128131283547786,68058.07,3436.0,71494.07,704910.3,636852.23,136116.14,136116.14000000013,-68058.07,-68058.07000000007,19.8015915042188,0,21,1,0,0,0,0,0
13.665004885352879,860271.85,0.0,0.0,923138.93,1783410.78,860271.85,0.0,0.0,860271.85,860271.85,0,10,0,0,0,0,1,0
11.739497532201106,125428.3,3925744.94,4051173.24,1340166.04,1214737.74,250856.6000000001,250856.6000000001,-125428.30000000028,-125428.30000000005,0.03195018269572483,0,19,1,0,0,0,0,0
12.467884334278896,259855.37,4615.0,0.0,0.0,259855.37,255240.37,0.0,4615.0,259855.37,56.29449090121317,0,9,0,1,0,0,0,0
9.906854378411747,20066.45,0.0,0.0,0.0,0.0,20066.45,20066.45,0.0,0.0,20066.45,1,14,0,0,0,1,0,0
9.829385041905953,18570.53,0.0,0.0,0.0,0.0,18570.53,18570.53,0.0,0.0,18570.53,1,22,0,0,0,1,0,0
8.899154912857819,7324.78,587720.36,580395.58,0.0,0.0,0.0,7324.78,7324.780000000028,0.0,0.012463014786462756,1,10,0,0,0,1,0,0
8.946728930106175,7681.72,26778.0,19096.28,0.0,0.0,0.0,7681.72,7681.720000000001,0.0,0.28685611860039584,1,23,0,0,0,1,0,0
9.303080889387907,10970.77,0.0,0.0,0.0,0.0,10970.77,10970.77,0.0,0.0,10970.77,1,12,0,0,0,1,0,0
12.21360460894413,201511.08,53339.0,254850.08,200873.82,0.0,403022.16,402384.9,-201511.08,-200873.82,3.7778605174353204,0,21,1,0,0,0,0,0
9.392736925957777,11999.9,0.0,0.0,0.0,0.0,11999.9,11999.9,0.0,0.0,11999.9,1,21,0,0,0,1,0,0
10.449929516886549,34540.94,10866.0,0.0,0.0,0.0,23674.940000000002,34540.94,10866.0,0.0,3.1785166099199413,1,13,0,0,0,1,0,0
10.525250701491613,37243.17,0.0,0.0,0.0,0.0,37243.17,37243.17,0.0,0.0,37243.17,1,16,0,0,0,1,0,0
12.022776954421415,166503.39,5331377.48,5497880.87,234144.66,67641.28,333006.77999999933,333006.77,-166503.38999999966,-166503.38,0.031230832818307058,0,19,1,0,0,0,0,0
11.341446039277168,84240.76,0.0,0.0,468652.9,552893.66,84240.76,0.0,0.0,84240.76000000001,84240.76,0,12,0,1,0,0,0,0
12.06019032177312,172850.88,0.0,0.0,440905.36,613756.25,172850.88,-0.010000000009313226,0.0,172850.89,172850.88,0,18,0,1,0,0,0,0
9.77538539490649,17594.27,12699.87,0.0,0.0,0.0,4894.4,17594.27,12699.87,0.0,1.3852806933698243,1,19,0,0,0,1,0,0
12.137209694174665,186689.92,0.0,0.0,283463.85,470153.77,186689.92,0.0,0.0,186689.92000000004,186689.92,0,18,0,1,0,0,0,0
12.198038810525075,198398.67,0.0,0.0,315055.83,513454.5,198398.67,0.0,0.0,198398.66999999998,198398.67,0,18,0,0,0,0,1,0
11.923525301103567,150771.19,8341063.21,8491834.4,2404389.95,2253618.76,301542.3799999999,301542.38000000035,-150771.1900000004,-150771.1900000004,0.018075773810641845,0,19,1,0,0,0,0,0
8.745744494448273,6282.89,52270.0,45987.11,0.0,0.0,0.0,6282.89,6282.889999999999,0.0,0.12019838916416369,1,22,0,0,0,1,0,0
7.5533547731773245,1906.13,0.0,0.0,0.0,0.0,1906.13,1906.13,0.0,0.0,1906.13,1,19,0,0,0,1,0,0
9.105880561672587,9007.11,169102.49,160095.38,0.0,0.0,0.0,9007.11,9007.109999999986,0.0,0.053263891833338274,1,18,0,0,0,1,0,0
12.190631289051609,196934.45,1378107.01,1575041.46,214044.45,17110.0,393868.8999999999,393868.9,-196934.44999999995,-196934.45,0.14290204292477773,0,16,1,0,0,0,0,0
12.302929083805923,220339.44,0.0,0.0,1063686.23,1284025.67,220339.44,0.0,0.0,220339.43999999994,220339.44,0,11,0,1,0,0,0,0
11.388685402512968,88315.78,0.0,0.0,255471.5,343787.28,88315.78,0.0,0.0,88315.78000000003,88315.78,0,23,0,1,0,0,0,0
12.619847035736969,302502.17,0.0,0.0,1768109.45,2070611.62,302502.17,-2.3283064365386963e-10,0.0,302502.17000000016,302502.17,0,13,0,1,0,0,0,0
9.479402157891395,13086.36,12949.0,0.0,0.0,0.0,137.36000000000058,13086.36,12949.0,0.0,1.0105297297297298,1,12,0,0,0,1,0,0
12.224876882443635,203795.43,13071201.36,13274996.79,7543893.92,7340098.5,407590.8599999994,407590.8499999996,-203795.4299999997,-203795.41999999993,0.015591177030786937,0,18,1,0,0,0,0,0
11.98636337780744,160549.43,4594.0,0.0,1068637.6,1229187.03,155955.43,0.0,4594.0,160549.42999999993,34.940028291621324,0,16,0,1,0,0,0,0
6.381849857781053,590.02,52867.0,52276.98,0.0,0.0,0.0,590.02,590.0199999999968,0.0,0.011160248165241735,1,23,0,0,0,1,0,0
8.909192035014001,7398.68,0.0,0.0,0.0,0.0,7398.68,7398.68,0.0,0.0,7398.68,1,17,0,0,0,1,0,0
8.04147405976021,3106.19,51992.0,55098.19,0.0,0.0,6212.380000000005,3106.19,-3106.1900000000023,0.0,0.0597424653318716,1,12,1,0,0,0,0,0
10.67539854640965,43276.95,412135.0,368858.05,0.0,11155.57,0.0,32121.379999999997,43276.95000000001,11155.57,0.10500647844400876,0,11,0,1,0,0,0,0
12.137419162872888,186729.03,16888.0,203617.03,898307.04,951130.17,373458.06,133905.90000000002,-186729.03,52823.130000000005,11.056251406240749,0,12,1,0,0,0,0,0
12.449232017099604,255053.37,5599959.72,5855013.1,1398703.63,1143650.25,510106.75,510106.75,-255053.3799999999,-255053.3799999999,0.045545564112456846,0,14,1,0,0,0,0,0
12.050522553649131,171187.84,0.0,0.0,1613398.85,1784586.69,171187.84,2.3283064365386963e-10,0.0,171187.83999999985,171187.84,0,18,0,1,0,0,0,0
10.69555950873443,44158.33,0.0,0.0,106201.78,150360.11,44158.33,0.0,0.0,44158.32999999999,44158.33,0,17,0,1,0,0,0,0
11.784942376992943,131259.92,99376.77,0.0,1308018.69,1439278.61,31883.15000000001,-2.3283064365386963e-10,99376.77,131259.92000000016,1.320817724124822,0,13,0,1,0,0,0,0
12.344859155804345,229774.76,109631.0,0.0,0.0,229774.76,120143.76000000001,0.0,109631.0,229774.76,2.0958731027437247,0,18,0,1,0,0,0,0
11.386148126570136,88091.98,2131186.55,2219278.54,145628.36,57536.38,176183.9700000002,176183.95999999996,-88091.99000000022,-88091.97999999998,0.04133469154321965,0,20,1,0,0,0,0,0
12.267944160240699,212764.13,4507.0,0.0,101474.24,314238.37,208257.13,0.0,4507.0,212764.13,47.19701197870452,0,11,0,1,0,0,0,0
12.076576358050708,175706.57,14413.0,190119.57,257258.94,81552.37,351413.14,351413.14,-175706.57,-175706.57,12.189993756070487,0,11,1,0,0,0,0,0
11.846499147697061,139593.79,0.0,0.0,471030.24,610624.03,139593.79,0.0,0.0,139593.79000000004,139593.79,0,22,0,1,0,0,0,0
12.983351830412118,435107.99,2697964.51,3133072.5,3697262.54,3262154.55,870215.9800000004,870215.9800000004,-435107.9900000002,-435107.9900000002,0.16127262872237386,0,18,1,0,0,0,0,0
12.02696374263287,167201.97,7264309.41,7431511.38,975664.06,808462.1,334403.9399999995,334403.93000000005,-167201.96999999974,-167201.96000000008,0.023016908772212005,0,16,1,0,0,0,0,0
12.388031511559785,239911.97,0.0,0.0,625229.95,865141.92,239911.97,-1.1641532182693481e-10,0.0,239911.9700000001,239911.97,0,16,0,1,0,0,0,0
10.810823913424391,49553.28,524.0,0.0,50089.37,99642.66,49029.28,-0.010000000009313226,524.0,49553.29,94.38719999999999,0,15,0,1,0,0,0,0
12.274846186299236,214237.72,2373612.65,2587850.37,334266.48,120028.76,428475.4400000004,428475.43999999994,-214237.7200000002,-214237.71999999997,0.09025804178367444,0,15,1,0,0,0,0,0
9.95339566299924,21022.49,315517.43,294494.93,0.0,0.0,-0.010000000009313226,21022.49,21022.5,0.0,0.06662840582719685,1,11,0,0,0,1,0,0
8.950299406558155,7709.2,0.0,0.0,0.0,0.0,7709.2,7709.2,0.0,0.0,7709.2,1,15,0,0,0,1,0,0
9.113901054936274,9079.65,0.0,0.0,0.0,0.0,9079.65,9079.65,0.0,0.0,9079.65,1,19,0,0,0,1,0,0
11.352634404868612,85188.58,59166.0,144354.58,0.0,0.0,170377.15999999997,85188.58,-85188.57999999999,0.0,1.4397988743725387,1,16,1,0,0,0,0,0
10.225189819625236,27588.48,251836.68,224248.21,0.0,0.0,0.010000000009313226,27588.48,27588.47,0.0,0.1095486584851004,1,14,0,0,0,1,0,0
12.252109642257487,209421.63,0.0,0.0,233037.71,442459.34,209421.63,-5.820766091346741e-11,0.0,209421.63000000003,209421.63,0,16,0,1,0,0,0,0
11.69589081448517,120076.28,157150.0,37073.72,64124.4,184200.68,0.0,0.0,120076.28,120076.28,0.7640821884684157,0,21,0,1,0,0,0,0
8.402657377822958,4457.9,13889.0,9431.1,0.0,0.0,0.0,4457.9,4457.9,0.0,0.320943124550036,1,0,0,0,0,1,0,0
14.752584271724091,2552500.13,0.0,0.0,3584312.84,6136812.98,2552500.13,-0.010000000707805157,0.0,2552500.1400000006,2552500.13,0,22,0,0,0,0,1,0
12.244809299237891,207898.34,8937327.16,9145225.49,1375970.46,1168072.12,415796.6699999999,415796.67999999993,-207898.33000000007,-207898.33999999985,0.023261799978484845,0,13,1,0,0,0,0,0
10.45233557561022,34624.15,0.0,0.0,1787223.79,1821847.93,34624.15,0.010000000009313226,0.0,34624.1399999999,34624.15,0,11,0,1,0,0,0,0
8.476658655575777,4800.38,233418.26,238218.64,582447.53,577647.15,9600.76000000001,9600.76000000001,-4800.380000000005,-4800.380000000005,0.020565483756567474,0,20,1,0,0,0,0,0
3.533102452542094,33.23,0.0,0.0,0.0,0.0,33.23,33.23,0.0,0.0,33.23,1,13,0,0,0,1,0,0
12.363276117983487,234045.74,14648.0,0.0,0.0,234045.74,219397.74,0.0,14648.0,234045.74,15.976909004027577,0,15,0,1,0,0,0,0
8.663495438425578,5786.73,44456.98,38670.25,0.0,0.0,-7.275957614183426e-12,5786.73,5786.730000000003,0.0,0.13016178422861316,1,21,0,0,0,1,0,0
10.986848292023602,59090.85,5064.0,64154.85,8952.12,0.0,118181.7,68042.97,-59090.85,-8952.12,11.66650542941757,0,13,1,0,0,0,0,0
9.010814465437516,8190.19,219268.96,211078.77,0.0,0.0,0.0,8190.19,8190.190000000002,0.0,0.037352084161460145,1,18,0,0,0,1,0,0
12.329789331104205,226338.04,221.0,226559.04,359964.36,133626.32,452676.08,452676.08,-226338.04,-226338.03999999998,1019.5407207207207,0,19,1,0,0,0,0,0
12.179448035333747,194744.34,0.0,0.0,1986782.21,2181526.56,194744.34,-0.01000000024214387,0.0,194744.3500000001,194744.34,0,11,0,1,0,0,0,0
11.235998811742238,75810.01,5890187.22,5965997.24,22570964.14,22495154.13,151620.03000000026,151620.02000000328,-75810.02000000048,-75810.01000000164,0.01287055815000764,0,19,1,0,0,0,0,0
14.726201407725146,2486038.42,131968.0,0.0,1210679.55,3696717.98,2354070.42,-0.01000000024214387,131968.0,2486038.4299999997,18.838048481082676,0,10,0,0,0,0,1,0
10.31595276928098,30209.74,408502.29,378292.55,0.0,0.0,0.0,30209.74,30209.73999999999,0.0,0.07395225629639361,1,19,0,0,0,1,0,0
8.514700086210524,4986.55,283472.21,278485.66,0.0,0.0,-5.820766091346741e-11,4986.55,4986.550000000047,0.0,0.01759090391645828,1,19,0,0,0,1,0,0
12.972266642560106,430311.36,10750.81,0.0,539942.26,1163780.67,419560.55,-193527.04999999993,10750.81,623838.4099999999,40.02222509512352,0,10,0,0,0,0,1,0
12.715763435615937,332954.27,52955.06,0.0,446186.96,779141.23,279999.21,0.0,52955.06,332954.26999999996,6.287368622212454,0,11,0,1,0,0,0,0
9.62522893949186,15141.02,0.0,0.0,0.0,0.0,15141.02,15141.02,0.0,0.0,15141.02,1,17,0,0,0,1,0,0
7.072752634642888,1178.39,159.0,0.0,92648.99,93827.38,1019.3900000000001,0.0,159.0,1178.3899999999994,7.364937500000001,0,21,0,1,0,0,0,0
11.523227912041026,101034.57,26204.0,0.0,1609096.75,1710131.32,74830.57,0.0,26204.0,101034.57000000007,3.8555455065827133,0,11,0,1,0,0,0,0
7.778391525304051,2387.43,112367.0,109979.57,0.0,0.0,0.0,2387.43,2387.429999999993,0.0,0.021246529260999573,1,0,0,0,0,1,0,0
7.83678453030448,2531.05,221.0,0.0,252698.35,255229.41,2310.05,-0.010000000009313226,221.0,2531.0599999999977,11.401126126126126,0,16,0,0,1,0,0,0
11.302573624754414,81028.91,22202376.43,22283405.35,331972.94,250944.03,162057.83000000194,162057.81999999998,-81028.92000000179,-81028.91,0.003649560064252993,0,19,1,0,0,0,0,0
11.778069017482293,130360.81,0.0,0.0,2392847.33,2523208.14,130360.81,0.0,0.0,130360.81000000006,130360.81,0,18,0,1,0,0,0,0
6.873753722306122,965.57,0.0,0.0,0.0,0.0,965.57,965.57,0.0,0.0,965.57,1,14,0,0,0,1,0,0
11.08198530574649,64988.78,0.0,0.0,1068526.45,1133515.23,64988.78,0.0,0.0,64988.78000000003,64988.78,0,20,0,1,0,0,0,0
14.551565894695282,2087683.04,0.0,0.0,7579785.24,9755465.93,2087683.04,-87997.64999999851,0.0,2175680.6899999995,2087683.04,0,9,0,0,0,0,1,0
12.136318841750521,186523.68,4737616.06,4924139.74,517800.77,331277.1,373047.36000000034,373047.35,-186523.68000000063,-186523.67000000004,0.039370780212447144,0,12,1,0,0,0,0,0
8.128912580408123,3390.11,51553.0,48162.89,0.0,0.0,0.0,3390.11,3390.1100000000006,0.0,0.06575842805601893,1,0,0,0,0,1,0,0
9.571487799433221,14348.75,0.0,0.0,0.0,0.0,14348.75,14348.75,0.0,0.0,14348.75,1,21,0,0,0,1,0,0
12.356493363404494,232463.63,39315.2,0.0,259044.51,491508.13,193148.43,0.010000000009313226,39315.2,232463.62,5.912667806146067,0,13,0,1,0,0,0,0
8.124366876214255,3374.73,0.0,0.0,0.0,0.0,3374.73,3374.73,0.0,0.0,3374.73,1,11,0,0,0,1,0,0
10.55103179681533,38215.85,0.0,0.0,7941597.54,8631609.73,38215.85,-651796.3400000008,0.0,690012.1900000004,38215.85,0,20,0,1,0,0,0,0
8.558626838838713,5210.52,14313.0,9102.48,0.0,0.0,0.0,5210.52,5210.52,0.0,0.3640156490149504,1,21,0,0,0,1,0,0
12.273331915197469,213913.55,0.0,0.0,1079371.13,1293284.68,213913.55,0.0,0.0,213913.55000000005,213913.55,0,19,0,1,0,0,0,0
11.926757009969489,151259.23,60149.73,0.0,593250.9,744510.13,91109.5,0.0,60149.73,151259.22999999998,2.51466989677432,0,13,0,1,0,0,0,0
13.20744439912315,544401.64,4541211.31,5085612.95,1348694.14,804292.51,1088803.2800000003,1088803.2699999998,-544401.6400000006,-544401.6299999999,0.11988024404875271,0,14,1,0,0,0,0,0
11.634260318779273,112899.29,932.0,0.0,1585540.27,1698439.56,111967.29,0.0,932.0,112899.29000000004,121.00674169346195,0,13,0,1,0,0,0,0
11.422469653630701,91350.47,105943.0,14592.53,651254.13,742604.6,0.0,0.0,91350.47,91350.46999999997,0.862252416370913,0,10,0,1,0,0,0,0
11.476243119434221,96397.23,2184015.73,2280412.96,356578.97,92743.14,192794.45999999996,360233.05999999994,-96397.22999999998,-263835.82999999996,0.04413758771893656,0,20,1,0,0,0,0,0
8.342068077995895,4195.76,11352.0,7156.24,0.0,0.0,0.0,4195.76,4195.76,0.0,0.3695728001409319,1,20,0,0,0,1,0,0
9.672581450431736,15875.28,0.0,0.0,359734.88,0.0,15875.28,375610.16000000003,0.0,-359734.88,15875.28,0,18,0,1,0,0,0,0
10.418576276364329,33474.74,30520.72,0.0,0.0,0.0,2954.019999999997,33474.74,30520.72,0.0,1.0967514281632882,1,14,0,0,0,1,0,0
11.011343486770604,60556.19,0.0,0.0,204081.73,264637.92,60556.19,5.820766091346741e-11,0.0,60556.18999999997,60556.19,0,20,0,1,0,0,0,0
12.693247655386559,325541.29,801889.45,1127430.74,691559.11,366017.83,651082.5800000001,651082.5699999998,-325541.29000000004,-325541.27999999997,0.40596728642921237,0,11,1,0,0,0,0,0
9.222757953690941,10123.95,293.0,0.0,6393811.05,6403935.0,9830.95,0.0,293.0,10123.950000000186,34.435204081632655,0,15,0,1,0,0,0,0
11.123982757150113,67776.31,0.0,0.0,1548281.77,1476719.29,67776.31,139338.79000000004,0.0,-71562.47999999998,67776.31,0,11,0,1,0,0,0,0
13.524573500458356,747561.73,86917.0,0.0,0.0,747561.73,660644.73,0.0,86917.0,747561.73,8.600770036126004,0,20,0,0,0,0,1,0
12.26185303533098,211472.09,379230.0,167757.91,0.0,211472.09,0.0,0.0,211472.09,211472.09,0.5576339750706034,0,17,0,1,0,0,0,0
12.33402904547175,227299.69,0.0,0.0,3240339.23,3467638.92,227299.69,0.0,0.0,227299.68999999994,227299.69,0,18,0,1,0,0,0,0
11.781178433857153,130766.79,10389.0,0.0,0.0,130766.79,120377.79,0.0,10389.0,130766.79,12.585831568816168,0,20,0,1,0,0,0,0
10.261616089496448,28611.99,0.0,0.0,0.0,0.0,28611.99,28611.99,0.0,0.0,28611.99,1,9,0,0,0,1,0,0
9.791255146095798,17875.73,0.0,0.0,0.0,0.0,17875.73,17875.73,0.0,0.0,17875.73,1,12,0,0,0,1,0,0
13.354049139923537,630360.75,260992.0,0.0,107494.99,737855.75,369368.75,-0.010000000009313226,260992.0,630360.76,2.41524006390976,0,20,0,0,0,0,1,0
12.629094134520738,305312.42,6607728.34,6913040.76,538108.1,232795.68,610624.8399999999,610624.8400000001,-305312.4199999999,-305312.42,0.04620534593506822,0,13,1,0,0,0,0,0
9.689465399496477,16145.61,42944.0,26798.39,0.0,0.0,0.0,16145.61,16145.61,0.0,0.3759601816276633,1,16,0,0,0,1,0,0
12.906910328224985,403087.06,17819.0,0.0,3994.98,407082.04,385268.06,0.0,17819.0,403087.06,22.61992480359147,0,16,0,1,0,0,0,0
8.527721572987675,5051.92,16391.0,11339.08,0.0,0.0,0.0,5051.92,5051.92,0.0,0.3081942410932162,1,19,0,0,0,1,0,0
7.017963027800784,1115.51,72650.0,71534.49,0.0,0.0,0.0,1115.51,1115.5099999999948,0.0,0.0153543653907035,1,23,0,0,0,1,0,0
11.028331593913782,61593.73,264.0,0.0,872931.23,934524.96,61329.73,0.0,264.0,61593.72999999998,232.42916981132078,0,13,0,1,0,0,0,0
9.73315523670374,16866.69,11653.0,0.0,0.0,0.0,5213.689999999999,16866.69,11653.0,0.0,1.4472876265659858,1,11,0,0,0,1,0,0
10.738932587760708,46115.8,39848.35,0.0,0.0,0.0,6267.450000000004,46115.8,39848.35,0.0,1.1572535060170368,1,11,0,0,0,1,0,0
11.666450263260208,116592.67,584514.0,467921.33,1054422.51,1171015.18,0.0,0.0,116592.66999999998,116592.66999999993,0.19946908120407517,0,19,0,1,0,0,0,0
12.28851866293993,217187.01,0.0,0.0,1718988.17,1936175.18,217187.01,0.0,0.0,217187.01,217187.01,0,20,0,1,0,0,0,0
12.42879786935764,249894.44,0.0,0.0,274017.54,523911.98,249894.44,0.0,0.0,249894.44,249894.44,0,17,0,1,0,0,0,0
9.614536675492127,14979.98,0.0,0.0,0.0,0.0,14979.98,14979.98,0.0,0.0,14979.98,1,23,0,0,0,1,0,0
13.184930262394127,532281.83,237713.79,0.0,2966170.93,3846941.74,294568.0399999999,-348488.98,237713.79,880770.81,2.239161602018957,0,13,0,1,0,0,0,0
13.946124409953137,1139526.67,460.0,0.0,800377.36,1939904.03,1139066.67,-2.3283064365386963e-10,460.0,1139526.67,2471.858286334056,0,20,0,0,0,0,1,0
4.8556954140435185,127.47,1384.0,1256.53,0.0,0.0,0.0,127.47,127.47000000000003,0.0,0.09203610108303249,1,9,0,0,0,1,0,0
11.769709651257651,129275.61,0.0,0.0,312065.81,441341.42,129275.61,0.0,0.0,129275.60999999999,129275.61,0,13,0,1,0,0,0,0
12.785704791421152,357075.31,7422747.34,7779822.66,1802982.87,1445907.56,714150.6299999999,714150.6200000001,-357075.3200000003,-357075.31000000006,0.04810553903272976,0,14,1,0,0,0,0,0
10.631778396364988,41429.74,1521.0,42950.74,69383.1,27953.36,82859.48,82859.48,-41429.74,-41429.740000000005,27.22059132720105,0,12,1,0,0,0,0,0
11.876777432351158,143885.12,0.0,0.0,147417.22,96982.9,143885.12,194319.43999999997,0.0,-50434.32000000001,143885.12,0,18,0,1,0,0,0,0
12.569074204170374,287526.62,6743220.45,7030747.07,1003809.4,716282.78,575053.2400000002,575053.24,-287526.6200000001,-287526.62,0.0426393560009808,0,13,1,0,0,0,0,0
9.56528451894962,14260.01,831729.26,817469.25,0.0,0.0,0.0,14260.01,14260.01000000001,0.0,0.017144993618483956,1,18,0,0,0,1,0,0
13.223671967086366,553308.04,70021.0,0.0,3693073.72,4246381.76,483287.04000000004,0.0,70021.0,553308.0399999996,7.901917111764875,0,18,0,0,0,0,1,0
10.376188166646456,32085.42,0.0,0.0,0.0,0.0,32085.42,32085.42,0.0,0.0,32085.42,1,12,0,0,0,1,0,0
12.375268392888021,236869.39,382775.0,145905.61,0.0,236869.39,0.0,0.0,236869.39,236869.39,0.6188198580893264,0,23,0,0,0,0,1,0
11.236478706008548,75846.4,0.0,0.0,161112.69,236959.09,75846.4,0.0,0.0,75846.4,75846.4,0,14,0,1,0,0,0,0
12.854570778150716,382532.22,30295.0,412827.22,9731.63,0.0,765064.44,392263.85,-382532.22,-9731.63,12.626492606284657,0,14,1,0,0,0,0,0
9.118023308327258,9117.16,83283.0,74165.84,0.0,0.0,0.0,9117.16,9117.160000000003,0.0,0.10947072667018876,1,11,0,0,0,1,0,0
12.633550061973185,306675.91,219.0,306894.91,0.0,0.0,613351.82,306675.91,-306675.91,0.0,1393.981409090909,1,11,1,0,0,0,0,0
11.065032542452917,63896.31,113005.0,49108.69,51322.12,115218.43,0.0,0.0,63896.31,63896.30999999999,0.5654240482806222,0,19,0,1,0,0,0,0
13.07880134072818,478685.58,1972.0,0.0,0.0,478685.58,476713.58,0.0,1972.0,478685.58,242.61813482007096,0,9,0,1,0,0,0,0
9.62368303716272,15117.63,0.0,0.0,0.0,0.0,15117.63,15117.63,0.0,0.0,15117.63,1,18,0,0,0,1,0,0
11.560289565174578,104849.37,45354.0,150203.37,81887.19,0.0,209698.74,186736.56,-104849.37,-81887.19,2.3117488700253555,0,15,1,0,0,0,0,0
13.0205233685948,451586.02,138890.0,590476.02,305472.35,0.0,903172.04,757058.37,-451586.02,-305472.35,3.251369923177168,0,15,1,0,0,0,0,0
8.741769316107028,6257.96,7219.0,961.04,0.0,0.0,0.0,6257.96,6257.96,0.0,0.8667534626038781,1,22,0,0,0,1,0,0
10.847813791103727,51420.61,5059.0,56479.61,0.0,0.0,102841.22,51420.61,-51420.61,0.0,10.162175889328063,1,22,1,0,0,0,0,0
12.23178025503198,205207.18,639133.96,844341.14,259962.24,54755.06,410414.3600000001,410414.36,-205207.18000000005,-205207.18,0.32107018523912384,0,11,1,0,0,0,0,0
11.204631213623781,73468.91,197.0,0.0,0.0,73468.91,73271.91,0.0,197.0,73468.91,371.05510101010105,0,17,0,0,0,0,1,0
8.990746762156931,8027.45,0.0,0.0,0.0,0.0,8027.45,8027.45,0.0,0.0,8027.45,1,21,0,0,0,1,0,0
7.875750020888624,2631.66,0.0,0.0,0.0,0.0,2631.66,2631.66,0.0,0.0,2631.66,1,8,0,0,0,1,0,0
11.99878306572388,162555.85,15637.0,0.0,0.0,162555.85,146918.85,0.0,15637.0,162555.85,10.394925821716333,0,18,0,1,0,0,0,0
13.389544682817082,653137.63,95778.0,0.0,3786985.05,4440122.68,557359.63,0.0,95778.0,653137.6299999999,6.819215381242235,0,17,0,1,0,0,0,0
12.325643238109828,225401.56,0.0,0.0,2740823.19,2966224.75,225401.56,0.0,0.0,225401.56000000006,225401.56,0,14,0,1,0,0,0,0
12.045665073782411,170358.31,175784.0,346142.31,618837.17,448478.86,340716.62,340716.62,-170358.31,-170358.31000000006,0.9691288221406832,0,18,1,0,0,0,0,0
9.02694383760081,8323.38,43514.0,35190.62,0.0,0.0,0.0,8323.38,8323.379999999997,0.0,0.19127611168562564,1,21,0,0,0,1,0,0
11.349701581168194,84939.1,5059078.01,5144017.1,820713.34,735774.25,169878.18999999948,169878.18999999994,-84939.08999999985,-84939.08999999997,0.016789439309428774,0,19,1,0,0,0,0,0
11.720194886327842,123030.4,0.0,0.0,502197.62,625228.02,123030.4,0.0,0.0,123030.40000000002,123030.4,0,23,0,1,0,0,0,0
11.705419357675375,121225.91,0.0,0.0,1636092.49,2206499.36,121225.91,-449180.95999999996,0.0,570406.8699999999,121225.91,0,10,0,1,0,0,0,0
12.50593706099218,269934.16,20906.0,0.0,2887280.87,2934185.79,249028.15999999997,223029.24000000022,20906.0,46904.919999999925,12.911185727268379,0,19,0,1,0,0,0,0
10.499976244732148,36313.64,2382128.09,2418441.73,3719451.33,3683137.69,72627.28000000026,72627.28000000026,-36313.64000000013,-36313.64000000013,0.015244194847559669,0,23,1,0,0,0,0,0
12.416423194225615,246821.12,293399.0,46577.88,16209.39,263030.51,0.0,0.0,246821.12,246821.12,0.8412444444444445,0,17,0,1,0,0,0,0
12.901231251816395,400804.38,491808.13,91003.75,1342922.57,1743726.94,0.0,0.01000000024214387,400804.38,400804.3699999999,0.8149592098869738,0,21,0,1,0,0,0,0
12.389973038639214,240378.22,534.0,0.0,10597.03,250975.25,239844.22,0.0,534.0,240378.22,449.30508411214953,0,17,0,1,0,0,0,0
12.200795395307619,198946.33,0.0,0.0,442235.87,641182.19,198946.33,0.010000000009313226,0.0,198946.31999999995,198946.33,0,12,0,1,0,0,0,0
10.848505090153271,51456.17,0.0,0.0,936119.8,987575.97,51456.17,1.1641532182693481e-10,0.0,51456.169999999925,51456.17,0,17,0,1,0,0,0,0
8.174866249406048,3549.58,66114.0,62564.42,0.0,0.0,0.0,3549.58,3549.5800000000017,0.0,0.053687967934659304,1,12,0,0,0,1,0,0
12.098860917435461,179666.09,0.0,0.0,487613.31,667279.4,179666.09,0.0,0.0,179666.09000000003,179666.09,0,19,0,1,0,0,0,0
9.396257124967077,12042.22,0.0,0.0,0.0,0.0,12042.22,12042.22,0.0,0.0,12042.22,1,12,0,0,0,1,0,0
12.438477736079614,252325.14,0.0,0.0,1259778.18,1512103.33,252325.14,-0.01000000024214387,0.0,252325.15000000014,252325.14,0,11,0,1,0,0,0,0
12.847064581382732,379671.6,21491.0,401162.6,169397.66,0.0,759343.2,549069.26,-379671.6,-169397.66,17.66571747627024,0,17,1,0,0,0,0,0
9.020667863015147,8271.3,611.0,0.0,0.0,0.0,7660.299999999999,8271.3,611.0,0.0,13.515196078431371,1,22,0,0,0,1,0,0
9.939067029041597,20723.4,1105648.88,1126372.28,1443339.51,1422616.11,41446.80000000005,41446.799999999814,-20723.40000000014,-20723.399999999907,0.0187431847774451,0,10,1,0,0,0,0,0
11.870606063069264,142999.88,0.0,0.0,238844.48,381844.36,142999.88,0.0,0.0,142999.87999999998,142999.88,0,17,0,1,0,0,0,0
5.949130994091903,382.42,10990.0,10607.58,0.0,0.0,0.0,382.42,382.4200000000001,0.0,0.03479392230006369,1,1,0,0,0,1,0,0
7.2924597010023255,1468.18,0.0,0.0,0.0,0.0,1468.18,1468.18,0.0,0.0,1468.18,1,19,0,0,0,1,0,0
12.345817674718827,229995.11,0.0,0.0,5565617.35,5795612.45,229995.11,0.009999999776482582,0.0,229995.10000000056,229995.11,0,10,0,1,0,0,0,0
10.427333147420837,33769.17,1632.0,0.0,145363.11,179132.28,32137.17,-2.9103830456733704e-11,1632.0,33769.17000000001,20.67922229026332,0,20,0,1,0,0,0,0
9.909903426728036,20127.73,271166.41,251038.68,33204.76,53332.48,0.0,0.010000000002037268,20127.72999999998,20127.72,0.07422621324590592,0,18,0,1,0,0,0,0
11.745100112890045,126133.0,0.0,0.0,136598.0,63640.09,126133.0,199090.91,0.0,-72957.91,126133.0,0,16,0,1,0,0,0,0
10.097709270700902,24286.31,8991.79,0.0,0.0,0.0,15294.52,24286.31,8991.79,0.0,2.700642403525491,1,16,0,0,0,1,0,0
9.246689658835706,10369.18,221536.41,211167.23,0.0,0.0,0.0,10369.18,10369.179999999993,0.0,0.04680554855272525,1,16,0,0,0,1,0,0
11.527115311216212,101428.1,750.0,102178.1,497609.82,396181.72,202856.2,202856.20000000007,-101428.1,-101428.10000000003,135.0573901464714,0,11,1,0,0,0,0,0
7.974962896173152,2906.25,10940.0,8033.75,0.0,0.0,0.0,2906.25,2906.25,0.0,0.26562928434329586,1,11,0,0,0,1,0,0
12.284210355231352,216253.31,0.0,0.0,911183.55,1127436.86,216253.31,0.0,0.0,216253.31000000006,216253.31,0,11,0,1,0,0,0,0
12.431733266365349,250629.06,8145272.57,8395901.63,421214.98,170585.92,501258.12000000104,501258.12,-250629.06000000052,-250629.05999999997,0.03076987627807816,0,21,1,0,0,0,0,0
12.031100495562587,167895.08,1270328.1,1438223.18,1786818.45,1618923.37,335790.1599999999,335790.1599999999,-167895.07999999984,-167895.07999999984,0.1321666015523064,0,20,1,0,0,0,0,0
11.296916526667973,80571.81,0.0,0.0,120374.91,200946.72,80571.81,0.0,0.0,80571.81,80571.81,0,16,0,1,0,0,0,0
12.701878454495768,328363.14,8975.0,0.0,0.0,328363.14,319388.14,0.0,8975.0,328363.14,36.582346256684495,0,9,0,0,0,0,1,0
8.379724916573421,4356.81,958.87,0.0,0.0,0.0,3397.9400000000005,4356.81,958.87,0.0,4.5389584006167505,1,9,0,0,0,1,0,0
7.191060286044407,1326.51,0.0,0.0,0.0,0.0,1326.51,1326.51,0.0,0.0,1326.51,1,23,0,0,0,1,0,0
11.46211037201562,95044.44,0.0,0.0,1749716.24,1844760.68,95044.44,0.0,0.0,95044.43999999994,95044.44,0,16,0,1,0,0,0,0
5.691237447153906,295.26,0.0,0.0,944165.83,944461.09,295.26,0.0,0.0,295.2600000000093,295.26,0,17,0,1,0,0,0,0
12.551181054260814,282427.6,19863.0,0.0,0.0,282427.6,262564.6,0.0,19863.0,282427.6,14.218062827225129,0,19,0,1,0,0,0,0
13.005177393477085,444708.88,51689.0,0.0,352661.59,1002856.87,393019.88,-205486.40000000002,51689.0,650195.28,8.603383246275875,0,8,0,1,0,0,0,0
9.790758287540868,17866.85,11434.0,29300.85,131081.47,113214.61,35733.7,35733.71000000001,-17866.85,-17866.86,1.5624704853519893,0,19,1,0,0,0,0,0
10.923830324387058,55481.91,0.0,0.0,1791336.08,1846817.99,55481.91,0.0,0.0,55481.909999999916,55481.91,0,22,0,1,0,0,0,0
8.542940856998511,5129.41,49805.0,44675.59,116098.9,121228.31,0.0,0.0,5129.4100000000035,5129.4100000000035,0.10298779263542544,0,20,0,1,0,0,0,0
13.470047835770991,707891.72,0.0,0.0,5042773.19,5750664.92,707891.72,-0.009999999776482582,0.0,707891.7299999995,707891.72,0,10,0,0,0,0,1,0
12.095069741495895,178986.23,671327.12,850313.36,301886.98,122900.75,357972.47,357972.45999999996,-178986.24,-178986.22999999998,0.2666151240618373,0,19,1,0,0,0,0,0
12.484433964403417,264191.68,5113.0,269304.68,74629.36,0.0,528383.36,338821.04,-264191.68,-74629.36,51.660477121626904,0,11,1,0,0,0,0,0
12.216697155014444,202135.23,13669893.02,13872028.25,280929.67,78794.44,404270.4600000009,404270.46,-202135.23000000045,-202135.22999999998,0.014786890791125535,0,11,1,0,0,0,0,0
9.07497644414135,8732.98,0.0,0.0,0.0,0.0,8732.98,8732.98,0.0,0.0,8732.98,1,15,0,0,0,1,0,0
8.807682818994172,6684.41,156685.0,150000.59,0.0,0.0,0.0,6684.41,6684.4100000000035,0.0,0.042661182237085635,1,9,0,0,0,1,0,0
11.87885427946817,144184.26,0.0,0.0,340917.87,485102.13,144184.26,0.0,0.0,144184.26,144184.26,0,19,0,1,0,0,0,0
9.24433591923414,10344.8,12468.0,2123.2,0.0,0.0,0.0,10344.8,10344.8,0.0,0.8296415109471489,1,15,0,0,0,1,0,0
10.579927948729123,39336.28,0.0,0.0,2012492.4,2051828.67,39336.28,0.010000000009313226,0.0,39336.27000000002,39336.28,0,16,0,1,0,0,0,0
8.188889104446867,3599.72,111456.95,107857.23,0.0,0.0,0.0,3599.72,3599.720000000001,0.0,0.03229666434740635,1,18,0,0,0,1,0,0
9.92999899785185,20536.32,315279.98,294743.66,0.0,0.0,0.0,20536.32,20536.320000000007,0.0,0.06513656485081974,1,20,0,0,0,1,0,0
9.272476321749199,10640.07,2488.0,0.0,0.0,0.0,8152.07,10640.07,2488.0,0.0,4.274837284049819,1,14,0,0,0,1,0,0
8.048743554099348,3128.86,14727.0,11598.14,0.0,0.0,0.0,3128.86,3128.8600000000006,0.0,0.2124429657794677,1,23,0,0,0,1,0,0
8.783584720173044,6525.23,0.0,0.0,0.0,0.0,6525.23,6525.23,0.0,0.0,6525.23,1,18,0,0,0,1,0,0
12.416685859033695,246885.96,0.0,0.0,749229.96,996115.92,246885.96,-1.1641532182693481e-10,0.0,246885.96000000008,246885.96,0,11,0,1,0,0,0,0
8.458495711468476,4713.96,0.0,0.0,0.0,0.0,4713.96,4713.96,0.0,0.0,4713.96,1,14,0,0,0,1,0,0
12.887355750444984,395281.41,5647541.57,6042822.98,653059.46,257778.05,790562.8200000003,790562.8199999998,-395281.41000000015,-395281.41,0.0699917539532597,0,14,1,0,0,0,0,0
8.745383187979265,6280.62,0.0,0.0,0.0,0.0,6280.62,6280.62,0.0,0.0,6280.62,1,19,0,0,0,1,0,0
8.763700081984448,6396.74,72751.0,66354.26,0.0,0.0,0.0,6396.74,6396.740000000005,0.0,0.08792528040466241,1,0,0,0,0,1,0,0
9.351722739882891,11517.65,880.9,0.0,0.0,0.0,10636.75,11517.65,880.9,0.0,13.060040820954757,1,20,0,0,0,1,0,0
9.44892410777827,12693.5,108362.5,95669.0,0.0,0.0,0.0,12693.5,12693.5,0.0,0.11713815076109575,1,16,0,0,0,1,0,0
12.6171784151534,301695.98,38082.0,0.0,814946.11,1116642.09,263613.98,-2.3283064365386963e-10,38082.0,301695.9800000001,7.922064438200771,0,15,0,1,0,0,0,0
11.252306137214788,77056.42,7199525.58,7276582.0,481329.3,404272.88,154112.83999999985,154112.83999999997,-77056.41999999993,-77056.41999999998,0.01070298430650422,0,12,1,0,0,0,0,0
10.208087580911576,27120.65,103068.0,75947.35,0.0,27120.65,0.0,0.0,27120.649999999994,27120.65,0.26313100932385103,0,15,0,1,0,0,0,0
8.006850784215649,3000.45,0.0,0.0,0.0,0.0,3000.45,3000.45,0.0,0.0,3000.45,1,9,0,0,0,1,0,0
9.408796070688693,12194.18,0.0,0.0,317739.94,329934.13,12194.18,-0.010000000009313226,0.0,12194.190000000002,12194.18,0,10,0,1,0,0,0,0
9.3994993336844,12081.33,475332.64,463251.31,0.0,0.0,0.0,12081.33,12081.330000000016,0.0,0.02541652637923964,1,9,0,0,0,1,0,0
11.766192396985645,128821.71,2749159.69,2877981.41,144446.53,15624.82,257643.43000000017,257643.41999999998,-128821.7200000002,-128821.70999999999,0.04685855958459817,0,16,1,0,0,0,0,0
12.018259075200563,165752.84,54843.0,0.0,0.0,165752.84,110909.84,0.0,54843.0,165752.84,3.022260229013201,0,16,0,1,0,0,0,0
8.879905275098748,7185.11,44029.93,36844.82,0.0,0.0,0.0,7185.11,7185.110000000001,0.0,0.16318324414224272,1,14,0,0,0,1,0,0
12.479146891314175,262798.56,157728.0,420526.56,262388.82,0.0,525597.12,525187.38,-262798.56,-262388.82,1.6661397713800252,0,17,1,0,0,0,0,0
11.477214656887144,96490.93,0.0,0.0,782747.08,879238.01,96490.93,0.0,0.0,96490.93000000005,96490.93,0,17,0,1,0,0,0,0
7.784186053429919,2401.31,7579.0,5177.69,239775.94,242177.25,0.0,0.0,2401.3100000000004,2401.3099999999977,0.3167955145118733,0,18,0,0,1,0,0,0
13.079719077660702,479125.09,101420.0,0.0,0.0,479125.09,377705.09,0.0,101420.0,479125.09,4.724121138620207,0,11,0,1,0,0,0,0
11.175766272448833,71378.52,3622.0,0.0,0.0,71378.52,67756.52,0.0,3622.0,71378.52,19.701495997791888,0,22,0,1,0,0,0,0
8.361413852710493,4277.74,139489.2,135211.46,0.0,0.0,-2.9103830456733704e-11,4277.74,4277.74000000002,0.0,0.030666957248609576,1,19,0,0,0,1,0,0
5.740210831269753,310.13,236.0,0.0,0.0,0.0,74.13,310.13,236.0,0.0,1.3085654008438818,1,9,0,0,0,1,0,0
12.260177708189719,211118.1,6681814.44,6892932.55,384427.51,296722.17,422236.20999999903,298823.44,-211118.1099999994,-87705.34000000003,0.03159591908752272,0,19,1,0,0,0,0,0
10.232617183802015,27794.16,13308.0,0.0,4358645.72,4404761.11,14486.16,-18321.230000000447,13308.0,46115.390000000596,2.0883732812382596,0,18,0,1,0,0,0,0
12.48517587470959,264387.76,188.0,0.0,0.0,264387.76,264199.76,0.0,188.0,264387.76,1398.877037037037,0,15,0,1,0,0,0,0
11.664418588048257,116356.03,40879.0,0.0,0.0,116356.03,75477.03,0.0,40879.0,116356.03,2.8462825342465754,0,12,0,1,0,0,0,0
13.977271409693692,1175578.07,4015.0,0.0,0.0,1175578.07,1171563.07,0.0,4015.0,1175578.07,292.7236230079682,0,14,0,0,0,0,1,0
9.945975518554905,20867.07,1059543.57,1080410.64,5437510.69,5416643.62,41734.1399999999,41734.140000000596,-20867.069999999832,-20867.070000000298,0.019694376801912165,0,21,1,0,0,0,0,0
9.242926625693292,10330.23,85440.35,75110.12,0.0,0.0,-1.4551915228366852e-11,10330.23,10330.23000000001,0.0,0.12090433964350983,1,10,0,0,0,1,0,0
11.34051198071083,84162.11,300932.0,216769.89,3729713.98,3813876.09,0.0,0.0,84162.10999999999,84162.10999999987,0.27967059112825776,0,12,0,1,0,0,0,0
11.602687555276752,109390.4,3151.0,0.0,302848.44,412238.84,106239.4,-5.820766091346741e-11,3151.0,109390.40000000002,34.70507614213198,0,22,0,1,0,0,0,0
12.326528993589532,225601.3,130.0,0.0,141019.54,366620.84,225471.3,-5.820766091346741e-11,130.0,225601.30000000002,1722.1473282442748,0,12,0,1,0,0,0,0
7.9690740629039505,2889.18,0.0,0.0,0.0,0.0,2889.18,2889.18,0.0,0.0,2889.18,1,14,0,0,0,1,0,0
9.564698133319746,14251.65,100296.0,86044.35,0.0,0.0,0.0,14251.65,14251.649999999994,0.0,0.1420944793961933,1,14,0,0,0,1,0,0
11.75818293128049,127794.03,426090.0,553884.03,434719.72,306925.69,255588.06000000006,255588.06,-127794.03000000003,-127794.02999999997,0.2999219180879202,0,21,1,0,0,0,0,0
11.516781520821588,100385.35,1122369.39,1222754.74,119262.4,18877.05,200770.7000000002,200770.7,-100385.3500000001,-100385.34999999999,0.08944048319022388,0,17,1,0,0,0,0,0
9.14006596538808,9320.38,186.78,0.0,0.0,0.0,9133.599999999999,9320.38,186.78,0.0,49.63457237192459,1,20,0,0,0,1,0,0
12.5612473947393,285284.98,37231.0,0.0,0.0,285284.98,248053.97999999998,0.0,37231.0,285284.98,7.662359798023205,0,11,0,1,0,0,0,0
12.690317325429993,324588.74,0.0,0.0,3763229.16,4087817.9,324588.74,4.656612873077393e-10,0.0,324588.73999999976,324588.74,0,12,0,0,0,0,1,0
10.507257742064805,36579.03,0.0,0.0,1345715.39,1382294.42,36579.03,0.0,0.0,36579.03000000003,36579.03,0,12,0,1,0,0,0,0
11.002871376827402,60045.31,0.0,0.0,119275.8,179321.12,60045.31,-0.010000000009313226,0.0,60045.31999999999,60045.31,0,17,0,1,0,0,0,0
9.297018860231171,10904.46,4166.0,0.0,0.0,0.0,6738.459999999999,10904.46,4166.0,0.0,2.6168610511159107,1,0,0,0,0,1,0,0
12.41604884652858,246728.74,9960.0,0.0,326465.41,573194.14,236768.74,0.009999999892897904,9960.0,246728.73000000004,24.769474952314024,0,15,0,1,0,0,0,0
12.771485682611516,352033.93,50254.0,0.0,0.0,352033.93,301779.93,0.0,50254.0,352033.93,7.00495333797632,0,18,0,1,0,0,0,0
8.685042190820178,5912.79,0.0,0.0,0.0,0.0,5912.79,5912.79,0.0,0.0,5912.79,1,18,0,0,0,1,0,0
13.460139406575676,700912.25,31659.0,0.0,1166496.5,1867408.75,669253.25,0.0,31659.0,700912.25,22.138731838281743,0,12,0,0,0,0,1,0
8.037850084708406,3094.95,382017.45,378922.5,0.0,0.0,0.0,3094.95,3094.9500000000116,0.0,0.00810157205757994,1,20,0,0,0,1,0,0
12.576865836341726,289775.68,389961.09,100185.41,5246348.18,5536123.86,-5.820766091346741e-11,-9.313225746154785e-10,289775.68000000005,289775.68000000063,0.7430867959498318,0,15,0,0,0,0,1,0
10.702257689313363,44455.11,50082.0,5626.89,47143.18,15948.26,0.0,75650.03000000001,44455.11,-31194.92,0.8876287362977457,0,19,0,1,0,0,0,0
8.802260849262533,6648.26,51011.0,44362.74,0.0,0.0,0.0,6648.26,6648.260000000002,0.0,0.13032737395122718,1,22,0,0,0,1,0,0
9.424213888983047,12383.66,283304.0,270920.34,1017801.79,280233.53,0.0,749951.92,12383.659999999974,-737568.26,0.043711406434761124,0,14,0,1,0,0,0,0
11.231927404656863,75501.98,1145392.49,1220894.47,1164766.06,1089264.09,151003.95999999996,151003.94999999995,-75501.97999999998,-75501.96999999997,0.0659179405673067,0,19,1,0,0,0,0,0
11.51555959260781,100262.76,6042524.62,6142787.38,245148.73,144885.97,200525.51999999955,200525.52,-100262.75999999978,-100262.76000000001,0.01659285641555956,0,14,1,0,0,0,0,0
11.89620740253622,146708.16,31403.0,0.0,746086.44,892794.59,115305.16,0.010000000009313226,31403.0,146708.15000000002,4.671639281620176,0,11,0,1,0,0,0,0
11.91818208467953,149967.73,0.0,0.0,449745.96,599713.69,149967.73,1.1641532182693481e-10,0.0,149967.72999999992,149967.73,0,16,0,1,0,0,0,0
8.455664536084617,4700.63,0.0,0.0,405310.84,410011.47,4700.63,5.820766091346741e-11,0.0,4700.629999999946,4700.63,0,11,0,1,0,0,0,0
12.058284274888837,172521.73,82979.0,0.0,0.0,172521.73,89542.73000000001,0.0,82979.0,172521.73,2.07907604241986,0,19,0,1,0,0,0,0
8.580785640168427,5327.29,0.0,0.0,0.0,0.0,5327.29,5327.29,0.0,0.0,5327.29,1,20,0,0,0,1,0,0
8.217354863514348,3703.69,0.0,0.0,0.0,0.0,3703.69,3703.69,0.0,0.0,3703.69,1,16,0,0,0,1,0,0
12.66519529099962,316535.96,129265.21,0.0,1325471.15,1542558.21,187270.75,99448.8999999999,129265.21,217087.06000000006,2.4487138595615976,0,13,0,0,0,0,1,0
12.05148541209392,171352.75,19808.0,0.0,82602.12,253954.87,151544.75,0.0,19808.0,171352.75,8.650247362310061,0,20,0,1,0,0,0,0
12.114200638430457,182443.38,4552756.04,4735199.42,4183149.45,4000706.06,364886.7599999998,364886.77,-182443.3799999999,-182443.39000000013,0.04007316410629283,0,18,1,0,0,0,0,0
10.139923171608565,25333.52,4889.0,0.0,0.0,0.0,20444.52,25333.52,4889.0,0.0,5.180678936605317,1,11,0,0,0,1,0,0
11.36316027149165,86090.01,0.0,0.0,4342078.27,4428168.28,86090.01,-9.313225746154785e-10,0.0,86090.01000000071,86090.01,0,12,0,1,0,0,0,0
12.15865310163149,190736.44,25170.0,0.0,190892.97,381629.41,165566.44,5.820766091346741e-11,25170.0,190736.43999999997,7.577626633824639,0,16,0,1,0,0,0,0
12.646240970561218,310592.72,26283.0,0.0,230264.74,540857.46,284309.72,0.0,26283.0,310592.72,11.816798052046872,0,19,0,1,0,0,0,0
12.032439951005024,168120.12,13734.0,0.0,162551.77,330671.9,154386.12,-0.010000000009313226,13734.0,168120.13000000003,12.240270840917365,0,23,0,1,0,0,0,0
12.221232009544764,203053.97,0.0,0.0,4321856.68,4524910.65,203053.97,-9.313225746154785e-10,0.0,203053.97000000067,203053.97,0,12,0,1,0,0,0,0
9.898121681967675,19891.97,0.0,0.0,0.0,0.0,19891.97,19891.97,0.0,0.0,19891.97,1,17,0,0,0,1,0,0
11.783551964514528,131077.54,1451346.1,1582423.65,8460295.42,8329217.87,262155.08999999985,262155.0899999989,-131077.5499999998,-131077.5499999998,0.09031439825800458,0,21,1,0,0,0,0,0
10.526260819123088,37280.81,0.0,0.0,2040541.87,2077822.68,37280.81,2.3283064365386963e-10,0.0,37280.80999999982,37280.81,0,15,0,1,0,0,0,0
11.617260885397425,110996.27,40093.0,151089.27,0.0,0.0,221992.53999999998,110996.27,-110996.26999999999,0.0,2.7684010076320646,1,13,1,0,0,0,0,0
12.2634479941714,211809.65,16624.0,0.0,0.0,211809.65,195185.65,0.0,16624.0,211809.65,12.74043007518797,0,14,0,1,0,0,0,0
12.075104935290451,175448.22,0.0,0.0,430514.0,605962.22,175448.22,0.0,0.0,175448.21999999997,175448.22,0,11,0,1,0,0,0,0
12.21052472032141,200891.4,27286409.84,27487301.24,2348913.78,2148022.38,401782.799999997,401782.7999999998,-200891.3999999985,-200891.3999999999,0.007362324095241835,0,11,1,0,0,0,0,0
12.37819208727598,237562.94,0.0,0.0,1052295.53,1289858.47,237562.94,0.0,0.0,237562.93999999994,237562.94,0,19,0,1,0,0,0,0
9.939670000987906,20735.9,51715.0,30979.1,497020.23,517756.13,0.0,0.0,20735.9,20735.900000000023,0.4009571505916931,0,21,0,1,0,0,0,0
13.147354930673336,512652.23,7302398.25,7815050.48,727574.1,214921.87,1025304.4600000009,1025304.4600000001,-512652.23000000045,-512652.23,0.07020325956568316,0,1,1,0,0,0,0,0
11.470182042355393,95814.72,100574.0,4759.28,862504.76,958319.48,0.0,0.0,95814.72,95814.71999999997,0.9526693512304251,0,10,0,1,0,0,0,0
8.274831142169068,3922.86,0.0,0.0,0.0,0.0,3922.86,3922.86,0.0,0.0,3922.86,1,20,0,0,0,1,0,0
9.361873629339927,11635.17,4497.0,0.0,0.0,0.0,7138.17,11635.17,4497.0,0.0,2.5867429968875055,1,21,0,0,0,1,0,0
11.249390685717517,76832.09,0.0,0.0,111619.85,188451.94,76832.09,0.0,0.0,76832.09,76832.09,0,14,0,1,0,0,0,0
10.936117967823673,56167.87,7757486.51,7813654.38,64135.49,7967.62,112335.74000000022,112335.74,-56167.87000000011,-56167.869999999995,0.007240471857363004,0,23,1,0,0,0,0,0
7.389576306905843,1618.02,0.0,0.0,51715.04,53333.05,1618.02,0.00999999999476131,0.0,1618.010000000002,1618.02,0,15,0,1,0,0,0,0
12.755555554522969,346470.4,0.0,0.0,10472994.38,10819464.77,346470.4,0.010000001639127731,0.0,346470.38999999873,346470.4,0,23,0,1,0,0,0,0
9.921346134537439,20359.38,0.0,0.0,0.0,0.0,20359.38,20359.38,0.0,0.0,20359.38,1,19,0,0,0,1,0,0
12.290572512985042,217633.54,4525.0,0.0,408488.11,626121.65,213108.54,0.0,4525.0,217633.54000000004,48.08518338488732,0,15,0,1,0,0,0,0
12.836864200701081,375818.48,705.0,0.0,0.0,375818.48,375113.48,0.0,705.0,375818.48,532.3207932011331,0,16,0,1,0,0,0,0
9.376552024970337,11807.23,16123.7,27930.92,1026350.22,836192.84,23614.449999999993,201964.61,-11807.219999999998,-190157.38,0.7322449409911501,0,15,1,0,0,0,0,0
